reportingrailroadcode,reportingrailroadname,report_year,incidentnumber,accidentyear,accidentmonth,maintenancerailroadcode,maintenancerailroadname,maintenanceaccidentnumber,maintenanceaccidentyear,maintenanceaccidentmonth,day,date,time,accident_type_code,accidenttype,hazmatcars,hazmatcarsdamaged,hazmatreleasedcars,personsevacuated,divisioncode,division,station,milepost,statecode,stateabbr,statename,countycode,countyname,district,temperature,visibilitycode,visibility,weather_condition_code,weathercondition,track_type_code,tracktype,trackname,trackclass,train_direction_code,traindirection,equipment_type_code,equipmenttype,equipmentattended,trainnumber,trainspeed,recordedestimatedspeed,maximumspeed,grosstonnage,method_of_operation_code,firstcarinitials,firstcarnumber,firstcarposition,firstcarloaded,causingcarinitials,causingcarnumber,causingcarposition,causingcarloaded,passengerstransported,headendlocomotives,midtrainmanuallocomotives,midtrainremotelocomotives,rearendmanuallocomotives,rearendremotelocomotives,derailedheadendlocomotives,derailedmidtrainmanuallo,derailedmidtrainremotelo,derailedrearendmanualloc,derailedrearendremoteloc,loadedfreightcars,loadedpassengercars,emptyfreightcars,emptypassengercars,cabooses,derailedloadedfreightcars,derailedloadedpassengercars,derailedemptyfreightcars,derailedemptypassengercars,derailedcabooses,equipmentdamagecost,trackdamagecost,totaldamagecost,primaryaccidentcausecode,primaryaccidentcause,accidentcausecode,accidentcause,engineersonduty,conductorsonduty,brakemenonduty,hoursengineersonduty,minutesengineersonduty,hoursconductorsonduty,minutesconductorsonduty,railroademployeeskilled,railroademployeesinjured,passengerskilled,passengersinjured,otherskilled,othersinjured,personskilledforreportin,personsinjuredforreporti,totalpersonskilled,totalpersonsinjured,totalkilledform54,totalinjuredform54,narrative,jointtracktype,jointtrackclass,classcode,class,jointcd,incidentkey,reportkey,reporting_railroad_company_grouping,reporting_railroad_class,reporting_railroad_smt_grouping,reporting_parent_railroad_company_code,reporting_parent_railroad_company_name,reporting_railroad_holding_company,maintenance_railroad_company_grouping,maintenance_railroad_class,maintenance_railroad_smt_grouping,maintenance_parent_railroad_company_code,maintenance_parent_railroad_company_name,maintenance_railroad_holding_company,trackdensity,firemenonduty,gxid,contributingaccidentcausecode,contributingaccidentcause,subdivision,signalization_code,signalization,methodofoperation,adjunct_1,adjunctcode1,remote_control_locomotive_code,remotecontrollocomotive,specialstudy1,latitude,longitude,adjunct_2,adjunctcode2,positivealcoholtests,positivedrugtests,specialstudy2,adjunct_3,adjunctcode3,otherrailroadcode,otherrailroadname,otheraccidentnumber,accidentyearother,accidentmonthother,other_railroad_company_grouping,other_railroad_class,other_railroad_smt_grouping,other_parent_railroad_company_code,other_parent_railroad_company_name,other_railroad_holding_company
LI,Long Island Rail Road,1998,EQ980104,98,01,LI,Long Island Rail Road,EQ980104,98,01,01,1998-01-01,10:10 PM,01,Derailment,0.0,0.0,0.0,0.0,SYSTEM,SYSTEM,PORT WASHINGTON,18.1,36,NY,NEW YORK,59,NASSAU,1,30.0,4,Dark,1,Clear,2,Yard,2 STATION,1,3,East,2,Passenger Train - Pulling,Yes,6474,8,Estimated,8,0.0,ADIMN,LI,009241,8,No,,,0,,Yes,1.0,0.0,0.0,0.0,0.0,0.0,0.0,0.0,0.0,0.0,0.0,5.0,0.0,2.0,0.0,0.0,0.0,0.0,2.0,0.0,55264.0,19593.0,74857.0,M599,Other miscellaneous causes (Provide detailed description in narrative),M599,Other miscellaneous causes (Provide detailed description in narrative),1,1,1,5,25,5,25,0.0,0.0,0.0,0.0,0.0,0.0,0.0,0.0,0.0,0.0,0.0,0.0,THIS ACCIDENT WAS A WHEEL CLIMB DERAILMENT CAUSED BY HIGH LATERAL FORCES.  INCREASED RAIL LUBRICATION ON THIS CURVED PORTION OF RAIL HAS BEEN IMPLEMENTED TO CONTROL L/V RATIO TO AN ACCEPTABLE LEVEL.NoneNoneNoneNoneNoneNoneNoneNoneNoneNoneNoneNoneNone,Yard,1,3L,3L,1,LIEQ980104199801,LIEQ980104199801,Passenger (Formerly Commuter),Class 3,"SMT-1 - Amtrak and Commuter East, some Tourist/Historic",LI,Long Island Rail Road,Not Assigned,Passenger (Formerly Commuter),Class 3,"SMT-1 - Amtrak and Commuter East, some Tourist/Historic",LI,Long Island Rail Road,Not Assigned,,,,,,,,,,,,,,,,,,,,,,,,,,,,,,,,,,
LI,Long Island Rail Road,1998,EQ980104,98,01,LI,Long Island Rail Road,EQ980104,98,01,01,1998-01-01,10:10 PM,01,Derailment,0.0,0.0,0.0,0.0,SYSTEM,SYSTEM,PORT WASHINGTON,18.1,36,NY,NEW YORK,59,NASSAU,1,30.0,4,Dark,1,Clear,2,Yard,2 STATION,1,3,East,2,Passenger Train - Pulling,Yes,6474,8,Estimated,8,0.0,ADIMN,LI,009241,8,No,,,0,,Yes,1.0,0.0,0.0,0.0,0.0,0.0,0.0,0.0,0.0,0.0,0.0,5.0,0.0,2.0,0.0,0.0,0.0,0.0,2.0,0.0,55264.0,19593.0,74857.0,M599,Other miscellaneous causes (Provide detailed description in narrative),M599,Other miscellaneous causes (Provide detailed description in narrative),1,1,1,5,25,5,25,0.0,0.0,0.0,0.0,0.0,0.0,0.0,0.0,0.0,0.0,0.0,0.0,THIS ACCIDENT WAS A WHEEL CLIMB DERAILMENT CAUSED BY HIGH LATERAL FORCES.  INCREASED RAIL LUBRICATION ON THIS CURVED PORTION OF RAIL HAS BEEN IMPLEMENTED TO CONTROL L/V RATIO TO AN ACCEPTABLE LEVEL.NoneNoneNoneNoneNoneNoneNoneNoneNoneNoneNoneNoneNone,Yard,1,3L,3L,1,LIEQ980104199801,LIEQ980104199801,Passenger (Formerly Commuter),Class 3,"SMT-1 - Amtrak and Commuter East, some Tourist/Historic",LI,Long Island Rail Road,Not Assigned,Passenger (Formerly Commuter),Class 3,"SMT-1 - Amtrak and Commuter East, some Tourist/Historic",LI,Long Island Rail Road,Not Assigned,,,,,,,,,,,,,,,,,,,,,,,,,,,,,,,,,,
LI,Long Island Rail Road,1996,EQ961213,96,12,LI,Long Island Rail Road,EQ961213,96,12,28,1996-12-28,9:20 AM,12,Other impacts,0.0,0.0,0.0,0.0,SYSTEM,SYSTEM,BABYLON,36.8,36,NY,NEW YORK,103,SUFFOLK,1,45.0,2,Day,1,Clear,2,Yard,15 BABYLON YARD,1,3,East,7,Yard/switching,Yes,YER3,2,Estimated,2,0.0,NM,LI,009121,1,No,,,,,No,1.0,0.0,0.0,0.0,0.0,0.0,0.0,0.0,0.0,0.0,0.0,0.0,0.0,5.0,0.0,0.0,0.0,0.0,0.0,0.0,15118.0,0.0,15118.0,H312,Passed couplers (other than automated classification yard)  [Desc.Changed-Refer to Current/Prev.Guid,H312,Passed couplers (other than automated classification yard)  [Desc.Changed-Refer to Current/Prev.Guid,1,1,0,2,21,2,21,0.0,0.0,0.0,0.0,0.0,0.0,0.0,0.0,0.0,0.0,0.0,0.0,"YARD DRILL CREW FAILED TO ENSURE THAT COUPLERS WERE PROPERLY ALIGNED PRIOR TO ATTEMPTING HITCH, RESULTING IN COLLISION AND DAMAGE TO THE ELECTRONIC COUPLER OF CAR 9121.NoneNoneNoneNoneNoneNoneNoneNoneNoneNoneNoneNoneNone",Yard,1,3L,3L,1,LIEQ961213199612,LIEQ961213199612,Passenger (Formerly Commuter),Class 3,"SMT-1 - Amtrak and Commuter East, some Tourist/Historic",LI,Long Island Rail Road,Not Assigned,Passenger (Formerly Commuter),Class 3,"SMT-1 - Amtrak and Commuter East, some Tourist/Historic",LI,Long Island Rail Road,Not Assigned,,0,,,,,,,,,,,,,,,,,,,,,,,,,,,,,,,,
LI,Long Island Rail Road,1996,EQ961103,96,11,LI,Long Island Rail Road,EQ961103,96,11,07,1996-11-07,4:14 PM,11,Fire/violent rupture,0.0,0.0,0.0,0.0,SYSTEM,SYSTEM,MALVERNE,17.9,36,NY,NEW YORK,59,NASSAU,1,58.0,2,Day,2,Cloudy,1,Main,WEST HEMPSTEAD MAIN,4,4,West,2,Passenger Train - Pulling,Yes,953,50,Estimated,50,0.0,OI,LI,009204,2,No,LI,009204,2,No,Yes,1.0,0.0,0.0,0.0,0.0,0.0,0.0,0.0,0.0,0.0,0.0,4.0,0.0,1.0,0.0,0.0,0.0,0.0,0.0,0.0,85523.0,482.0,86005.0,E74L,Electrically caused fire (LOCOMOTIVE),E74L,Electrically caused fire (LOCOMOTIVE),1,1,1,0,27,0,27,0.0,0.0,0.0,0.0,0.0,0.0,0.0,0.0,0.0,0.0,0.0,0.0,MECHANICAL FAILURE - OVERLOADED CIRCUIT BREAKER OF CAR GROUP RESULTED IN ELECTRICAL FIRE IN CAR #9204.NoneNoneNoneNoneNoneNoneNoneNoneNoneNoneNoneNoneNone,Main,4,3L,3L,1,LIEQ961103199611,LIEQ961103199611,Passenger (Formerly Commuter),Class 3,"SMT-1 - Amtrak and Commuter East, some Tourist/Historic",LI,Long Island Rail Road,Not Assigned,Passenger (Formerly Commuter),Class 3,"SMT-1 - Amtrak and Commuter East, some Tourist/Historic",LI,Long Island Rail Road,Not Assigned,,0,,,,,,,,,,,,,,,,,,,,,,,,,,,,,,,,
LI,Long Island Rail Road,1996,EQ961008,96,10,LI,Long Island Rail Road,EQ961008,96,10,31,1996-10-31,11:08 PM,01,Derailment,0.0,0.0,0.0,0.0,SYSTEM,SYSTEM,YAPHANK,59.0,36,NY,NEW YORK,103,SUFFOLK,1,50.0,4,Dark,2,Cloudy,3,Siding,YA-PASSING SIDING,1,4,West,1,Freight Train,Yes,RF90,4,Estimated,4,0.0,ONM,GR,588272,4,Yes,,,,,No,1.0,0.0,0.0,0.0,0.0,0.0,0.0,0.0,0.0,0.0,5.0,0.0,8.0,0.0,0.0,2.0,0.0,0.0,0.0,0.0,988.0,8084.0,9072.0,H702,Switch improperly lined,H702,Switch improperly lined,1,1,1,3,8,3,8,0.0,0.0,0.0,0.0,0.0,0.0,0.0,0.0,0.0,0.0,0.0,0.0,"ENGINEER FAILED TO OBSERVE THAT SWITCH WAS NOT PROPERLY LINED, TRAIN TRAILED THROUGH SWITCH.NoneNoneNoneNoneNoneNoneNoneNoneNoneNoneNoneNoneNoneNone",Siding,1,3L,3L,1,LIEQ961008199610,LIEQ961008199610,Passenger (Formerly Commuter),Class 3,"SMT-1 - Amtrak and Commuter East, some Tourist/Historic",LI,Long Island Rail Road,Not Assigned,Passenger (Formerly Commuter),Class 3,"SMT-1 - Amtrak and Commuter East, some Tourist/Historic",LI,Long Island Rail Road,Not Assigned,,0,,,,,,,,,,,,,,,,,,,,,,,,,,,,,,,,
LI,Long Island Rail Road,1996,EQ961006,96,10,LI,Long Island Rail Road,EQ961006,96,10,26,1996-10-26,11:25 PM,09,Obstruction,0.0,0.0,0.0,0.0,SYSTEM,SYSTEM,LONG BEACH,22.1,36,NY,NEW YORK,59,NASSAU,1,61.0,4,Dark,1,Clear,2,Yard,4 STATION TRACK,1,3,East,4,Work train,Yes,154,5,Estimated,5,0.0,NM,LI,000154,1,No,,,,,No,1.0,0.0,0.0,0.0,1.0,0.0,0.0,0.0,0.0,1.0,1.0,0.0,0.0,0.0,0.0,0.0,0.0,0.0,0.0,0.0,94074.0,188.0,94262.0,H999,Other train operation/human factors (Provide detailed description in narrative),H999,Other train operation/human factors (Provide detailed description in narrative),2,1,0,3,25,3,25,0.0,0.0,0.0,0.0,0.0,0.0,0.0,0.0,0.0,0.0,0.0,0.0,ENGINEER FAILED TO COMPLY WITH TIMETABLE SPECIAL INSTRUCTION (1038I) RESTRICTING LOCOMOTIVE OPERATION ON STATION TRACK LOCATION RESULTING IN ENGINE 154 STRIKING STATION CANOPY.NoneNoneNoneNoneNoneNoneNoneNoneNoneNoneNoneNoneNone,Yard,1,3L,3L,1,LIEQ961006199610,LIEQ961006199610,Passenger (Formerly Commuter),Class 3,"SMT-1 - Amtrak and Commuter East, some Tourist/Historic",LI,Long Island Rail Road,Not Assigned,Passenger (Formerly Commuter),Class 3,"SMT-1 - Amtrak and Commuter East, some Tourist/Historic",LI,Long Island Rail Road,Not Assigned,,0,,,,,,,,,,,,,,,,,,,,,,,,,,,,,,,,
LI,Long Island Rail Road,1996,EQ960901,96,09,LI,Long Island Rail Road,EQ960901,96,09,03,1996-09-03,1:30 AM,04,Side collision,0.0,0.0,0.0,0.0,SYSTEM,SYSTEM,SPEONK,71.6,36,NY,NEW YORK,103,SUFFOLK,1,65.0,4,Dark,1,Clear,2,Yard,SPEONK YARD 4,1,4,West,8,Light loco(s),Yes,8742,5,Estimated,5,0.0,NM,LI,000265,1,,,,,,No,1.0,0.0,0.0,1.0,0.0,0.0,0.0,0.0,0.0,0.0,0.0,0.0,0.0,0.0,0.0,0.0,0.0,0.0,0.0,0.0,2813.0,0.0,6343.0,H302,Cars left foul,H302,Cars left foul,1,1,1,4,50,4,50,0.0,0.0,0.0,0.0,0.0,0.0,0.0,0.0,0.0,0.0,0.0,0.0,EXTRA (ENGINE) 166 EAST LEFT ON NUMBER 5 TRACK AT SPEONK YARD FOULING NUMBER 4 TRACK RESULTING IN SIDE COLLISION WITH ENGINE NUMBER 265 (AS YARD MOVE WAS BEING MADE).NoneNoneNoneNoneNoneNoneNoneNoneNoneNoneNoneNoneNone,Yard,1,3L,3L,1,LIEQ960901199609,LIEQ960901199609,Passenger (Formerly Commuter),Class 3,"SMT-1 - Amtrak and Commuter East, some Tourist/Historic",LI,Long Island Rail Road,Not Assigned,Passenger (Formerly Commuter),Class 3,"SMT-1 - Amtrak and Commuter East, some Tourist/Historic",LI,Long Island Rail Road,Not Assigned,,0,,,,,,,,,,,,,,,,,,,,,,,,,,,,,,,,
LI,Long Island Rail Road,1996,EQ960901,96,09,LI,Long Island Rail Road,EQ960901,96,09,03,1996-09-03,1:30 AM,04,Side collision,0.0,0.0,0.0,0.0,SYSTEM,SYSTEM,SPEONK,71.6,36,NY,NEW YORK,103,SUFFOLK,1,65.0,4,Dark,1,Clear,2,Yard,SPEONK YARD 5,1,3,East,8,Light loco(s),Yes,166E,0,Estimated,5,0.0,NM,LI,000166,1,,,,,,No,1.0,0.0,0.0,0.0,0.0,0.0,0.0,0.0,0.0,0.0,0.0,0.0,0.0,0.0,0.0,0.0,0.0,0.0,0.0,0.0,3530.0,0.0,6343.0,H302,Cars left foul,H302,Cars left foul,1,0,0,9,30,,,0.0,0.0,0.0,0.0,0.0,0.0,0.0,0.0,0.0,0.0,0.0,0.0,"EXTRA (ENGINE) 166 EAST LEFT ON NUMBER 5 TRACK AT SPEONK YARD FOULING NUMBER 4 TRACK, RESULTING IN SIDE COLLISION WITH ENGINE NUMBER 265, AS CREW OF 8742 MADE YARD MOVE.NoneNoneNoneNoneNoneNoneNoneNoneNoneNoneNoneNoneNone",Yard,1,3L,3L,3,LIEQ960901199609,LIEQ960901199609,Passenger (Formerly Commuter),Class 3,"SMT-1 - Amtrak and Commuter East, some Tourist/Historic",LI,Long Island Rail Road,Not Assigned,Passenger (Formerly Commuter),Class 3,"SMT-1 - Amtrak and Commuter East, some Tourist/Historic",LI,Long Island Rail Road,Not Assigned,,0,,,,,,,,,,,,,,,,,,,,,,,,,,,,,,,,
LI,Long Island Rail Road,1996,EQ960912,96,09,LI,Long Island Rail Road,EQ960912,96,09,23,1996-09-23,5:35 PM,01,Derailment,0.0,0.0,0.0,0.0,SYSTEM,SYSTEM,LONG BEACH,23,36,NY,NEW YORK,59,NASSAU,1,65.0,2,Day,1,Clear,1,Main,5 TRACK,1,3,East,2,Passenger Train - Pulling,Yes,866,5,Estimated,5,0.0,IMB,LI,009923,2,Yes,,,,,Yes,1.0,0.0,0.0,0.0,0.0,0.0,0.0,0.0,0.0,0.0,0.0,7.0,0.0,0.0,0.0,0.0,1.0,0.0,0.0,0.0,8181.0,6330.0,14511.0,T105,Insufficient ballast section,T105,Insufficient ballast section,1,1,1,4,49,4,49,0.0,0.0,0.0,0.0,0.0,0.0,0.0,0.0,0.0,0.0,0.0,0.0,"PROCEEDING EAST INTO LONG BEACH TERMINAL, CAR 9923 OF TRAIN 866 DERAILED DUE TO INSUFFICIENT BALLASTSECTION TRACK CONDITION.NoneNoneNoneNoneNoneNoneNoneNoneNoneNoneNoneNoneNone",Main,1,3L,3L,1,LIEQ960912199609,LIEQ960912199609,Passenger (Formerly Commuter),Class 3,"SMT-1 - Amtrak and Commuter East, some Tourist/Historic",LI,Long Island Rail Road,Not Assigned,Passenger (Formerly Commuter),Class 3,"SMT-1 - Amtrak and Commuter East, some Tourist/Historic",LI,Long Island Rail Road,Not Assigned,,0,,,,,,,,,,,,,,,,,,,,,,,,,,,,,,,,
LI,Long Island Rail Road,1996,GR960901,96,09,LI,Long Island Rail Road,GR960901,96,09,14,1996-09-14,1:45 AM,07,Hwy-rail crossing,0.0,0.0,0.0,0.0,SYSTEM,SYSTEM,BABYLON,31,36,NY,NEW YORK,103,SUFFOLK,1,60.0,4,Dark,1,Clear,1,Main,CENTRAL BRANCH,3,3,East,2,Passenger Train - Pulling,Yes,8700,65,Estimated,65,0.0,GIM,LI,002797,4,Yes,,,,,Yes,1.0,0.0,0.0,0.0,1.0,0.0,0.0,0.0,0.0,0.0,0.0,4.0,0.0,1.0,0.0,0.0,1.0,0.0,0.0,0.0,35603.0,9613.0,45216.0,M304,Highway user cited for violation of highway-rail grade crossing traffic laws,M304,Highway user cited for violation of highway-rail grade crossing traffic laws,1,1,1,1,42,1,12,0.0,0.0,0.0,0.0,1.0,0.0,1.0,0.0,1.0,0.0,0.0,0.0,"VEHICLE OPERATOR ATTEMPTED TO GO AROUND GRADE CROSSING GATES IN DOWN POSITION, AND RAN INTO NORTHSIDE OF MOVING TRAIN.NoneNoneNoneNoneNoneNoneNoneNoneNoneNoneNoneNoneNone",Main,3,3L,3L,1,LIGR960901199609,LIGR960901199609,Passenger (Formerly Commuter),Class 3,"SMT-1 - Amtrak and Commuter East, some Tourist/Historic",LI,Long Island Rail Road,Not Assigned,Passenger (Formerly Commuter),Class 3,"SMT-1 - Amtrak and Commuter East, some Tourist/Historic",LI,Long Island Rail Road,Not Assigned,,0,338005W,,,,,,,,,,,,,,,,,,,,,,,,,,,,,,,
LI,Long Island Rail Road,1996,EQ960804,96,08,LI,Long Island Rail Road,EQ960804,96,08,09,1996-08-09,1:33 AM,01,Derailment,0.0,0.0,0.0,0.0,SYSTEM,SYSTEM,FREEPORT,22.1,36,NY,NEW YORK,59,NASSAU,1,80.0,4,Dark,2,Cloudy,1,Main,MONTAUK 2,4,4,West,2,Passenger Train - Pulling,Yes,3,10,Estimated,10,0.0,FDIMB,LI,009911,1,No,,,,,Yes,1.0,0.0,0.0,0.0,0.0,1.0,0.0,0.0,0.0,0.0,0.0,4.0,0.0,3.0,0.0,0.0,0.0,0.0,1.0,0.0,1295.0,48332.0,49627.0,M505,Cause under active investigation by reporting railroad  (Amended report will be forwarded when repor,M505,Cause under active investigation by reporting railroad  (Amended report will be forwarded when repor,1,1,1,1,3,1,3,0.0,0.0,0.0,0.0,0.0,0.0,0.0,0.0,0.0,0.0,0.0,0.0,THIS CASE IS CURRENTLY UNDER INVESTIGATION BY THE RAIL ACCIDENT INVESTIGATION COMMITTEE.NoneNoneNoneNoneNoneNoneNoneNoneNoneNoneNoneNoneNoneNone,Main,4,3L,3L,1,LIEQ960804199608,LIEQ960804199608,Passenger (Formerly Commuter),Class 3,"SMT-1 - Amtrak and Commuter East, some Tourist/Historic",LI,Long Island Rail Road,Not Assigned,Passenger (Formerly Commuter),Class 3,"SMT-1 - Amtrak and Commuter East, some Tourist/Historic",LI,Long Island Rail Road,Not Assigned,,0,,,,,,,,,,,,,,,,,,,,,,,,,,,,,,,,
LI,Long Island Rail Road,1996,EQ960804,96,08,LI,Long Island Rail Road,EQ960804,96,08,09,1996-08-09,1:33 AM,01,Derailment,0.0,0.0,0.0,0.0,SYSTEM,SYSTEM,FREEPORT,22.1,36,NY,NEW YORK,59,NASSAU,1,80.0,4,Dark,2,Cloudy,1,Main,MONTAUK 2,4,4,West,2,Passenger Train - Pulling,Yes,3,10,Estimated,10,0.0,FDIMB,LI,009911,1,No,,,,,Yes,1.0,0.0,0.0,0.0,0.0,1.0,0.0,0.0,0.0,0.0,0.0,4.0,0.0,3.0,0.0,0.0,0.0,0.0,1.0,0.0,1295.0,48332.0,49627.0,M505,Cause under active investigation by reporting railroad  (Amended report will be forwarded when repor,M505,Cause under active investigation by reporting railroad  (Amended report will be forwarded when repor,1,1,1,1,3,1,3,0.0,0.0,0.0,0.0,0.0,0.0,0.0,0.0,0.0,0.0,0.0,0.0,THIS CASE IS CURRENTLY UNDER INVESTIGATION BY THE RAIL ACCIDENT INVESTIGATION COMMITTEE.NoneNoneNoneNoneNoneNoneNoneNoneNoneNoneNoneNoneNoneNone,Main,4,3L,3L,1,LIEQ960804199608,LIEQ960804199608,Passenger (Formerly Commuter),Class 3,"SMT-1 - Amtrak and Commuter East, some Tourist/Historic",LI,Long Island Rail Road,Not Assigned,Passenger (Formerly Commuter),Class 3,"SMT-1 - Amtrak and Commuter East, some Tourist/Historic",LI,Long Island Rail Road,Not Assigned,,0,,,,,,,,,,,,,,,,,,,,,,,,,,,,,,,,
LI,Long Island Rail Road,1996,EQ960804,96,08,LI,Long Island Rail Road,EQ960804,96,08,09,1996-08-09,1:33 AM,01,Derailment,0.0,0.0,0.0,0.0,SYSTEM,SYSTEM,FREEPORT,22.1,36,NY,NEW YORK,59,NASSAU,1,80.0,4,Dark,2,Cloudy,1,Main,MONTAUK 2,4,4,West,2,Passenger Train - Pulling,Yes,3,10,Estimated,10,0.0,FDIMB,LI,009911,1,No,,,,,Yes,1.0,0.0,0.0,0.0,0.0,1.0,0.0,0.0,0.0,0.0,0.0,4.0,0.0,3.0,0.0,0.0,0.0,0.0,1.0,0.0,1295.0,48332.0,49627.0,M505,Cause under active investigation by reporting railroad  (Amended report will be forwarded when repor,M505,Cause under active investigation by reporting railroad  (Amended report will be forwarded when repor,1,1,1,1,3,1,3,0.0,0.0,0.0,0.0,0.0,0.0,0.0,0.0,0.0,0.0,0.0,0.0,THIS CASE IS CURRENTLY UNDER INVESTIGATION BY THE RAIL ACCIDENT INVESTIGATION COMMITTEE.NoneNoneNoneNoneNoneNoneNoneNoneNoneNoneNoneNoneNoneNone,Main,4,3L,3L,1,LIEQ960804199608,LIEQ960804199608,Passenger (Formerly Commuter),Class 3,"SMT-1 - Amtrak and Commuter East, some Tourist/Historic",LI,Long Island Rail Road,Not Assigned,Passenger (Formerly Commuter),Class 3,"SMT-1 - Amtrak and Commuter East, some Tourist/Historic",LI,Long Island Rail Road,Not Assigned,,0,,,,,,,,,,,,,,,,,,,,,,,,,,,,,,,,
LI,Long Island Rail Road,1996,EQ960804,96,08,LI,Long Island Rail Road,EQ960804,96,08,09,1996-08-09,1:33 AM,01,Derailment,0.0,0.0,0.0,0.0,SYSTEM,SYSTEM,FREEPORT,22.1,36,NY,NEW YORK,59,NASSAU,1,80.0,4,Dark,2,Cloudy,1,Main,MONTAUK 2,4,4,West,2,Passenger Train - Pulling,Yes,3,10,Estimated,10,0.0,FDIMB,LI,009911,1,No,,,,,Yes,1.0,0.0,0.0,0.0,0.0,1.0,0.0,0.0,0.0,0.0,0.0,4.0,0.0,3.0,0.0,0.0,0.0,0.0,1.0,0.0,1295.0,48332.0,49627.0,M505,Cause under active investigation by reporting railroad  (Amended report will be forwarded when repor,M505,Cause under active investigation by reporting railroad  (Amended report will be forwarded when repor,1,1,1,1,3,1,3,0.0,0.0,0.0,0.0,0.0,0.0,0.0,0.0,0.0,0.0,0.0,0.0,THIS CASE IS CURRENTLY UNDER INVESTIGATION BY THE RAIL ACCIDENT INVESTIGATION COMMITTEE.NoneNoneNoneNoneNoneNoneNoneNoneNoneNoneNoneNoneNoneNone,Main,4,3L,3L,1,LIEQ960804199608,LIEQ960804199608,Passenger (Formerly Commuter),Class 3,"SMT-1 - Amtrak and Commuter East, some Tourist/Historic",LI,Long Island Rail Road,Not Assigned,Passenger (Formerly Commuter),Class 3,"SMT-1 - Amtrak and Commuter East, some Tourist/Historic",LI,Long Island Rail Road,Not Assigned,,0,,,,,,,,,,,,,,,,,,,,,,,,,,,,,,,,
LI,Long Island Rail Road,1996,EQ960702,96,07,LI,Long Island Rail Road,EQ960702,96,07,11,1996-07-11,6:08 PM,12,Other impacts,0.0,0.0,0.0,0.0,SYSTEM,SYSTEM,MINEOLA,18.6,36,NY,NEW YORK,59,NASSAU,1,80.0,2,Day,1,Clear,1,Main,MAIN LINE 1,4,3,East,2,Passenger Train - Pulling,Yes,1730,70,Estimated,70,0.0,FDIMB,LI,009376,1,Yes,,,,,Yes,1.0,0.0,0.0,0.0,0.0,0.0,0.0,0.0,0.0,0.0,0.0,11.0,0.0,0.0,0.0,0.0,0.0,0.0,0.0,0.0,212653.0,0.0,212653.0,T103,Deviation from uniform top of rail profile,T103,Deviation from uniform top of rail profile,1,1,1,2,48,2,48,0.0,1.0,0.0,0.0,0.0,0.0,0.0,1.0,0.0,1.0,0.0,1.0,SOFT ROADBED CONDITIONS CAUSED LEAD CAR TO LIFT AND BOUNCE ONTO CROSSING PAD RESULTING IN EXTENSIVEEQUIPMENT DAMAGE.NoneNoneNoneNoneNoneNoneNoneNoneNoneNoneNoneNoneNone,Main,4,3L,3L,1,LIEQ960702199607,LIEQ960702199607,Passenger (Formerly Commuter),Class 3,"SMT-1 - Amtrak and Commuter East, some Tourist/Historic",LI,Long Island Rail Road,Not Assigned,Passenger (Formerly Commuter),Class 3,"SMT-1 - Amtrak and Commuter East, some Tourist/Historic",LI,Long Island Rail Road,Not Assigned,,0,,,,,,,,,,,,,,,,,,,,,,,,,,,,,,,,
LI,Long Island Rail Road,1996,EQ960702,96,07,LI,Long Island Rail Road,EQ960702,96,07,11,1996-07-11,6:08 PM,12,Other impacts,0.0,0.0,0.0,0.0,SYSTEM,SYSTEM,MINEOLA,18.6,36,NY,NEW YORK,59,NASSAU,1,80.0,2,Day,1,Clear,1,Main,MAIN LINE 1,4,3,East,2,Passenger Train - Pulling,Yes,1730,70,Estimated,70,0.0,FDIMB,LI,009376,1,Yes,,,,,Yes,1.0,0.0,0.0,0.0,0.0,0.0,0.0,0.0,0.0,0.0,0.0,11.0,0.0,0.0,0.0,0.0,0.0,0.0,0.0,0.0,212653.0,0.0,212653.0,T103,Deviation from uniform top of rail profile,T103,Deviation from uniform top of rail profile,1,1,1,2,48,2,48,0.0,1.0,0.0,0.0,0.0,0.0,0.0,1.0,0.0,1.0,0.0,1.0,SOFT ROADBED CONDITIONS CAUSED LEAD CAR TO LIFT AND BOUNCE ONTO CROSSING PAD RESULTING IN EXTENSIVEEQUIPMENT DAMAGE.NoneNoneNoneNoneNoneNoneNoneNoneNoneNoneNoneNoneNone,Main,4,3L,3L,1,LIEQ960702199607,LIEQ960702199607,Passenger (Formerly Commuter),Class 3,"SMT-1 - Amtrak and Commuter East, some Tourist/Historic",LI,Long Island Rail Road,Not Assigned,Passenger (Formerly Commuter),Class 3,"SMT-1 - Amtrak and Commuter East, some Tourist/Historic",LI,Long Island Rail Road,Not Assigned,,0,,,,,,,,,,,,,,,,,,,,,,,,,,,,,,,,
LI,Long Island Rail Road,1996,EQ960702,96,07,LI,Long Island Rail Road,EQ960702,96,07,11,1996-07-11,6:08 PM,12,Other impacts,0.0,0.0,0.0,0.0,SYSTEM,SYSTEM,MINEOLA,18.6,36,NY,NEW YORK,59,NASSAU,1,80.0,2,Day,1,Clear,1,Main,MAIN LINE 1,4,3,East,2,Passenger Train - Pulling,Yes,1730,70,Estimated,70,0.0,FDIMB,LI,009376,1,Yes,,,,,Yes,1.0,0.0,0.0,0.0,0.0,0.0,0.0,0.0,0.0,0.0,0.0,11.0,0.0,0.0,0.0,0.0,0.0,0.0,0.0,0.0,212653.0,0.0,212653.0,T103,Deviation from uniform top of rail profile,T103,Deviation from uniform top of rail profile,1,1,1,2,48,2,48,0.0,1.0,0.0,0.0,0.0,0.0,0.0,1.0,0.0,1.0,0.0,1.0,SOFT ROADBED CONDITIONS CAUSED LEAD CAR TO LIFT AND BOUNCE ONTO CROSSING PAD RESULTING IN EXTENSIVEEQUIPMENT DAMAGE.NoneNoneNoneNoneNoneNoneNoneNoneNoneNoneNoneNoneNone,Main,4,3L,3L,1,LIEQ960702199607,LIEQ960702199607,Passenger (Formerly Commuter),Class 3,"SMT-1 - Amtrak and Commuter East, some Tourist/Historic",LI,Long Island Rail Road,Not Assigned,Passenger (Formerly Commuter),Class 3,"SMT-1 - Amtrak and Commuter East, some Tourist/Historic",LI,Long Island Rail Road,Not Assigned,,0,,,,,,,,,,,,,,,,,,,,,,,,,,,,,,,,