reportingrailroadcode,reportingrailroadname,report_year,incidentnumber,accidentyear,accidentmonth,maintenancerailroadcode,maintenancerailroadname,maintenanceaccidentnumber,maintenanceaccidentyear,maintenanceaccidentmonth,day,date,time,accident_type_code,accidenttype,hazmatcars,hazmatcarsdamaged,hazmatreleasedcars,personsevacuated,divisioncode,division,station,milepost,statecode,stateabbr,statename,countycode,countyname,district,temperature,visibilitycode,visibility,weather_condition_code,weathercondition,track_type_code,tracktype,trackname,trackclass,train_direction_code,traindirection,equipment_type_code,equipmenttype,equipmentattended,trainnumber,trainspeed,recordedestimatedspeed,maximumspeed,grosstonnage,method_of_operation_code,firstcarinitials,firstcarnumber,firstcarposition,firstcarloaded,causingcarinitials,causingcarnumber,causingcarposition,causingcarloaded,passengerstransported,headendlocomotives,midtrainmanuallocomotives,midtrainremotelocomotives,rearendmanuallocomotives,rearendremotelocomotives,derailedheadendlocomotives,derailedmidtrainmanuallo,derailedmidtrainremotelo,derailedrearendmanualloc,derailedrearendremoteloc,loadedfreightcars,loadedpassengercars,emptyfreightcars,emptypassengercars,cabooses,derailedloadedfreightcars,derailedloadedpassengercars,derailedemptyfreightcars,derailedemptypassengercars,derailedcabooses,equipmentdamagecost,trackdamagecost,totaldamagecost,primaryaccidentcausecode,primaryaccidentcause,accidentcausecode,accidentcause,engineersonduty,conductorsonduty,brakemenonduty,hoursengineersonduty,minutesengineersonduty,hoursconductorsonduty,minutesconductorsonduty,railroademployeeskilled,railroademployeesinjured,passengerskilled,passengersinjured,otherskilled,othersinjured,personskilledforreportin,personsinjuredforreporti,totalpersonskilled,totalpersonsinjured,totalkilledform54,totalinjuredform54,narrative,jointtracktype,jointtrackclass,classcode,class,jointcd,incidentkey,reportkey,reporting_railroad_company_grouping,reporting_railroad_class,reporting_railroad_smt_grouping,reporting_parent_railroad_company_code,reporting_parent_railroad_company_name,reporting_railroad_holding_company,maintenance_railroad_company_grouping,maintenance_railroad_class,maintenance_railroad_smt_grouping,maintenance_parent_railroad_company_code,maintenance_parent_railroad_company_name,maintenance_railroad_holding_company,trackdensity,firemenonduty,gxid,contributingaccidentcausecode,contributingaccidentcause,subdivision,signalization_code,signalization,methodofoperation,adjunct_1,adjunctcode1,remote_control_locomotive_code,remotecontrollocomotive,specialstudy1,latitude,longitude,adjunct_2,adjunctcode2,positivealcoholtests,positivedrugtests,specialstudy2,adjunct_3,adjunctcode3,otherrailroadcode,otherrailroadname,otheraccidentnumber,accidentyearother,accidentmonthother,other_railroad_company_grouping,other_railroad_class,other_railroad_smt_grouping,other_parent_railroad_company_code,other_parent_railroad_company_name,other_railroad_holding_company
LI,Long Island Rail Road,1996,EQ960702,96,07,LI,Long Island Rail Road,EQ960702,96,07,11,1996-07-11,6:08 PM,12,Other impacts,0.0,0.0,0.0,0.0,SYSTEM,SYSTEM,MINEOLA,18.6,36,NY,NEW YORK,59,NASSAU,1,80.0,2,Day,1,Clear,1,Main,MAIN LINE 1,4,3,East,2,Passenger Train - Pulling,Yes,1730,70,Estimated,70,0.0,FDIMB,LI,009376,1,Yes,,,,,Yes,1.0,0.0,0.0,0.0,0.0,0.0,0.0,0.0,0.0,0.0,0.0,11.0,0.0,0.0,0.0,0.0,0.0,0.0,0.0,0.0,212653.0,0.0,212653.0,T103,Deviation from uniform top of rail profile,T103,Deviation from uniform top of rail profile,1,1,1,2,48,2,48,0.0,1.0,0.0,0.0,0.0,0.0,0.0,1.0,0.0,1.0,0.0,1.0,SOFT ROADBED CONDITIONS CAUSED LEAD CAR TO LIFT AND BOUNCE ONTO CROSSING PAD RESULTING IN EXTENSIVEEQUIPMENT DAMAGE.NoneNoneNoneNoneNoneNoneNoneNoneNoneNoneNoneNoneNone,Main,4,3L,3L,1,LIEQ960702199607,LIEQ960702199607,Passenger (Formerly Commuter),Class 3,"SMT-1 - Amtrak and Commuter East, some Tourist/Historic",LI,Long Island Rail Road,Not Assigned,Passenger (Formerly Commuter),Class 3,"SMT-1 - Amtrak and Commuter East, some Tourist/Historic",LI,Long Island Rail Road,Not Assigned,,0,,,,,,,,,,,,,,,,,,,,,,,,,,,,,,,,
LI,Long Island Rail Road,1996,EQ960506,96,05,LI,Long Island Rail Road,EQ960506,96,05,18,1996-05-18,1:34 PM,11,Fire/violent rupture,0.0,0.0,0.0,0.0,SYSTEM,SYSTEM,FARMINGDALE,31.0,36,NY,NEW YORK,59,NASSAU,1,60.0,2,Day,3,Rain,1,Main,MAIN LINE TRACK #1,4,4,West,2,Passenger Train - Pulling,Yes,8053,50,Estimated,50,0.0,I,LI,009194,2,Yes,LI,009194,2,Yes,Yes,1.0,0.0,0.0,0.0,0.0,0.0,0.0,0.0,0.0,0.0,0.0,7.0,0.0,0.0,0.0,0.0,0.0,0.0,0.0,0.0,76586.0,0.0,76586.0,M503,"Vandalism of track or track appliances, e.g., objects  placed on track, switch thrown, etc.",M503,"Vandalism of track or track appliances, e.g., objects  placed on track, switch thrown, etc.",1,1,1,5,48,5,48,0.0,1.0,0.0,0.0,0.0,0.0,0.0,1.0,0.0,1.0,0.0,1.0,TRAIN 8053 STRUCK DEBRIS ON TRACK WHICH RESULTED IN A FLASHED R2 SHOE BEAM AND TRUCK CAUSING FIRE.NoneNoneNoneNoneNoneNoneNoneNoneNoneNoneNoneNoneNoneNone,Main,4,3L,3L,1,LIEQ960506199605,LIEQ960506199605,Passenger (Formerly Commuter),Class 3,"SMT-1 - Amtrak and Commuter East, some Tourist/Historic",LI,Long Island Rail Road,Not Assigned,Passenger (Formerly Commuter),Class 3,"SMT-1 - Amtrak and Commuter East, some Tourist/Historic",LI,Long Island Rail Road,Not Assigned,,0,,E99C,"Other mechanical and electrical failures, (CAR) (Provide detailed description in narrative)",,,,,,,,,,,,,,,,,,,,,,,,,,,,,
LI,Long Island Rail Road,1996,GR960501,96,05,LI,Long Island Rail Road,GR960501,96,05,09,1996-05-09,6:15 AM,07,Hwy-rail crossing,0.0,0.0,0.0,0.0,SYSTEM,SYSTEM,LAKEVIEW,3.3,36,NY,NEW YORK,59,NASSAU,1,52.0,1,Dawn,1,Clear,1,Main,SINGLE TRACK,4,3,East,2,Passenger Train - Pulling,Yes,3902,35,Estimated,35,0.0,GIM,LI,009412,1,No,,,,,No,1.0,0.0,0.0,0.0,0.0,1.0,0.0,0.0,0.0,0.0,0.0,0.0,0.0,5.0,0.0,0.0,0.0,0.0,0.0,0.0,78128.0,28771.0,106899.0,M303,Highway user misjudgment under normal weather and traffic conditions,M303,Highway user misjudgment under normal weather and traffic conditions,1,1,1,0,53,0,53,0.0,1.0,0.0,0.0,0.0,1.0,0.0,2.0,0.0,2.0,0.0,1.0,"TRAIN 3902 STRUCK VEHICLES AT CROSSING. MOTORIST WENT AROUND LOWERED GATES, CAUSING DERAILMENT OF HEAD TRUCKS ON CAR 9412 (LIRR REFERENCE EQ 960503).NoneNoneNoneNoneNoneNoneNoneNoneNoneNoneNoneNoneNone",Main,4,3L,3L,1,LIGR960501199605,LIGR960501199605,Passenger (Formerly Commuter),Class 3,"SMT-1 - Amtrak and Commuter East, some Tourist/Historic",LI,Long Island Rail Road,Not Assigned,Passenger (Formerly Commuter),Class 3,"SMT-1 - Amtrak and Commuter East, some Tourist/Historic",LI,Long Island Rail Road,Not Assigned,,0,338365U,,,,,,,,,,,,,,,,,,,,,,,,,,,,,,,
LI,Long Island Rail Road,2015,GR20150302,15,03,LI,Long Island Rail Road,GR20150302,15,03,03,2015-03-03,12:03 PM,07,Hwy-rail crossing,0.0,0.0,0.0,0.0,,,PATCHOGUE,53.5,36,NY,NEW YORK,103,SUFFOLK,1,38.0,2,Day,2,Cloudy,1,Main,MONTAUK #1,4,3,East,2,Passenger Train - Pulling,Yes,2734,32,Recorded,32,0.0,,LI,000415,1,No,,,0,,Yes,1.0,0.0,0.0,0.0,0.0,0.0,0.0,0.0,0.0,0.0,0.0,4.0,0.0,0.0,0.0,0.0,0.0,0.0,0.0,0.0,13909.0,20889.0,34798.0,M304,Highway user cited for violation of highway-rail grade crossing traffic laws,M304,Highway user cited for violation of highway-rail grade crossing traffic laws,1,1,1,7,58,7,58,0.0,0.0,0.0,0.0,0.0,1.0,0.0,1.0,0.0,1.0,0.0,1.0,TRAIN #2734 STRUCK A VEHICLE THAT WENT THROUGH THE GATE AT RIDER AVE. DRIVER WAS ISSUED A  VTL 1170(B) SUMMONS FOR GOING AROUND OR THROUGH LOWERED GATES.,Main,4,No,No,1,LIGR20150302201503,LIGR20150302201503,Passenger (Formerly Commuter),Class 3,"SMT-1 - Amtrak and Commuter East, some Tourist/Historic",LI,Long Island Rail Road,Not Assigned,Passenger (Formerly Commuter),Class 3,"SMT-1 - Amtrak and Commuter East, some Tourist/Historic",LI,Long Island Rail Road,Not Assigned,0,0,338051X,,,SYSTEM,1,Signaled,Signal Indication,A,Auto Cab Signals,0,Not a remotely controlled operation,CWR,40.763711,-73.008679,,,,,,,,,,,,,,,,,,
LI,Long Island Rail Road,2010,EQ20100803,10,08,LI,Long Island Rail Road,EQ20100803,10,08,31,2010-08-31,3:26 PM,01,Derailment,0.0,0.0,0.0,0.0,SYSTEM,SYSTEM,HICKSVILLE,26.5,36,NY,NEW YORK,59,NASSAU,1,85.0,2,Day,1,Clear,1,Main,PORT JEFF #2,4,4,West,A,Spec. MoW Equip.,Yes,TC90,10,Estimated,10,0.0,M,TC,000906,1,No,TC,000906,1,No,No,0.0,0.0,0.0,0.0,0.0,0.0,0.0,0.0,0.0,0.0,0.0,0.0,1.0,0.0,0.0,0.0,0.0,1.0,0.0,0.0,11000.0,0.0,11000.0,E99C,"Other mechanical and electrical failures, (CAR) (Provide detailed description in narrative)",E99C,"Other mechanical and electrical failures, (CAR) (Provide detailed description in narrative)",1,0,0,7,,,,0.0,0.0,0.0,0.0,0.0,0.0,0.0,0.0,0.0,0.0,0.0,0.0,TRACK CAR (CRANE) PROCEEDING WEST DERAILED WHEN MAGNET ON BOOM FELL TO GROUND AND TRACK CAR RAN OVERIT.,Main,4,No,No,1,LIEQ20100803201008,LIEQ20100803201008,Passenger (Formerly Commuter),Class 3,"SMT-1 - Amtrak and Commuter East, some Tourist/Historic",LI,Long Island Rail Road,Not Assigned,Passenger (Formerly Commuter),Class 3,"SMT-1 - Amtrak and Commuter East, some Tourist/Historic",LI,Long Island Rail Road,Not Assigned,,0,,,,,,,,,,0,Not a remotely controlled operation,,0.0,0.0,,,,,,,,,,,,,,,,,,
NYA,New York & Atlantic Railway Company,2015,032915,15,03,NYA,New York & Atlantic Railway Company,032915,15,03,29,2015-03-29,11:50 PM,01,Derailment,0.0,0.0,0.0,0.0,,,WYANDANCH,34.7,36,NY,NEW YORK,103,SUFFOLK,1,38.0,4,Dark,1,Clear,3,Siding,WYANDANCH DEF,2,3,East,1,Freight Train,Yes,RS-8,4,Recorded,4,1300.0,,TTZX,085835,10,Yes,,,0,,No,2.0,0.0,0.0,0.0,0.0,0.0,0.0,0.0,0.0,0.0,10.0,0.0,0.0,0.0,0.0,1.0,0.0,0.0,0.0,0.0,42000.0,400000.0,442000.0,H210,"Radio communication, failure to comply",H210,"Radio communication, failure to comply",1,1,0,5,50,5,50,0.0,0.0,0.0,0.0,0.0,0.0,0.0,0.0,0.0,0.0,0.0,0.0,"RS-80 CREW ENTERED DOUBLE ENDED FREIGHT (DEF) SIDING FROM WEST SWITCH WITH 13 CARS AND 2 ENGINES. THE CONDUCTOR LOCKED THE SWITCH  AND MADE A SWITHING MOVE BETWEEN THE COMBINE CONTAINER SWITCH AND THETRAIN LEFT ON THE SIDING.

UPON COMPLETION OF THE MOVE AND AFTER A BRAKE TEST, THE CONDUCTOR RECEIVED PERMISSION TO TO ENTER THE MAIN TRACK VIA THE EAST SWITCH OF WYNADANCH DEF. WHILE WALKING EASTTO THE MAIN TRACK SWITCH, THE CONDUCTOR INSTRUCTED THE ENGINEER TO PULL THE TRAIN UP TO THE DERAIL.THE ENGINEER WENT WEST INSTEAD AND SHOVED ONE CAR OVER THE DERAIL.",Siding,2,Cl,Cl,1,NYA032915201503,NYA032915201503,Shortline,Class 3,SMT-2 - Shortline – East,NYA,New York & Atlantic Railway Company,Anacostia R,Shortline,Class 3,SMT-2 - Shortline – East,NYA,New York & Atlantic Railway Company,Anacostia R,4.5,0,,,,SYSTEM,2,Not Signaled,Other Than Main Track,M,Switch Point Monitoring,0,Not a remotely controlled operation,CWR,40.752558,-73.368133,E,Broken Rail Monitoring,0,0,,,,,,,,,,,,,,
LI,Long Island Rail Road,2015,GR20150601,15,06,LI,Long Island Rail Road,GR20150601,15,06,18,2015-06-18,1:44 PM,07,Hwy-rail crossing,0.0,0.0,0.0,0.0,,,RIVERHEAD,65.8,36,NY,NEW YORK,103,SUFFOLK,1,70.0,2,Day,1,Clear,1,Main,MAINLINE 1,3,4,West,E,DMU,Yes,203,37,Estimated,37,0.0,,LI,005002,1,Yes,,,0,,Yes,0.0,0.0,0.0,0.0,0.0,0.0,0.0,0.0,0.0,0.0,0.0,2.0,0.0,1.0,0.0,0.0,0.0,0.0,0.0,0.0,14922.0,26284.0,41206.0,M303,Highway user misjudgment under normal weather and traffic conditions,M303,Highway user misjudgment under normal weather and traffic conditions,1,1,0,10,28,10,29,0.0,0.0,0.0,1.0,0.0,2.0,0.0,3.0,0.0,3.0,0.0,3.0,DRIVER OF CAR #2 REAR-ENDED CAR #1 AND PUSHED CAR #1 THROUGH THE LOWERED GATES AND BOTH CARS CAME TOREST ON THE TRACKS IN THE PATH OF ON COMING TRAIN. MANUAL BLOCK RULES IN EFFECT.,Main,3,No,No,1,LIGR20150601201506,LIGR20150601201506,Passenger (Formerly Commuter),Class 3,"SMT-1 - Amtrak and Commuter East, some Tourist/Historic",LI,Long Island Rail Road,Not Assigned,Passenger (Formerly Commuter),Class 3,"SMT-1 - Amtrak and Commuter East, some Tourist/Historic",LI,Long Island Rail Road,Not Assigned,,0,338200W,,,SYSTEM,2,Not Signaled,Block Register Territory,,,0,Not a remotely controlled operation,CWR,40.917924,-72.689812,,,,,,,,,,,,,,,,,,
LI,Long Island Rail Road,2015,EQ20150503,15,05,LI,Long Island Rail Road,EQ20150503,15,05,13,2015-05-13,11:51 PM,01,Derailment,0.0,0.0,0.0,0.0,,,RONKONKOMA,49,36,NY,NEW YORK,103,SUFFOLK,1,55.0,4,Dark,1,Clear,2,Yard,RONKONKOMA YD 5,1,3,East,D,EMU,Yes,2090,5,Estimated,5,0.0,,LI,007751,12,No,,,0,,No,0.0,0.0,0.0,0.0,0.0,0.0,0.0,0.0,0.0,0.0,0.0,0.0,0.0,11.0,0.0,0.0,0.0,0.0,1.0,0.0,151958.0,4000.0,155958.0,M507,"Investigation complete, cause could not be determined (When using this code, the narrative must incl",M507,"Investigation complete, cause could not be determined (When using this code, the narrative must incl",1,1,1,4,4,4,4,0.0,0.0,0.0,0.0,0.0,0.0,0.0,0.0,0.0,0.0,0.0,0.0,"TRAIN 2090 DERAILED WHILE PROCEEDING THROUGH 5/6 SWITCH IN KO YARD. LAST CAR TRAVELED TO 6 TRACK WHILE FIRST 11 WENT TO 5 TRACK.  AFTER INSPECTING THE SUSPECT SWITCH, THERE WERE NO DEFECTS FOUND.  AFTER INSPECTING/INVESTIGATING ALL EQUIPMENT, OPERATING PRACTICES AND TRACK STRUCTURE, THERE WASN’T ANYCONCLUSIVE EVIDENCE TO DETERMINE THE CAUSE OF THE DERAILMENT.",Yard,1,No,No,1,LIEQ20150503201505,LIEQ20150503201505,Passenger (Formerly Commuter),Class 3,"SMT-1 - Amtrak and Commuter East, some Tourist/Historic",LI,Long Island Rail Road,Not Assigned,Passenger (Formerly Commuter),Class 3,"SMT-1 - Amtrak and Commuter East, some Tourist/Historic",LI,Long Island Rail Road,Not Assigned,,0,,,,SYSTEM,2,Not Signaled,Other Than Main Track,K,Restricted Speed or Equivalent,0,Not a remotely controlled operation,CWR,40.808474,-73.096587,L,Special Instructions,,,,,,,,,,,,,,,,
NYA,New York & Atlantic Railway Company,2021,NYA000023,21,05,LI,Long Island Rail Road,74905,21,05,24,2021-05-24,11:30 AM,05,Raking collision,3.0,0.0,0.0,0.0,,,RONKONKOMA,48.500,36,NY,NEW YORK,103,SUFFOLK,1,63.0,2,Day,2,Cloudy,1,Main,TRACK 2,4,4,West,1,Freight Train,Yes,RS70,10,Estimated,10,1069.0,,RBOX,032489,5,Yes,RBOX,032489,5,Yes,No,2.0,0.0,0.0,0.0,0.0,0.0,0.0,0.0,0.0,0.0,1.0,0.0,4.0,0.0,0.0,0.0,0.0,0.0,0.0,0.0,0.0,0.0,89651.0,E84C,"Box car door, other than plug, attachment defective",E84C,"Box car door, other than plug, attachment defective",1,1,0,4,30,4,30,0.0,0.0,0.0,0.0,0.0,0.0,0.0,0.0,0.0,0.0,0.0,0.0,"RS 70 TRAVELING EAST, A CAR IN THE CONSIST MADE CONTACT WITH THE PROTECTION BOARDS AT RONKONKMA TRAIN STATION. AMENDED 8/24/21. LI  FILED FOR $89,651 TRACK DAMAGES.",Main,4,Cl,Cl,2,LI74905202105,NYANYA000023202105,Shortline,Class 3,SMT-2 - Shortline – East,NYA,New York & Atlantic Railway Company,Anacostia R,Passenger (Formerly Commuter),Class 3,"SMT-1 - Amtrak and Commuter East, some Tourist/Historic",LI,Long Island Rail Road,Not Assigned,9.2,0,,,,MAIN LINE,1,Signaled,Signal Indication,,,0,Not a remotely controlled operation,CWR,40.807938,-73.108358,,,,,000-000-000,,,,,,,,,,,,,
LI,Long Island Rail Road,2019,69002,19,01,LI,Long Island Rail Road,69002,19,01,03,2019-01-03,5:03 AM,07,Hwy-rail crossing,0.0,0.0,0.0,0.0,,,QUOGUE,75.9,36,NY,NEW YORK,103,SUFFOLK,1,40.0,4,Dark,1,Clear,1,Main,SINGLE MAIN TRACK,4,4,West,2,Passenger Train - Pulling,Yes,LI 2,20,Recorded,20,0.0,,LI,000522,1,No,,,0,,Yes,2.0,0.0,0.0,0.0,0.0,0.0,0.0,0.0,0.0,0.0,0.0,8.0,0.0,0.0,0.0,0.0,0.0,0.0,0.0,0.0,24885.0,818.0,25703.0,M303,Highway user misjudgment under normal weather and traffic conditions,M303,Highway user misjudgment under normal weather and traffic conditions,1,1,1,1,44,1,44,0.0,0.0,0.0,0.0,0.0,0.0,0.0,0.0,0.0,0.0,0.0,0.0,"TRAIN 2791 STRUCK A TRACTOR TRAILER AT THE OLD DEPOT CROSSING. ON 05-16-2019, UPDATED COSTS IN BOXES36 & 37.",Main,4,No,No,1,LI69002201901,LI69002201901,Passenger (Formerly Commuter),Class 3,"SMT-1 - Amtrak and Commuter East, some Tourist/Historic",LI,Long Island Rail Road,Not Assigned,Passenger (Formerly Commuter),Class 3,"SMT-1 - Amtrak and Commuter East, some Tourist/Historic",LI,Long Island Rail Road,Not Assigned,9.2,0,338093J,,,LIRRMONTAUK,1,Signaled,Signal Indication,A,Auto Cab Signals,0,Not a remotely controlled operation,CWR,40.834515,-72.607656,D,Automatic Block Signals System,,,000-000-000,,,,,,,,,,,,,
LI,Long Island Rail Road,2019,69011,19,01,LI,Long Island Rail Road,69011,19,01,07,2019-01-07,3:53 PM,13,Other (describe in narrative),0.0,0.0,0.0,0.0,,,SMITHTOWN,47.1,36,NY,NEW YORK,103,SUFFOLK,1,29.0,2,Day,2,Cloudy,1,Main,SINGLE MAIN TRACK,4,3,East,2,Passenger Train - Pulling,Yes,LI 6,45,Recorded,45,0.0,,LI,000520,1,No,,,0,,Yes,1.0,2.0,0.0,0.0,0.0,0.0,0.0,0.0,0.0,0.0,0.0,5.0,0.0,0.0,0.0,0.0,0.0,0.0,0.0,0.0,0.0,13744.0,13744.0,M599,Other miscellaneous causes (Provide detailed description in narrative),M599,Other miscellaneous causes (Provide detailed description in narrative),1,1,1,9,43,9,43,0.0,0.0,0.0,0.0,0.0,0.0,0.0,0.0,0.0,0.0,0.0,0.0,"PORT JEFFERSON- NO. 652 ENGINE 520 REPORTS STRIKING A DEER WEST OF SMITHTOWN PASSENGER STATION. OM 07-11-2019, UPDATED ENGINEERING COSTS MAKES THIS CASE FRA REPORTABLE.",Main,4,No,No,1,LI69011201901,LI69011201901,Passenger (Formerly Commuter),Class 3,"SMT-1 - Amtrak and Commuter East, some Tourist/Historic",LI,Long Island Rail Road,Not Assigned,Passenger (Formerly Commuter),Class 3,"SMT-1 - Amtrak and Commuter East, some Tourist/Historic",LI,Long Island Rail Road,Not Assigned,9.2,,,,,LIRRPORTJEFFERSON,1,Signaled,Signal Indication,D,Automatic Block Signals System,0,Not a remotely controlled operation,OTH,40.855362,-73.123036,,,,,000-000-000,,,,,,,,,,,,,
LI,Long Island Rail Road,2011,EQ20110801,11,08,LI,Long Island Rail Road,EQ20110801,11,08,08,2011-08-08,6:54 AM,03,Rear end collision,0.0,0.0,0.0,0.0,,,GREAT NECK,13.8,36,NY,NEW YORK,59,NASSAU,1,80.0,1,Dawn,1,Clear,1,Main,PORT WASH 2,4,3,East,E,DMU,Yes,3302,9,Recorded,9,0.0,,LI,009918,1,No,,,0,,No,0.0,0.0,0.0,0.0,0.0,0.0,0.0,0.0,0.0,0.0,0.0,0.0,0.0,10.0,0.0,0.0,0.0,0.0,0.0,0.0,20000.0,0.0,50500.0,H605,Failure to comply with restricted speed in connection with the restrictive indication of a block or,H605,Failure to comply with restricted speed in connection with the restrictive indication of a block or,1,1,,4,25,4,25,0.0,2.0,0.0,0.0,0.0,0.0,0.0,2.0,0.0,2.0,0.0,2.0,TRAIN 3302 STRUCK THE REAR END OF TRAIN 3400 AT TEH WEST END OF GREAT NECK STATION ON PW2.,Main,4,No,No,1,LIEQ20110801201108,LIEQ20110801201108,Passenger (Formerly Commuter),Class 3,"SMT-1 - Amtrak and Commuter East, some Tourist/Historic",LI,Long Island Rail Road,Not Assigned,Passenger (Formerly Commuter),Class 3,"SMT-1 - Amtrak and Commuter East, some Tourist/Historic",LI,Long Island Rail Road,Not Assigned,,,,,,SYSTEM,1,Signaled,Signal Indication,A,Auto Cab Signals,0,Not a remotely controlled operation,CWR,40.786622,-73.727811,D,Automatic Block Signals System,0,0,,B,Auto Train Control,,,,,,,,,,,
LI,Long Island Rail Road,2011,GR20110501,11,05,LI,Long Island Rail Road,GR20110501,11,05,17,2011-05-17,6:43 AM,07,Hwy-rail crossing,0.0,0.0,0.0,0.0,SYSTEM,SYSTEM,DEER PARK,38.5,36,NY,NEW YORK,103,SUFFOLK,1,50.0,1,Dawn,3,Rain,1,Main,MAINLINE 1,4,4,West,3,Commuter Train - Pulling,Yes,2013,65,Recorded,65,0.0,AD,LI,007341,1,Yes,,,0,,Yes,1.0,0.0,0.0,0.0,0.0,0.0,0.0,0.0,0.0,0.0,0.0,11.0,0.0,0.0,0.0,0.0,0.0,0.0,0.0,0.0,63824.0,15000.0,78824.0,M308,Highway user deliberately disregarded crossing warning devices,M308,Highway user deliberately disregarded crossing warning devices,1,1,1,,44,,44,0.0,1.0,0.0,5.0,1.0,1.0,1.0,7.0,1.0,7.0,1.0,7.0,TRAIN 2013 STRUCK A TRUCK THAT WENT AROUND LOWERED GATES AT EXECUTIVE DRIVE RESULTING IN DAMAGE TO EQUIPMENT AND THIRD RAIL AS WELL AS DEATH OF THE TRUCK DRIVER.,Main,4,No,No,1,LIGR20110501201105,LIGR20110501201105,Passenger (Formerly Commuter),Class 3,"SMT-1 - Amtrak and Commuter East, some Tourist/Historic",LI,Long Island Rail Road,Not Assigned,Passenger (Formerly Commuter),Class 3,"SMT-1 - Amtrak and Commuter East, some Tourist/Historic",LI,Long Island Rail Road,Not Assigned,,0,338165K,,,,,,,,,0,Not a remotely controlled operation,,0.0,0.0,,,,,,,,,,,,,,,,,,
LI,Long Island Rail Road,2011,EQ20110801,11,08,LI,Long Island Rail Road,EQ20110801,11,08,08,2011-08-08,6:54 AM,03,Rear end collision,0.0,0.0,0.0,0.0,,,GREAT NECK,13.83,36,NY,NEW YORK,59,NASSAU,1,80.0,1,Dawn,1,Clear,1,Main,PORT WASH 2,4,3,East,E,DMU,Yes,3400,0,Recorded,9,0.0,,LI,007785,12,No,,,0,,No,0.0,0.0,0.0,0.0,0.0,0.0,0.0,0.0,0.0,0.0,0.0,0.0,0.0,12.0,0.0,0.0,0.0,0.0,0.0,0.0,20000.0,10500.0,50500.0,H605,Failure to comply with restricted speed in connection with the restrictive indication of a block or,H605,Failure to comply with restricted speed in connection with the restrictive indication of a block or,1,1,0,3,44,3,44,0.0,0.0,0.0,0.0,0.0,0.0,0.0,0.0,0.0,2.0,0.0,0.0,TRAIN 3302 STRUCK THE REAR END OF TRAIN 3400 AT THE WEST END OF GREAT NECK STATION ON PW2.,Main,4,No,No,3,LIEQ20110801201108,LIEQ20110801201108,Passenger (Formerly Commuter),Class 3,"SMT-1 - Amtrak and Commuter East, some Tourist/Historic",LI,Long Island Rail Road,Not Assigned,Passenger (Formerly Commuter),Class 3,"SMT-1 - Amtrak and Commuter East, some Tourist/Historic",LI,Long Island Rail Road,Not Assigned,,0,,,,SYSTEM,1,Signaled,Signal Indication,D,Automatic Block Signals System,0,Not a remotely controlled operation,CWR,40.786622,-73.727811,,,0,0,,,,,,,,,,,,,,