reportingrailroadcode,reportingrailroadname,report_year,incidentnumber,accidentyear,accidentmonth,maintenancerailroadcode,maintenancerailroadname,maintenanceaccidentnumber,maintenanceaccidentyear,maintenanceaccidentmonth,day,date,time,accident_type_code,accidenttype,hazmatcars,hazmatcarsdamaged,hazmatreleasedcars,personsevacuated,divisioncode,division,station,milepost,statecode,stateabbr,statename,countycode,countyname,district,temperature,visibilitycode,visibility,weather_condition_code,weathercondition,track_type_code,tracktype,trackname,trackclass,train_direction_code,traindirection,equipment_type_code,equipmenttype,equipmentattended,trainnumber,trainspeed,recordedestimatedspeed,maximumspeed,grosstonnage,method_of_operation_code,firstcarinitials,firstcarnumber,firstcarposition,firstcarloaded,causingcarinitials,causingcarnumber,causingcarposition,causingcarloaded,passengerstransported,headendlocomotives,midtrainmanuallocomotives,midtrainremotelocomotives,rearendmanuallocomotives,rearendremotelocomotives,derailedheadendlocomotives,derailedmidtrainmanuallo,derailedmidtrainremotelo,derailedrearendmanualloc,derailedrearendremoteloc,loadedfreightcars,loadedpassengercars,emptyfreightcars,emptypassengercars,cabooses,derailedloadedfreightcars,derailedloadedpassengercars,derailedemptyfreightcars,derailedemptypassengercars,derailedcabooses,equipmentdamagecost,trackdamagecost,totaldamagecost,primaryaccidentcausecode,primaryaccidentcause,accidentcausecode,accidentcause,engineersonduty,conductorsonduty,brakemenonduty,hoursengineersonduty,minutesengineersonduty,hoursconductorsonduty,minutesconductorsonduty,railroademployeeskilled,railroademployeesinjured,passengerskilled,passengersinjured,otherskilled,othersinjured,personskilledforreportin,personsinjuredforreporti,totalpersonskilled,totalpersonsinjured,totalkilledform54,totalinjuredform54,narrative,jointtracktype,jointtrackclass,classcode,class,jointcd,incidentkey,reportkey,reporting_railroad_company_grouping,reporting_railroad_class,reporting_railroad_smt_grouping,reporting_parent_railroad_company_code,reporting_parent_railroad_company_name,reporting_railroad_holding_company,maintenance_railroad_company_grouping,maintenance_railroad_class,maintenance_railroad_smt_grouping,maintenance_parent_railroad_company_code,maintenance_parent_railroad_company_name,maintenance_railroad_holding_company,trackdensity,firemenonduty,gxid,contributingaccidentcausecode,contributingaccidentcause,subdivision,signalization_code,signalization,methodofoperation,adjunct_1,adjunctcode1,remote_control_locomotive_code,remotecontrollocomotive,specialstudy1,latitude,longitude,adjunct_2,adjunctcode2,positivealcoholtests,positivedrugtests,specialstudy2,adjunct_3,adjunctcode3,otherrailroadcode,otherrailroadname,otheraccidentnumber,accidentyearother,accidentmonthother,other_railroad_company_grouping,other_railroad_class,other_railroad_smt_grouping,other_parent_railroad_company_code,other_parent_railroad_company_name,other_railroad_holding_company
NYA,New York & Atlantic Railway Company,2017,062017,17,06,NYA,New York & Atlantic Railway Company,062017,17,06,20,2017-06-20,11:51 AM,01,Derailment,0.0,0.0,0.0,0.0,,,MEDFORD,52.5,36,NY,NEW YORK,103,SUFFOLK,1,70.0,2,Day,1,Clear,4,Industry,DICARLO SIDING,1,3,East,1,Freight Train,Yes,RS70,7,Recorded,7,750.0,,GACX,680120,7,Yes,,,0,,No,2.0,0.0,0.0,0.0,0.0,0.0,0.0,0.0,0.0,0.0,11.0,0.0,1.0,0.0,0.0,5.0,0.0,0.0,0.0,0.0,3500.0,10000.0,13500.0,T205,Defective or missing crossties (use code T110 if results in wide gage),T205,Defective or missing crossties (use code T110 if results in wide gage),1,1,1,4,50,4,50,0.0,0.0,0.0,0.0,0.0,0.0,0.0,0.0,0.0,0.0,0.0,0.0,"RS70 CREW SHOVED WEST INOT INDUSTRY LEAD AHOLD OF 10 LOADED STONE AND 1 LOADED TANK CAR TO PICK UP ASINGLE EMPTY BOX CAR AT DICARLO.  AFTER HITCHING INTO THE EMPTY BOXCAR, THE CREW HAULED EAST BACK TOWARDS THE MAINLINE.  AFTER TRAVELLING 200FT, THE 7TH CAR FROM THE ENGINES, LOADED STONE HOPPER GACX680120 DERAILED INSIDE THE GAUGE.  THE CREW DID NOT NOTICE THAT THE CAR DERAILED AND CONTINUED TO HAUL EAST, DERAILING THE NEXT FOUR CARS IN THE CONSIST AS WELL.",Industry,1,Cl,Cl,1,NYA062017201706,NYA062017201706,Shortline,Class 3,SMT-2 - Shortline – East,NYA,New York & Atlantic Railway Company,Anacostia R,Shortline,Class 3,SMT-2 - Shortline – East,NYA,New York & Atlantic Railway Company,Anacostia R,,0,,T206,Defective spikes or missing spikes or other rail fasteners (use code T111 if results in wide gage),MAINLINE,2,Not Signaled,Other Than Main Track,K,Restricted Speed or Equivalent,0,Not a remotely controlled operation,OTH,40.807464,-73.045768,,,0,0,000-000-000,,,,,,,,,,,,,
NYA,New York & Atlantic Railway Company,2021,NYA000025,21,06,LI,Long Island Rail Road,75012,21,06,17,2021-06-17,2:51 PM,09,Obstruction,0.0,0.0,0.0,0.0,,,HUNTINGTON,31.900,36,NY,NEW YORK,103,SUFFOLK,1,74.0,2,Day,1,Clear,1,Main,PORT JEFF NO. 1,4,4,West,1,Freight Train,Yes,RS-4,40,Recorded,40,124.0,,DWC,626774,4,No,,,0,,No,2.0,0.0,0.0,0.0,0.0,0.0,0.0,0.0,0.0,0.0,0.0,0.0,4.0,0.0,0.0,0.0,0.0,0.0,0.0,0.0,3408.0,0.0,89732.0,M505,Cause under active investigation by reporting railroad  (Amended report will be forwarded when repor,M505,Cause under active investigation by reporting railroad  (Amended report will be forwarded when repor,1,1,0,8,21,8,21,0.0,2.0,0.0,0.0,0.0,0.0,0.0,2.0,0.0,6.0,0.0,2.0,"NYA RS 41 CREW WAS OPERATING WEST ON PJ NO. 1 TRACK WHEN THEIR TRAIN WAS STRUCK FROM THE REAR, BY LIRR TC82 GEOMETRY CAR. RS 41 ENGINEER AND CONDUCTOR WERE INJURED AND 2 LIRR EMPLOYEE.  AMENDED 8/28/21",Main,4,Cl,Cl,2,LI75012202106,NYANYA000025202106,Shortline,Class 3,SMT-2 - Shortline – East,NYA,New York & Atlantic Railway Company,Anacostia R,Passenger (Formerly Commuter),Class 3,"SMT-1 - Amtrak and Commuter East, some Tourist/Historic",LI,Long Island Rail Road,Not Assigned,9.2,0,,,,PORT JEFFERSON,1,Signaled,Signal Indication,,,0,Not a remotely controlled operation,CWR,40.838599,-73.447141,,,,,000-000-000,,,LI,Long Island Rail Road,75012,21,06,Passenger (Formerly Commuter),Class 3,"SMT-1 - Amtrak and Commuter East, some Tourist/Historic",LI,Long Island Rail Road,Not Assigned
LI,Long Island Rail Road,2020,73341,20,10,LI,Long Island Rail Road,73341,20,10,19,2020-10-19,10:15 PM,13,Other (describe in narrative),0.0,0.0,0.0,0.0,,,HICKSVILLE,24.6,36,NY,NEW YORK,59,NASSAU,1,54.0,4,Dark,1,Clear,3,Siding,ATLANTIC PIPE,1,3,East,8,Light loco(s),Yes,LI E,8,Estimated,8,0.0,,LI,000157,1,No,,,0,,No,1.0,0.0,0.0,0.0,0.0,0.0,0.0,0.0,0.0,0.0,0.0,0.0,0.0,0.0,0.0,0.0,0.0,0.0,0.0,0.0,0.0,44107.0,44107.0,H702,Switch improperly lined,H702,Switch improperly lined,1,1,1,2,15,2,15,0.0,0.0,0.0,0.0,0.0,0.0,0.0,0.0,0.0,0.0,0.0,0.0,"WHILE MAKING A SWITCHING MOVE, THE RF2 TRAILED THROUGH A HAND THROWN SWITCH THAT WAS NOT PROPERLY LINED ON THE ATLANTIC PIPE SIDING TRACK.",Siding,1,No,No,1,LI73341202010,LI73341202010,Passenger (Formerly Commuter),Class 3,"SMT-1 - Amtrak and Commuter East, some Tourist/Historic",LI,Long Island Rail Road,Not Assigned,Passenger (Formerly Commuter),Class 3,"SMT-1 - Amtrak and Commuter East, some Tourist/Historic",LI,Long Island Rail Road,Not Assigned,,,,,,LIRRMAINLINE,1,Signaled,Signal Indication,L,Special Instructions,0,Not a remotely controlled operation,OTH,40.76372,-73.542808,T,Other Than Main Track,0,0,000-000-000,,,,,,,,,,,,,
LI,Long Island Rail Road,2013,EQ20131003,13,10,LI,Long Island Rail Road,EQ20131003,13,10,20,2013-10-20,1:00 AM,09,Obstruction,0.0,0.0,0.0,0.0,,,BAY SHORE,40,36,NY,NEW YORK,103,SUFFOLK,1,55.0,4,Dark,1,Clear,1,Main,MONTAUK 1,1,4,West,E,DMU,Yes,8745,60,Estimated,60,0.0,,LI,000522,1,No,,,0,,Yes,0.0,0.0,0.0,0.0,0.0,0.0,0.0,0.0,0.0,0.0,0.0,5.0,0.0,0.0,0.0,0.0,0.0,0.0,0.0,0.0,22443.0,0.0,22443.0,M402,Object or equipment on or fouling track (motor vehicle - other than highway-rail crossing),M402,Object or equipment on or fouling track (motor vehicle - other than highway-rail crossing),1,1,1,5,11,5,11,0.0,0.0,0.0,0.0,0.0,0.0,0.0,0.0,0.0,0.0,0.0,0.0,"TRAIN 8745 STRUCK AN ABANDONED CAR ON MONTAUK #1, BETWEEN 2ND AND 3RD AVES.",Main,1,No,No,1,LIEQ20131003201310,LIEQ20131003201310,Passenger (Formerly Commuter),Class 3,"SMT-1 - Amtrak and Commuter East, some Tourist/Historic",LI,Long Island Rail Road,Not Assigned,Passenger (Formerly Commuter),Class 3,"SMT-1 - Amtrak and Commuter East, some Tourist/Historic",LI,Long Island Rail Road,Not Assigned,,0,,,,SYSTEM,1,Signaled,Signal Indication,A,Auto Cab Signals,0,Not a remotely controlled operation,CWR,40.726963,-73.24888,B,Auto Train Control,,,,,,,,,,,,,,,,
LI,Long Island Rail Road,2012,GR20120602,12,06,LI,Long Island Rail Road,GR20120602,12,06,11,2012-06-11,4:27 AM,07,Hwy-rail crossing,0.0,0.0,0.0,0.0,,,CENTRAL ISLIP,42.2,36,NY,NEW YORK,103,SUFFOLK,1,60.0,4,Dark,1,Clear,1,Main,MAINLINE1,4,3,East,D,EMU,Yes,2004,75,Recorded,75,0.0,,LI,007462,1,Yes,,,0,,Yes,0.0,0.0,0.0,0.0,0.0,0.0,0.0,0.0,0.0,0.0,0.0,12.0,0.0,0.0,0.0,0.0,0.0,0.0,0.0,0.0,100000.0,10000.0,110000.0,M303,Highway user misjudgment under normal weather and traffic conditions,M303,Highway user misjudgment under normal weather and traffic conditions,1,1,1,1,26,1,26,0.0,1.0,0.0,0.0,1.0,0.0,1.0,1.0,1.0,1.0,1.0,1.0,TRAIN 2004 STRUCK A TRUCK THAT WENT AROUND LOWERED GATES AT ISLIP AVENUE ON THE MAINLINE CAUSING DAMAGE TO 3 CARS OF THE CONSIST,Main,4,No,No,1,LIGR20120602201206,LIGR20120602201206,Passenger (Formerly Commuter),Class 3,"SMT-1 - Amtrak and Commuter East, some Tourist/Historic",LI,Long Island Rail Road,Not Assigned,Passenger (Formerly Commuter),Class 3,"SMT-1 - Amtrak and Commuter East, some Tourist/Historic",LI,Long Island Rail Road,Not Assigned,,0,338170G,,,SYSTEM,1,Signaled,Signal Indication,A,Auto Cab Signals,0,Not a remotely controlled operation,CWR,40.735988,-73.20813,,,,,,,,,,,,,,,,,,
LI,Long Island Rail Road,2011,EQ20110702,11,07,LI,Long Island Rail Road,EQ20110702,11,07,16,2011-07-16,7:40 AM,12,Other impacts,0.0,0.0,0.0,0.0,,,BABYLON,36.8,36,NY,NEW YORK,103,SUFFOLK,1,75.0,1,Dawn,1,Clear,2,Yard,BABYLON YARD 4,1,3,East,7,Yard/switching,Yes,,3,Recorded,3,0.0,,LI,007400,13,No,,,0,,No,1.0,0.0,0.0,0.0,0.0,0.0,0.0,0.0,0.0,0.0,0.0,0.0,0.0,21.0,0.0,0.0,0.0,0.0,0.0,0.0,14000.0,1200.0,15200.0,M599,Other miscellaneous causes (Provide detailed description in narrative),M599,Other miscellaneous causes (Provide detailed description in narrative),1,1,0,,41,,41,0.0,0.0,0.0,0.0,0.0,0.0,0.0,0.0,0.0,0.0,0.0,0.0,YE33 WAS COUPLING 12 CARS TO 10 CARS ON #4 TRACK IN BABYLON YARD WHEN COUPLED TWO CARS SHIFTED TO THE NORTH WHICH SHIFTED THE TRACK.,Yard,1,No,No,1,LIEQ20110702201107,LIEQ20110702201107,Passenger (Formerly Commuter),Class 3,"SMT-1 - Amtrak and Commuter East, some Tourist/Historic",LI,Long Island Rail Road,Not Assigned,Passenger (Formerly Commuter),Class 3,"SMT-1 - Amtrak and Commuter East, some Tourist/Historic",LI,Long Island Rail Road,Not Assigned,,0,,,,SYSTEM,2,Not Signaled,Other Than Main Track,L,Special Instructions,0,Not a remotely controlled operation,OTH,40.706141,-73.311203,,,,,,,,,,,,,,,,,,
LI,Long Island Rail Road,2011,GR20110101,11,01,LI,Long Island Rail Road,GR20110101,11,01,13,2011-01-13,6:35 PM,07,Hwy-rail crossing,0.0,0.0,0.0,0.0,SYSTEM,SYSTEM,FARMINGDALE,30.1,36,NY,NEW YORK,59,NASSAU,1,20.0,4,Dark,1,Clear,1,Main,ML2,4,3,East,2,Passenger Train - Pulling,Yes,2070,75,Estimated,75,0.0,BD,LI,007014,1,Yes,,,0,,Yes,1.0,0.0,0.0,0.0,0.0,0.0,0.0,0.0,0.0,0.0,0.0,9.0,0.0,0.0,0.0,0.0,0.0,0.0,0.0,0.0,22800.0,0.0,22800.0,M304,Highway user cited for violation of highway-rail grade crossing traffic laws,M304,Highway user cited for violation of highway-rail grade crossing traffic laws,1,1,1,4,35,4,35,0.0,0.0,0.0,0.0,0.0,1.0,0.0,1.0,0.0,1.0,0.0,1.0,INTOXICATED FEMALE DROVE AROUND LOWERED GATES IN FARMINGDALE AND CAR WAS STRUCK BY TRAIN 2070.,Main,4,No,No,1,LIGR20110101201101,LIGR20110101201101,Passenger (Formerly Commuter),Class 3,"SMT-1 - Amtrak and Commuter East, some Tourist/Historic",LI,Long Island Rail Road,Not Assigned,Passenger (Formerly Commuter),Class 3,"SMT-1 - Amtrak and Commuter East, some Tourist/Historic",LI,Long Island Rail Road,Not Assigned,,0,338156L,,,,,,,,,0,Not a remotely controlled operation,,0.0,0.0,,,,,,,,,,,,,,,,,,
LI,Long Island Rail Road,2011,EQ20110104,11,01,LI,Long Island Rail Road,EQ20110104,11,01,31,2011-01-31,10:23 AM,01,Derailment,0.0,0.0,0.0,0.0,SYSTEM,SYSTEM,HUNTINGTON,35.6,36,NY,NEW YORK,103,SUFFOLK,1,30.0,2,Day,1,Clear,3,Siding,SOUTHSIDE EXTENSION,1,3,East,2,Passenger Train - Pulling,Yes,1614,7,Estimated,7,0.0,M,LI,007586,1,No,,,0,,No,1.0,0.0,0.0,0.0,0.0,1.0,0.0,0.0,0.0,0.0,0.0,0.0,0.0,9.0,0.0,0.0,0.0,0.0,0.0,0.0,10000.0,0.0,10000.0,H303,"Derail, failure to apply or remove",H303,"Derail, failure to apply or remove",1,1,0,5,14,5,14,0.0,0.0,0.0,0.0,0.0,0.0,0.0,0.0,0.0,0.0,0.0,0.0,"AFTETR COUPLING TRAIN, PROCEEDED TO EAST AND DERAILED OVER DERAIL.",Siding,1,No,No,1,LIEQ20110104201101,LIEQ20110104201101,Passenger (Formerly Commuter),Class 3,"SMT-1 - Amtrak and Commuter East, some Tourist/Historic",LI,Long Island Rail Road,Not Assigned,Passenger (Formerly Commuter),Class 3,"SMT-1 - Amtrak and Commuter East, some Tourist/Historic",LI,Long Island Rail Road,Not Assigned,,0,,,,,,,,,,0,Not a remotely controlled operation,,0.0,0.0,,,,,,,,,,,,,,,,,,
LI,Long Island Rail Road,2013,GR20130103,13,01,LI,Long Island Rail Road,GR20130103,13,01,22,2013-01-22,10:03 AM,07,Hwy-rail crossing,0.0,0.0,0.0,0.0,,,BRENTWOOD,41.0,36,NY,NEW YORK,103,SUFFOLK,1,21.0,2,Day,1,Clear,1,Main,MAINLINE 1,4,3,East,D,EMU,Yes,5006,79,Recorded,79,0.0,,LI,009870,1,No,,,0,,No,0.0,0.0,0.0,0.0,0.0,0.0,0.0,0.0,0.0,0.0,0.0,0.0,0.0,12.0,0.0,0.0,0.0,0.0,0.0,0.0,30000.0,1000.0,31000.0,M308,Highway user deliberately disregarded crossing warning devices,M308,Highway user deliberately disregarded crossing warning devices,1,1,1,2,51,2,51,0.0,0.0,0.0,0.0,2.0,0.0,2.0,0.0,2.0,0.0,2.0,0.0,TRAIN 5006 STRUCK A VEHICLE THAT WENT AROUND GATES AT THE 2ND AVENUE CROSSING WHICH RESULTED IN FATALITIES TO TWO OCCUPANTS OF THE VEHICLE AND SIGNICANT DAMAGE TO CAR 9870.,Main,4,No,No,1,LIGR20130103201301,LIGR20130103201301,Passenger (Formerly Commuter),Class 3,"SMT-1 - Amtrak and Commuter East, some Tourist/Historic",LI,Long Island Rail Road,Not Assigned,Passenger (Formerly Commuter),Class 3,"SMT-1 - Amtrak and Commuter East, some Tourist/Historic",LI,Long Island Rail Road,Not Assigned,,0,338167Y,,,SYSTEM,1,Signaled,Signal Indication,A,Auto Cab Signals,0,Not a remotely controlled operation,CWR,40.779133,-73.250939,,,,,,,,,,,,,,,,,,
LI,Long Island Rail Road,2015,GR20150901,15,09,LI,Long Island Rail Road,GR20150901,15,09,10,2015-09-10,6:00 AM,07,Hwy-rail crossing,0.0,0.0,0.0,0.0,,,BETHPAGE,27.9,36,NY,NEW YORK,59,NASSAU,1,77.0,4,Dark,3,Rain,1,Main,MAINLINE 1,4,4,West,D,EMU,Yes,2009,60,Estimated,60,0.0,,LI,007417,1,Yes,,,0,,Yes,0.0,0.0,0.0,0.0,0.0,0.0,0.0,0.0,0.0,0.0,0.0,12.0,0.0,0.0,0.0,0.0,0.0,0.0,0.0,0.0,51341.0,2000.0,53341.0,M303,Highway user misjudgment under normal weather and traffic conditions,M303,Highway user misjudgment under normal weather and traffic conditions,1,1,1,,46,,46,0.0,0.0,0.0,1.0,0.0,0.0,0.0,1.0,0.0,1.0,0.0,1.0,TRAIN 2009 STRUCK AN ABANDONED CAR AT BROADWAY CROSSING IN BETHPAGE.,Main,4,No,No,1,LIGR20150901201509,LIGR20150901201509,Passenger (Formerly Commuter),Class 3,"SMT-1 - Amtrak and Commuter East, some Tourist/Historic",LI,Long Island Rail Road,Not Assigned,Passenger (Formerly Commuter),Class 3,"SMT-1 - Amtrak and Commuter East, some Tourist/Historic",LI,Long Island Rail Road,Not Assigned,,,338152J,,,SYSTEM,1,Signaled,Signal Indication,A,Auto Cab Signals,0,Not a remotely controlled operation,CWR,40.740695,-73.479827,,,,,,,,,,,,,,,,,,
LI,Long Island Rail Road,2015,EQ20151101,15,11,LI,Long Island Rail Road,EQ20151101,15,11,14,2015-11-14,6:17 PM,09,Obstruction,0.0,0.0,0.0,0.0,,,BABYLON,33.5,36,NY,NEW YORK,103,SUFFOLK,1,44.0,4,Dark,1,Clear,1,Main,MAINLINE 1,4,3,East,D,EMU,Yes,8060,80,Estimated,80,0.0,,LI,007324,1,Yes,,,0,,Yes,0.0,0.0,0.0,0.0,0.0,0.0,0.0,0.0,0.0,0.0,0.0,12.0,0.0,0.0,0.0,0.0,0.0,0.0,0.0,0.0,44036.0,0.0,44036.0,M402,Object or equipment on or fouling track (motor vehicle - other than highway-rail crossing),M402,Object or equipment on or fouling track (motor vehicle - other than highway-rail crossing),1,1,1,3,,3,,0.0,0.0,0.0,0.0,0.0,0.0,0.0,0.0,0.0,0.0,0.0,0.0,TRAIN 8060 STRUCK AN ABANDONED CAR WEST OF THE LITTLE EAST NECK ROAD CROSSING.,Main,4,No,No,1,LIEQ20151101201511,LIEQ20151101201511,Passenger (Formerly Commuter),Class 3,"SMT-1 - Amtrak and Commuter East, some Tourist/Historic",LI,Long Island Rail Road,Not Assigned,Passenger (Formerly Commuter),Class 3,"SMT-1 - Amtrak and Commuter East, some Tourist/Historic",LI,Long Island Rail Road,Not Assigned,0,0,,,,SYSTEM,1,Signaled,Signal Indication,A,Auto Cab Signals,0,Not a remotely controlled operation,CWR,40.749407,-73.381624,,,,,,,,,,,,,,,,,,
LI,Long Island Rail Road,2021,75012,21,06,LI,Long Island Rail Road,75012,21,06,17,2021-06-17,2:41 PM,09,Obstruction,0.0,0.0,0.0,0.0,,,COLD SPRING HARBOR,31.9,36,NY,NEW YORK,103,SUFFOLK,1,74.0,2,Day,1,Clear,1,Main,TRACK 01,4,4,West,9,Maint./inspect Car,Yes,TC-8,40,Recorded,40,0.0,,TC,000082,1,No,,,0,,No,0.0,0.0,0.0,0.0,0.0,0.0,0.0,0.0,0.0,0.0,0.0,0.0,1.0,0.0,0.0,0.0,0.0,1.0,0.0,0.0,86324.0,0.0,89732.0,M505,Cause under active investigation by reporting railroad  (Amended report will be forwarded when repor,M505,Cause under active investigation by reporting railroad  (Amended report will be forwarded when repor,2,,,7,8,,,0.0,4.0,0.0,0.0,0.0,0.0,0.0,4.0,0.0,6.0,0.0,4.0,"THE CREW OF THE LIRR'S TC-82 TRACK GEOMETRY TESTING CAR WAS OPERATING WEST ON PORT JEFFERSON NO. 1 TRACK AND STRUCK THE REAR-END OF NEW YORK AND ATLANTIC RAILWAY (NYAR) RS-41. 2 ADDITIONAL LIRR ENGINEERING EMPLOYEES WHO WERE IN TC-82 WERE ALSO INJURED. ON 10-04-2021, SMS DIRECTOR UPDATED BOX 36 DUETO RECEIPT OF INCREASED EQUIPMENT DAMAGES.",Main,4,No,No,1,LI75012202106,LI75012202106,Passenger (Formerly Commuter),Class 3,"SMT-1 - Amtrak and Commuter East, some Tourist/Historic",LI,Long Island Rail Road,Not Assigned,Passenger (Formerly Commuter),Class 3,"SMT-1 - Amtrak and Commuter East, some Tourist/Historic",LI,Long Island Rail Road,Not Assigned,9.2,,,,,LIRRPORTJEFFERSON,1,Signaled,Signal Indication,D,Automatic Block Signals System,0,Not a remotely controlled operation,CWR,40.838599,-73.447141,,,0,0,000-000-000,,,NYA,New York & Atlantic Railway Company,NYA000025,21,06,Shortline,Class 3,SMT-2 - Shortline – East,NYA,New York & Atlantic Railway Company,Anacostia R
LI,Long Island Rail Road,2021,75516,21,09,LI,Long Island Rail Road,75516,21,09,01,2021-09-01,11:50 PM,09,Obstruction,0.0,0.0,0.0,0.0,,,COLD SPRING HARBOR,32.2,36,NY,NEW YORK,103,SUFFOLK,1,65.0,4,Dark,3,Rain,1,Main,PORT JEFFERSON 1,4,3,East,2,Passenger Train - Pulling,Yes,LI 6,40,Recorded,40,0.0,,LI,000522,1,No,,,0,,,1.0,0.0,0.0,0.0,0.0,0.0,0.0,0.0,0.0,0.0,0.0,0.0,0.0,5.0,0.0,0.0,0.0,0.0,0.0,0.0,53455.0,0.0,53455.0,M404,"Object or equipment on or fouling track - other than above (for  vandalism, see code M503)",M404,"Object or equipment on or fouling track - other than above (for  vandalism, see code M503)",1,1,1,8,19,8,19,0.0,0.0,0.0,0.0,0.0,0.0,0.0,0.0,0.0,0.0,0.0,0.0,"TRAIN 676 REPORTED STRIKING DEBRIS FROM A LANDSLIDE EAST OF THE COLD SPRING HARBOR PASSENGER STATION, WEST OF W. ROGUES PATH CROSSING.",Main,4,No,No,1,LI75516202109,LI75516202109,Passenger (Formerly Commuter),Class 3,"SMT-1 - Amtrak and Commuter East, some Tourist/Historic",LI,Long Island Rail Road,Not Assigned,Passenger (Formerly Commuter),Class 3,"SMT-1 - Amtrak and Commuter East, some Tourist/Historic",LI,Long Island Rail Road,Not Assigned,9.2,,,,,LIRR PORT JEFFERSON,1,Signaled,Signal Indication,A,Auto Cab Signals,0,Not a remotely controlled operation,CWR,40.837717,-73.449304,D,Automatic Block Signals System,,,000-000-000,,,,,,,,,,,,,
LI,Long Island Rail Road,2017,GR20170303,17,03,LI,Long Island Rail Road,GR20170303,17,03,25,2017-03-25,6:08 PM,07,Hwy-rail crossing,0.0,0.0,0.0,0.0,,,PATCHOGUE,52.8,36,NY,NEW YORK,103,SUFFOLK,1,43.0,3,Dusk,2,Cloudy,1,Main,MONTAUK 1,4,4,West,B,Passenger Train - Pushing,Yes,8731,28,Recorded,28,0.0,,LI,005003,1,Yes,,,0,,Yes,0.0,0.0,0.0,0.0,1.0,0.0,0.0,0.0,0.0,0.0,0.0,3.0,0.0,0.0,0.0,0.0,0.0,0.0,0.0,0.0,53413.0,0.0,53413.0,M308,Highway user deliberately disregarded crossing warning devices,M308,Highway user deliberately disregarded crossing warning devices,1,1,1,1,4,1,4,0.0,0.0,0.0,1.0,0.0,0.0,0.0,1.0,0.0,1.0,0.0,1.0,TRAIN 8731 STRUCK AN OCCUPIED CAR ABANDONED ON RIVER AVENUE CROSSING.,Main,4,No,No,1,LIGR20170303201703,LIGR20170303201703,Passenger (Formerly Commuter),Class 3,"SMT-1 - Amtrak and Commuter East, some Tourist/Historic",LI,Long Island Rail Road,Not Assigned,Passenger (Formerly Commuter),Class 3,"SMT-1 - Amtrak and Commuter East, some Tourist/Historic",LI,Long Island Rail Road,Not Assigned,,0,338048P,,,SYSTEM,1,Signaled,Signal Indication,,,0,Not a remotely controlled operation,CWR,40.760252,-73.021978,,,,,,,,,,,,,,,,,,
LI,Long Island Rail Road,1997,EQ970706,97,07,LI,Long Island Rail Road,EQ970706,97,07,26,1997-07-26,11:25 AM,12,Other impacts,0.0,0.0,0.0,0.0,SYSTEM,SYSTEM,BABYLON,35.5,36,NY,NEW YORK,103,SUFFOLK,1,81.0,2,Day,1,Clear,2,Yard,YARD TRACK 9,1,4,West,7,Yard/switching,Yes,YE-3,0,Recorded,1,0.0,MN,LI,009873,1,No,,,0,,No,1.0,0.0,0.0,0.0,0.0,0.0,0.0,0.0,0.0,0.0,0.0,0.0,0.0,7.0,0.0,0.0,0.0,0.0,0.0,0.0,0.0,0.0,56200.0,E99C,"Other mechanical and electrical failures, (CAR) (Provide detailed description in narrative)",E99C,"Other mechanical and electrical failures, (CAR) (Provide detailed description in narrative)",1,1,,4,26,4,26,0.0,0.0,0.0,0.0,0.0,0.0,0.0,0.0,0.0,0.0,0.0,0.0,"THE YARD CREW YE-33 MOVED MU EQUIPMENT WESTWARD ON 9 TRACK TO THE LADDER TRACK SWITCH AT BABYLON YARD, AND STOPPED THE TRAIN CLEAR OF THE LADDER TRACK.  A DIESEL CONSIST (TRAIN 8734) THE PROCEEDED EASTWARD ON THE LADDER TRACK GOING TO NUMBER 2 BABYLON YARD TRACK.  AS THE DIESEL CONSIST PASSED THE STATIONARY MU CONSIST, THE THIRD AND FOURTH CAR OF THE DIESEL CONSIST (CAR NUMBERS 2710 AND 2719) SIDESWIPED THE LEAD CAR OF THE MU CONSIST (MU CAR NUMBER 9873).  THE CAUSE WAS DETERMINED TO BE EXCESSIVE LATERAL MOVEMENT OF THE DIESEL EQUIPMENT CAR NUMBERS 2710 AND 2719.NoneNoneNoneNoneNoneNoneNoneNoneNone",Yard,1,3L,3L,3,LIEQ970706199707,LIEQ970706199707,Passenger (Formerly Commuter),Class 3,"SMT-1 - Amtrak and Commuter East, some Tourist/Historic",LI,Long Island Rail Road,Not Assigned,Passenger (Formerly Commuter),Class 3,"SMT-1 - Amtrak and Commuter East, some Tourist/Historic",LI,Long Island Rail Road,Not Assigned,,,,,,,,,,,,,,,,,,,,,,,,,,,,,,,,,,