reportingrailroadcode,reportingrailroadname,report_year,incidentnumber,accidentyear,accidentmonth,maintenancerailroadcode,maintenancerailroadname,maintenanceaccidentnumber,maintenanceaccidentyear,maintenanceaccidentmonth,day,date,time,accident_type_code,accidenttype,hazmatcars,hazmatcarsdamaged,hazmatreleasedcars,personsevacuated,divisioncode,division,station,milepost,statecode,stateabbr,statename,countycode,countyname,district,temperature,visibilitycode,visibility,weather_condition_code,weathercondition,track_type_code,tracktype,trackname,trackclass,train_direction_code,traindirection,equipment_type_code,equipmenttype,equipmentattended,trainnumber,trainspeed,recordedestimatedspeed,maximumspeed,grosstonnage,method_of_operation_code,firstcarinitials,firstcarnumber,firstcarposition,firstcarloaded,causingcarinitials,causingcarnumber,causingcarposition,causingcarloaded,passengerstransported,headendlocomotives,midtrainmanuallocomotives,midtrainremotelocomotives,rearendmanuallocomotives,rearendremotelocomotives,derailedheadendlocomotives,derailedmidtrainmanuallo,derailedmidtrainremotelo,derailedrearendmanualloc,derailedrearendremoteloc,loadedfreightcars,loadedpassengercars,emptyfreightcars,emptypassengercars,cabooses,derailedloadedfreightcars,derailedloadedpassengercars,derailedemptyfreightcars,derailedemptypassengercars,derailedcabooses,equipmentdamagecost,trackdamagecost,totaldamagecost,primaryaccidentcausecode,primaryaccidentcause,accidentcausecode,accidentcause,engineersonduty,conductorsonduty,brakemenonduty,hoursengineersonduty,minutesengineersonduty,hoursconductorsonduty,minutesconductorsonduty,railroademployeeskilled,railroademployeesinjured,passengerskilled,passengersinjured,otherskilled,othersinjured,personskilledforreportin,personsinjuredforreporti,totalpersonskilled,totalpersonsinjured,totalkilledform54,totalinjuredform54,narrative,jointtracktype,jointtrackclass,classcode,class,jointcd,incidentkey,reportkey,reporting_railroad_company_grouping,reporting_railroad_class,reporting_railroad_smt_grouping,reporting_parent_railroad_company_code,reporting_parent_railroad_company_name,reporting_railroad_holding_company,maintenance_railroad_company_grouping,maintenance_railroad_class,maintenance_railroad_smt_grouping,maintenance_parent_railroad_company_code,maintenance_parent_railroad_company_name,maintenance_railroad_holding_company,trackdensity,firemenonduty,gxid,contributingaccidentcausecode,contributingaccidentcause,subdivision,signalization_code,signalization,methodofoperation,adjunct_1,adjunctcode1,remote_control_locomotive_code,remotecontrollocomotive,specialstudy1,latitude,longitude,adjunct_2,adjunctcode2,positivealcoholtests,positivedrugtests,specialstudy2,adjunct_3,adjunctcode3,otherrailroadcode,otherrailroadname,otheraccidentnumber,accidentyearother,accidentmonthother,other_railroad_company_grouping,other_railroad_class,other_railroad_smt_grouping,other_parent_railroad_company_code,other_parent_railroad_company_name,other_railroad_holding_company
LI,Long Island Rail Road,1997,EQ970706,97,07,LI,Long Island Rail Road,EQ970706,97,07,26,1997-07-26,11:25 AM,12,Other impacts,0.0,0.0,0.0,0.0,SYSTEM,SYSTEM,BABYLON,35.5,36,NY,NEW YORK,103,SUFFOLK,1,81.0,2,Day,1,Clear,2,Yard,YARD TRACK 2,1,3,East,7,Yard/switching,Yes,8734,1,Estimated,1,0.0,MN,LI,002719,3,No,LI,002719,3,No,No,1.0,0.0,0.0,0.0,1.0,0.0,0.0,0.0,0.0,0.0,0.0,0.0,0.0,6.0,0.0,0.0,0.0,0.0,0.0,0.0,56200.0,0.0,56200.0,E99C,"Other mechanical and electrical failures, (CAR) (Provide detailed description in narrative)",E99C,"Other mechanical and electrical failures, (CAR) (Provide detailed description in narrative)",1,1,1,4,58,4,58,0.0,0.0,0.0,0.0,0.0,0.0,0.0,0.0,0.0,0.0,0.0,0.0,"THE YARD CREW YE-33 MOVED MU EQUIPMENT WESTWARD ON 9 TRACK TO THE LADDER TRACK SWITCH AT BABYLON YARD, AND STOPPED THE TRAIN CLEAR OF THE LADDER TRACK.  A DIESEL CONSIST (TRAIN 8734) THEN PROCEEDED EASTWARD ON THE LADDER TRACK GOING TO NUMBER 2 BABYLON YARD TRACK.  AS THE DIESEL CONSIST PASSED THE STATIONARY MU CONSIST, THE THIRD AND FOURTH CAR OF THE DIESEL CONSIST (CAR NUMBERS 2710 AND 2719) SIDESWIPED THE LEAD CAR OF THE MU CONSIST (MU CAR NUMBER 9873).  THE CAUSE WAS DETERMINED TO BE EXCESSIVE LATERAL MOVEMENT OF THE DIESEL EQUIPMENT CAR NUMBERS 2710 AND 2719.NoneNoneNoneNoneNoneNoneNoneNoneNone",Yard,1,3L,3L,1,LIEQ970706199707,LIEQ970706199707,Passenger (Formerly Commuter),Class 3,"SMT-1 - Amtrak and Commuter East, some Tourist/Historic",LI,Long Island Rail Road,Not Assigned,Passenger (Formerly Commuter),Class 3,"SMT-1 - Amtrak and Commuter East, some Tourist/Historic",LI,Long Island Rail Road,Not Assigned,,,,,,,,,,,,,,,,,,,,,,,,,,,,,,,,,,
LI,Long Island Rail Road,1997,EQ970702,97,07,LI,Long Island Rail Road,EQ970702,97,07,15,1997-07-15,9:10 PM,01,Derailment,0.0,0.0,0.0,0.0,SYSTEM,SYSTEM,MONTAUK,115.8,36,NY,NEW YORK,103,SUFFOLK,1,75.0,4,Dark,4,Fog,2,Yard,MONTAUK LADDER,1,3,East,2,Passenger Train - Pulling,Yes,2716,14,Recorded,14,0.0,IMN,ENG,000252,1,No,,,0,,Yes,1.0,0.0,0.0,0.0,1.0,1.0,0.0,0.0,0.0,0.0,0.0,6.0,0.0,0.0,0.0,0.0,1.0,0.0,0.0,0.0,6567.0,9327.0,15894.0,M599,Other miscellaneous causes (Provide detailed description in narrative),M599,Other miscellaneous causes (Provide detailed description in narrative),1,1,1,3,53,3,23,0.0,0.0,0.0,0.0,0.0,0.0,0.0,0.0,0.0,0.0,0.0,0.0,"TRAIN NUMBER 2716 WAS PROCEEDING INTO MONTAUK STATION AT RESTRICTED SPEED NOT EXCEEDING 15 MPH WHENTHE LEAD ENGINE (NUMBER 252), AND THE EAST CAR (NUMBER 2835) DERAILED, RESULTING IN DAMAGE TO EQUIPMENT AND TRACK STRUCTURE.  ALTHOUGH THE EQUIPMENT INVOLVED, TRACK STRUCTURE AND OPERATING SPEED WERECONFIRMED TO BE WITHIN STANDARDS, THE CAUSE OF THIS ACCIDENT WAS DETERMINED TO BE A COMBINATION OF THE FOLLOWING OPERATIONAL FACTORS:  1. RAIL JOINT HIGH LOW CONDITION APPROXIMATELY 3/16 OF AN INCH.2. TRAIN SPEED WAS 14 MPH AT THE TIME OF DERAILMENT, AND CONFIRMED BY EVENT RECORDER.  NOTE:  THE YARD SPEED AT THIS LOCATION IS RESTRICTED SPEED NOT TO EXCEED 15 MPH.  3. DIAMETER DIFFERENTIAL BETWEEN THE DERAILED WHEEL SETS OF THE TWO AXLE TRUCK.NoneNoneNoneNoneNoneNoneNone",Yard,1,3L,3L,1,LIEQ970702199707,LIEQ970702199707,Passenger (Formerly Commuter),Class 3,"SMT-1 - Amtrak and Commuter East, some Tourist/Historic",LI,Long Island Rail Road,Not Assigned,Passenger (Formerly Commuter),Class 3,"SMT-1 - Amtrak and Commuter East, some Tourist/Historic",LI,Long Island Rail Road,Not Assigned,,,,,,,,,,,,,,,,,,,,,,,,,,,,,,,,,,
LI,Long Island Rail Road,1997,EQ970704,97,07,LI,Long Island Rail Road,EQ970704,97,07,26,1997-07-26,2:39 PM,01,Derailment,0.0,0.0,0.0,0.0,SYSTEM,SYSTEM,BABYLON,35.5,36,NY,NEW YORK,103,SUFFOLK,1,80.0,2,Day,1,Clear,2,Yard,17 - 16 DIVIDER,1,3,East,7,Yard/switching,Yes,6106,5,Estimated,5,0.0,MN,LI,009145,6,No,,,0,,No,1.0,0.0,0.0,0.0,0.0,0.0,0.0,0.0,0.0,0.0,0.0,0.0,0.0,7.0,0.0,0.0,0.0,0.0,2.0,0.0,6837.0,5477.0,12314.0,T314,Switch point worn or broken,T314,Switch point worn or broken,1,1,1,9,25,9,25,0.0,0.0,0.0,0.0,0.0,0.0,0.0,0.0,0.0,0.0,0.0,0.0,"AS TRAIN NUMBER 6106 TRAVELED EASTWARD INTO BABYLON YARD, THE SIXTH CAR OF THE MU CONSIST DERAILED OVER THE 16-17 DIVIDER SWITCH.  THE CAUSE WAS DETERMINED TO BE A BROKEN SWITCH POINT UNDER TRAFFIC DURING THE YARD MOVEMENT.NoneNoneNoneNoneNoneNoneNoneNoneNoneNoneNoneNone",Yard,1,3L,3L,1,LIEQ970704199707,LIEQ970704199707,Passenger (Formerly Commuter),Class 3,"SMT-1 - Amtrak and Commuter East, some Tourist/Historic",LI,Long Island Rail Road,Not Assigned,Passenger (Formerly Commuter),Class 3,"SMT-1 - Amtrak and Commuter East, some Tourist/Historic",LI,Long Island Rail Road,Not Assigned,,,,,,,,,,,,,,,,,,,,,,,,,,,,,,,,,,
LI,Long Island Rail Road,1997,EQ970707,97,07,LI,Long Island Rail Road,EQ970707,97,07,29,1997-07-29,7:44 AM,01,Derailment,0.0,0.0,0.0,0.0,SYSTEM,SYSTEM,DEER PARK,36,36,NY,NEW YORK,103,SUFFOLK,1,70.0,2,Day,1,Clear,1,Main,MAINLINE,4,4,West,2,Passenger Train - Pulling,Yes,2023,75,Estimated,75,0.0,ADGIM,LI,009345,7,Yes,LI,009345,7,Yes,Yes,1.0,0.0,0.0,0.0,0.0,0.0,0.0,0.0,0.0,0.0,0.0,11.0,0.0,0.0,0.0,0.0,1.0,0.0,0.0,0.0,47908.0,26007.0,73915.0,E99C,"Other mechanical and electrical failures, (CAR) (Provide detailed description in narrative)",E99C,"Other mechanical and electrical failures, (CAR) (Provide detailed description in narrative)",1,1,1,3,7,3,7,0.0,0.0,0.0,5.0,0.0,0.0,0.0,5.0,0.0,5.0,0.0,5.0,"ONE OF THE TRACTION MOTORS OF MU CAR NUMBER 9345 FAILED AND DROPPED DOWN RESULTING IN THE WHEEL LIFTAND DERAILMENT OF THE ""B"" END TRUCK OF CAR NUMBER 9345.NoneNoneNoneNoneNoneNoneNoneNoneNoneNoneNoneNoneNone",Main,4,3L,3L,1,LIEQ970707199707,LIEQ970707199707,Passenger (Formerly Commuter),Class 3,"SMT-1 - Amtrak and Commuter East, some Tourist/Historic",LI,Long Island Rail Road,Not Assigned,Passenger (Formerly Commuter),Class 3,"SMT-1 - Amtrak and Commuter East, some Tourist/Historic",LI,Long Island Rail Road,Not Assigned,,,,,,,,,,,,,,,,,,,,,,,,,,,,,,,,,,
LI,Long Island Rail Road,1997,EQ970707,97,07,LI,Long Island Rail Road,EQ970707,97,07,29,1997-07-29,7:44 AM,01,Derailment,0.0,0.0,0.0,0.0,SYSTEM,SYSTEM,DEER PARK,36,36,NY,NEW YORK,103,SUFFOLK,1,70.0,2,Day,1,Clear,1,Main,MAINLINE,4,4,West,2,Passenger Train - Pulling,Yes,2023,75,Estimated,75,0.0,ADGIM,LI,009345,7,Yes,LI,009345,7,Yes,Yes,1.0,0.0,0.0,0.0,0.0,0.0,0.0,0.0,0.0,0.0,0.0,11.0,0.0,0.0,0.0,0.0,1.0,0.0,0.0,0.0,47908.0,26007.0,73915.0,E99C,"Other mechanical and electrical failures, (CAR) (Provide detailed description in narrative)",E99C,"Other mechanical and electrical failures, (CAR) (Provide detailed description in narrative)",1,1,1,3,7,3,7,0.0,0.0,0.0,5.0,0.0,0.0,0.0,5.0,0.0,5.0,0.0,5.0,"ONE OF THE TRACTION MOTORS OF MU CAR NUMBER 9345 FAILED AND DROPPED DOWN RESULTING IN THE WHEEL LIFTAND DERAILMENT OF THE ""B"" END TRUCK OF CAR NUMBER 9345.NoneNoneNoneNoneNoneNoneNoneNoneNoneNoneNoneNoneNone",Main,4,3L,3L,1,LIEQ970707199707,LIEQ970707199707,Passenger (Formerly Commuter),Class 3,"SMT-1 - Amtrak and Commuter East, some Tourist/Historic",LI,Long Island Rail Road,Not Assigned,Passenger (Formerly Commuter),Class 3,"SMT-1 - Amtrak and Commuter East, some Tourist/Historic",LI,Long Island Rail Road,Not Assigned,,,,,,,,,,,,,,,,,,,,,,,,,,,,,,,,,,
LI,Long Island Rail Road,1997,EQ970801,97,08,LI,Long Island Rail Road,EQ970801,97,08,10,1997-08-10,12:13 AM,09,Obstruction,0.0,0.0,0.0,0.0,SYSTEM,SYSTEM,HICKSVILLE,25.5,36,NY,NEW YORK,59,NASSAU,1,78.0,4,Dark,1,Clear,1,Main,MAIN LINE 2,4,3,East,2,Passenger Train - Pulling,Yes,8072,45,Estimated,45,0.0,ADGIM,LI,009542,1,No,,,0,,Yes,1.0,0.0,0.0,0.0,0.0,0.0,0.0,0.0,0.0,0.0,0.0,4.0,0.0,3.0,0.0,0.0,0.0,0.0,0.0,0.0,8738.0,171.0,8909.0,M503,"Vandalism of track or track appliances, e.g., objects  placed on track, switch thrown, etc.",M503,"Vandalism of track or track appliances, e.g., objects  placed on track, switch thrown, etc.",1,1,1,8,,8,,0.0,0.0,0.0,0.0,0.0,0.0,0.0,0.0,0.0,0.0,0.0,0.0,"TRAIN NUMBER 8072, TRAVELING EASTBOUND ON MAINLINE NUMBER 2 TRACK EAST OF DIVIDE TOWER AT HICKSVILLE, STRUCK A LARGE WOODEN CABLE SPOOL THAT WAS PLACED ON TRACKS BY VANDALS.  THIS OBSTRUCTION INCIDENTTESULTED IN A 27 MINUTE DELAY, AND DAMAGE TO THE TRAIN INVOLVED.NoneNoneNoneNoneNoneNoneNoneNoneNoneNoneNoneNone",Main,4,3L,3L,1,LIEQ970801199708,LIEQ970801199708,Passenger (Formerly Commuter),Class 3,"SMT-1 - Amtrak and Commuter East, some Tourist/Historic",LI,Long Island Rail Road,Not Assigned,Passenger (Formerly Commuter),Class 3,"SMT-1 - Amtrak and Commuter East, some Tourist/Historic",LI,Long Island Rail Road,Not Assigned,,,,,,,,,,,,,,,,,,,,,,,,,,,,,,,,,,
LI,Long Island Rail Road,1997,EQ970801,97,08,LI,Long Island Rail Road,EQ970801,97,08,10,1997-08-10,12:13 AM,09,Obstruction,0.0,0.0,0.0,0.0,SYSTEM,SYSTEM,HICKSVILLE,25.5,36,NY,NEW YORK,59,NASSAU,1,78.0,4,Dark,1,Clear,1,Main,MAIN LINE 2,4,3,East,2,Passenger Train - Pulling,Yes,8072,45,Estimated,45,0.0,ADGIM,LI,009542,1,No,,,0,,Yes,1.0,0.0,0.0,0.0,0.0,0.0,0.0,0.0,0.0,0.0,0.0,4.0,0.0,3.0,0.0,0.0,0.0,0.0,0.0,0.0,8738.0,171.0,8909.0,M503,"Vandalism of track or track appliances, e.g., objects  placed on track, switch thrown, etc.",M503,"Vandalism of track or track appliances, e.g., objects  placed on track, switch thrown, etc.",1,1,1,8,,8,,0.0,0.0,0.0,0.0,0.0,0.0,0.0,0.0,0.0,0.0,0.0,0.0,"TRAIN NUMBER 8072, TRAVELING EASTBOUND ON MAINLINE NUMBER 2 TRACK EAST OF DIVIDE TOWER AT HICKSVILLE, STRUCK A LARGE WOODEN CABLE SPOOL THAT WAS PLACED ON TRACKS BY VANDALS.  THIS OBSTRUCTION INCIDENTTESULTED IN A 27 MINUTE DELAY, AND DAMAGE TO THE TRAIN INVOLVED.NoneNoneNoneNoneNoneNoneNoneNoneNoneNoneNoneNone",Main,4,3L,3L,1,LIEQ970801199708,LIEQ970801199708,Passenger (Formerly Commuter),Class 3,"SMT-1 - Amtrak and Commuter East, some Tourist/Historic",LI,Long Island Rail Road,Not Assigned,Passenger (Formerly Commuter),Class 3,"SMT-1 - Amtrak and Commuter East, some Tourist/Historic",LI,Long Island Rail Road,Not Assigned,,,,,,,,,,,,,,,,,,,,,,,,,,,,,,,,,,
LI,Long Island Rail Road,1997,EQ970901,97,09,LI,Long Island Rail Road,EQ970901,97,09,06,1997-09-06,3:21 AM,11,Fire/violent rupture,0.0,0.0,0.0,0.0,SYSTEM,SYSTEM,BABYLON,37.5,36,NY,NEW YORK,103,SUFFOLK,1,62.0,4,Dark,1,Clear,2,Yard,WEST LEAD,1,3,East,7,Yard/switching,No,194,0,Recorded,0,0.0,AN,LI,009717,1,No,,,0,,No,1.0,0.0,0.0,0.0,0.0,0.0,0.0,0.0,0.0,0.0,0.0,0.0,0.0,7.0,0.0,0.0,0.0,0.0,0.0,0.0,750000.0,112.0,750112.0,M599,Other miscellaneous causes (Provide detailed description in narrative),M599,Other miscellaneous causes (Provide detailed description in narrative),,,,,,,,0.0,0.0,0.0,0.0,0.0,0.0,0.0,0.0,0.0,0.0,0.0,0.0,THE UNATTENDED EQUIPMENT THAT WAS PREVIOUSLY USED FOR TRAIN NUMBER 194 WAS BEING STORED IN BABYLON YARDON THE WEST LEAD YARD TRACK WHEN A FIRE HAD STARTED IN THE LAVATORY OF THE WEST CAR NUMBER 9117 OF THE 8 CAR MU CONSIST.THROUGH INVESTIGATION IT WAS DETERMINED THAT THE FIRE WAS NOT CAUSED BY ANY MECHANICAL OR ELECTRICAL FAILURE. THE INVESTIGATION CONCLUDED THAT THE FIRE WAS CASED BY DISCARDED SMOKING MATERIAL ( IE CIGARRTTE OR MATCH). IT WAS NOT DETERMINED IF THE FIRE WAS INTERTIONALLY SET ORACCIDENTAL AS RESULT OF CARELESS SMOKING AND THE POLICE INVESTIGATION IS CONTINUING.NoneNoneNoneNoneNoneNoneNoneNoneNone,Yard,1,3L,3L,1,LIEQ970901199709,LIEQ970901199709,Passenger (Formerly Commuter),Class 3,"SMT-1 - Amtrak and Commuter East, some Tourist/Historic",LI,Long Island Rail Road,Not Assigned,Passenger (Formerly Commuter),Class 3,"SMT-1 - Amtrak and Commuter East, some Tourist/Historic",LI,Long Island Rail Road,Not Assigned,,,,,,,,,,,,,,,,,,,,,,,,,,,,,,,,,,
LI,Long Island Rail Road,1997,EQ971002,97,10,LI,Long Island Rail Road,EQ971002,97,10,08,1997-10-08,6:24 AM,11,Fire/violent rupture,0.0,0.0,0.0,0.0,SYSTEM,SYSTEM,HICKSVILLE,23.8,36,NY,NEW YORK,59,NASSAU,1,60.0,1,Dawn,1,Clear,1,Main,MAIN LINE 1,4,4,West,2,Passenger Train - Pulling,Yes,2099,30,Estimated,30,0.0,ADFIM,LI,009941,5,Yes,LI,009941,5,Yes,Yes,1.0,0.0,0.0,0.0,0.0,0.0,0.0,0.0,0.0,0.0,0.0,7.0,0.0,0.0,0.0,0.0,0.0,0.0,0.0,0.0,69000.0,0.0,69000.0,E99C,"Other mechanical and electrical failures, (CAR) (Provide detailed description in narrative)",E99C,"Other mechanical and electrical failures, (CAR) (Provide detailed description in narrative)",1,1,1,4,6,4,6,0.0,0.0,0.0,0.0,0.0,0.0,0.0,0.0,0.0,0.0,0.0,0.0,"TRAIN NUMBER 2099 WAS PROCEEDING WESTWARD IN DIVIDE INTERLOCKING WHEN THE SOUTH SIDE ""B""  END TRUCKOF MU CAR NUMBER 9941 BEGAN TO FLASH DUE TO ELECTRICAL GROUND RESULTING FROM A CARBONIZED THIRD RAILSHOE BEAM.  THE INSULATION COATING ON THE SHOE BEAM WAS CONTAMINATED MAKING THE SHOE BEAM CONDUCTIVE TO ELECTRICAL ""TRACKING"",  CAUSING  HIGH VOLTAGE ELECTRICAL CURRENT TO TRACK ALONG THE SHOE BEAM TO GROUND.  THIS RESULTED IN ELECTRICAL FIRE AND DAMAGE TO THE MU CAR 9941.NoneNoneNoneNoneNoneNoneNoneNoneNoneNone",Main,4,3L,3L,1,LIEQ971002199710,LIEQ971002199710,Passenger (Formerly Commuter),Class 3,"SMT-1 - Amtrak and Commuter East, some Tourist/Historic",LI,Long Island Rail Road,Not Assigned,Passenger (Formerly Commuter),Class 3,"SMT-1 - Amtrak and Commuter East, some Tourist/Historic",LI,Long Island Rail Road,Not Assigned,,,,,,,,,,,,,,,,,,,,,,,,,,,,,,,,,,
LI,Long Island Rail Road,1997,EQ971002,97,10,LI,Long Island Rail Road,EQ971002,97,10,08,1997-10-08,6:24 AM,11,Fire/violent rupture,0.0,0.0,0.0,0.0,SYSTEM,SYSTEM,HICKSVILLE,23.8,36,NY,NEW YORK,59,NASSAU,1,60.0,1,Dawn,1,Clear,1,Main,MAIN LINE 1,4,4,West,2,Passenger Train - Pulling,Yes,2099,30,Estimated,30,0.0,ADFIM,LI,009941,5,Yes,LI,009941,5,Yes,Yes,1.0,0.0,0.0,0.0,0.0,0.0,0.0,0.0,0.0,0.0,0.0,7.0,0.0,0.0,0.0,0.0,0.0,0.0,0.0,0.0,69000.0,0.0,69000.0,E99C,"Other mechanical and electrical failures, (CAR) (Provide detailed description in narrative)",E99C,"Other mechanical and electrical failures, (CAR) (Provide detailed description in narrative)",1,1,1,4,6,4,6,0.0,0.0,0.0,0.0,0.0,0.0,0.0,0.0,0.0,0.0,0.0,0.0,"TRAIN NUMBER 2099 WAS PROCEEDING WESTWARD IN DIVIDE INTERLOCKING WHEN THE SOUTH SIDE ""B""  END TRUCKOF MU CAR NUMBER 9941 BEGAN TO FLASH DUE TO ELECTRICAL GROUND RESULTING FROM A CARBONIZED THIRD RAILSHOE BEAM.  THE INSULATION COATING ON THE SHOE BEAM WAS CONTAMINATED MAKING THE SHOE BEAM CONDUCTIVE TO ELECTRICAL ""TRACKING"",  CAUSING  HIGH VOLTAGE ELECTRICAL CURRENT TO TRACK ALONG THE SHOE BEAM TO GROUND.  THIS RESULTED IN ELECTRICAL FIRE AND DAMAGE TO THE MU CAR 9941.NoneNoneNoneNoneNoneNoneNoneNoneNoneNone",Main,4,3L,3L,1,LIEQ971002199710,LIEQ971002199710,Passenger (Formerly Commuter),Class 3,"SMT-1 - Amtrak and Commuter East, some Tourist/Historic",LI,Long Island Rail Road,Not Assigned,Passenger (Formerly Commuter),Class 3,"SMT-1 - Amtrak and Commuter East, some Tourist/Historic",LI,Long Island Rail Road,Not Assigned,,,,,,,,,,,,,,,,,,,,,,,,,,,,,,,,,,
LI,Long Island Rail Road,1997,EQ971102,97,11,LI,Long Island Rail Road,EQ971102,97,11,04,1997-11-04,10:20 PM,09,Obstruction,0.0,0.0,0.0,0.0,SYSTEM,SYSTEM,BRENTWOOD,39.4,36,NY,NEW YORK,103,SUFFOLK,1,40.0,4,Dark,1,Clear,1,Main,MAINLINE,4,3,East,2,Passenger Train - Pulling,Yes,2082,60,Estimated,60,0.0,ADGIM,LI,009726,1,Yes,,,0,,Yes,1.0,0.0,0.0,0.0,0.0,0.0,0.0,0.0,0.0,0.0,0.0,7.0,0.0,0.0,0.0,0.0,0.0,0.0,0.0,0.0,66756.0,217.0,66973.0,M503,"Vandalism of track or track appliances, e.g., objects  placed on track, switch thrown, etc.",M503,"Vandalism of track or track appliances, e.g., objects  placed on track, switch thrown, etc.",1,1,1,5,7,5,7,0.0,0.0,0.0,0.0,0.0,0.0,0.0,0.0,0.0,0.0,0.0,0.0,"TRAIN NUMBER 2082 WAS OPERATING EASTWARD ON THE MAIN LINE TRACK,  OPERATING AT APPROXIMATELY 60 MPH,WHEN THE TRAIN STRUCK A PLASTIC BAG FILLED WITH EMPTY SODA AND BEER CANS WHICH WAS PLACED ON THE TRACK BY VANDALS.  THE METAL DEBRIS CAUSED ELECTRICAL ARKING UNDER THE LEAD CAR (MU -9726) WHICH RESULTED IN EXTENSIVE EQUIPMENT DAMAGE TO THAT CAR.NoneNoneNoneNoneNoneNoneNoneNoneNoneNoneNone",Main,4,3L,3L,1,LIEQ971102199711,LIEQ971102199711,Passenger (Formerly Commuter),Class 3,"SMT-1 - Amtrak and Commuter East, some Tourist/Historic",LI,Long Island Rail Road,Not Assigned,Passenger (Formerly Commuter),Class 3,"SMT-1 - Amtrak and Commuter East, some Tourist/Historic",LI,Long Island Rail Road,Not Assigned,.,,,,,,,,,,,,,,,,,,,,,,,,,,,,,,,,,
LI,Long Island Rail Road,1997,EQ971102,97,11,LI,Long Island Rail Road,EQ971102,97,11,04,1997-11-04,10:20 PM,09,Obstruction,0.0,0.0,0.0,0.0,SYSTEM,SYSTEM,BRENTWOOD,39.4,36,NY,NEW YORK,103,SUFFOLK,1,40.0,4,Dark,1,Clear,1,Main,MAINLINE,4,3,East,2,Passenger Train - Pulling,Yes,2082,60,Estimated,60,0.0,ADGIM,LI,009726,1,Yes,,,0,,Yes,1.0,0.0,0.0,0.0,0.0,0.0,0.0,0.0,0.0,0.0,0.0,7.0,0.0,0.0,0.0,0.0,0.0,0.0,0.0,0.0,66756.0,217.0,66973.0,M503,"Vandalism of track or track appliances, e.g., objects  placed on track, switch thrown, etc.",M503,"Vandalism of track or track appliances, e.g., objects  placed on track, switch thrown, etc.",1,1,1,5,7,5,7,0.0,0.0,0.0,0.0,0.0,0.0,0.0,0.0,0.0,0.0,0.0,0.0,"TRAIN NUMBER 2082 WAS OPERATING EASTWARD ON THE MAIN LINE TRACK,  OPERATING AT APPROXIMATELY 60 MPH,WHEN THE TRAIN STRUCK A PLASTIC BAG FILLED WITH EMPTY SODA AND BEER CANS WHICH WAS PLACED ON THE TRACK BY VANDALS.  THE METAL DEBRIS CAUSED ELECTRICAL ARKING UNDER THE LEAD CAR (MU -9726) WHICH RESULTED IN EXTENSIVE EQUIPMENT DAMAGE TO THAT CAR.NoneNoneNoneNoneNoneNoneNoneNoneNoneNoneNone",Main,4,3L,3L,1,LIEQ971102199711,LIEQ971102199711,Passenger (Formerly Commuter),Class 3,"SMT-1 - Amtrak and Commuter East, some Tourist/Historic",LI,Long Island Rail Road,Not Assigned,Passenger (Formerly Commuter),Class 3,"SMT-1 - Amtrak and Commuter East, some Tourist/Historic",LI,Long Island Rail Road,Not Assigned,.,,,,,,,,,,,,,,,,,,,,,,,,,,,,,,,,,
LI,Long Island Rail Road,2001,EQ20010202,01,02,LI,Long Island Rail Road,EQ20010202,01,02,21,2001-02-21,9:55 AM,09,Obstruction,0.0,0.0,0.0,0.0,SYSTEM,SYSTEM,NEW HYDE PARK,16.5,36,NY,NEW YORK,59,NASSAU,1,30.0,2,Day,1,Clear,1,Main,MAIN LINE 2,4,3,East,2,Passenger Train - Pulling,Yes,5006,30,Recorded,30,0.0,ADGIM,LI,009882,1,No,,,0,,No,1.0,0.0,0.0,0.0,0.0,0.0,0.0,0.0,0.0,0.0,0.0,0.0,0.0,7.0,0.0,0.0,0.0,0.0,0.0,0.0,41258.0,1756.0,43014.0,M404,"Object or equipment on or fouling track - other than above (for  vandalism, see code M503)",M404,"Object or equipment on or fouling track - other than above (for  vandalism, see code M503)",1,1,1,2,43,2,43,0.0,0.0,0.0,0.0,0.0,0.0,0.0,0.0,0.0,0.0,0.0,0.0,"TRAIN 5006 WAS BEING OPERATED EASTWARD ON MAIN LINE 2 WHEN THE LEAD CAR SOUTH SIDE THIRD RAIL SHOE (MU CAR NUMBER 9882) MADE CONTACT WITH THE RUBBER GRADE CROSSING PAD AT NEW HYDE PARK ROAAD GRADE CROSSING, RESULTING IN DAMAGE TO BOTH THE EQUIPMENT AND THIRD RAIL PROTECTION BOARD.  THE CAUSE OF THISOBSTRUCTION ACCIDENT WAS DETERMINED TO BE A COMBINATION OF LOW HANGING EQUIPMENT CONTACT SHOE AND RAISE RUBBER CROSSING PAD.  NO INJURIES WERE REPORTED AS A RESULT OF THIS ACCIDENT.NoneNoneNoneNoneNoneNoneNoneNoneNoneNone",Main,4,3L,3L,1,LIEQ20010202200102,LIEQ20010202200102,Passenger (Formerly Commuter),Class 3,"SMT-1 - Amtrak and Commuter East, some Tourist/Historic",LI,Long Island Rail Road,Not Assigned,Passenger (Formerly Commuter),Class 3,"SMT-1 - Amtrak and Commuter East, some Tourist/Historic",LI,Long Island Rail Road,Not Assigned,,0,,,,,,,,,,,,,,,,,,,,,,,,,,,,,,,,