reportingrailroadcode,reportingrailroadname,report_year,incidentnumber,accidentyear,accidentmonth,maintenancerailroadcode,maintenancerailroadname,maintenanceaccidentnumber,maintenanceaccidentyear,maintenanceaccidentmonth,day,date,time,accident_type_code,accidenttype,hazmatcars,hazmatcarsdamaged,hazmatreleasedcars,personsevacuated,divisioncode,division,station,milepost,statecode,stateabbr,statename,countycode,countyname,district,temperature,visibilitycode,visibility,weather_condition_code,weathercondition,track_type_code,tracktype,trackname,trackclass,train_direction_code,traindirection,equipment_type_code,equipmenttype,equipmentattended,trainnumber,trainspeed,recordedestimatedspeed,maximumspeed,grosstonnage,method_of_operation_code,firstcarinitials,firstcarnumber,firstcarposition,firstcarloaded,causingcarinitials,causingcarnumber,causingcarposition,causingcarloaded,passengerstransported,headendlocomotives,midtrainmanuallocomotives,midtrainremotelocomotives,rearendmanuallocomotives,rearendremotelocomotives,derailedheadendlocomotives,derailedmidtrainmanuallo,derailedmidtrainremotelo,derailedrearendmanualloc,derailedrearendremoteloc,loadedfreightcars,loadedpassengercars,emptyfreightcars,emptypassengercars,cabooses,derailedloadedfreightcars,derailedloadedpassengercars,derailedemptyfreightcars,derailedemptypassengercars,derailedcabooses,equipmentdamagecost,trackdamagecost,totaldamagecost,primaryaccidentcausecode,primaryaccidentcause,accidentcausecode,accidentcause,engineersonduty,conductorsonduty,brakemenonduty,hoursengineersonduty,minutesengineersonduty,hoursconductorsonduty,minutesconductorsonduty,railroademployeeskilled,railroademployeesinjured,passengerskilled,passengersinjured,otherskilled,othersinjured,personskilledforreportin,personsinjuredforreporti,totalpersonskilled,totalpersonsinjured,totalkilledform54,totalinjuredform54,narrative,jointtracktype,jointtrackclass,classcode,class,jointcd,incidentkey,reportkey,reporting_railroad_company_grouping,reporting_railroad_class,reporting_railroad_smt_grouping,reporting_parent_railroad_company_code,reporting_parent_railroad_company_name,reporting_railroad_holding_company,maintenance_railroad_company_grouping,maintenance_railroad_class,maintenance_railroad_smt_grouping,maintenance_parent_railroad_company_code,maintenance_parent_railroad_company_name,maintenance_railroad_holding_company,trackdensity,firemenonduty,gxid,contributingaccidentcausecode,contributingaccidentcause,subdivision,signalization_code,signalization,methodofoperation,adjunct_1,adjunctcode1,remote_control_locomotive_code,remotecontrollocomotive,specialstudy1,latitude,longitude,adjunct_2,adjunctcode2,positivealcoholtests,positivedrugtests,specialstudy2,adjunct_3,adjunctcode3,otherrailroadcode,otherrailroadname,otheraccidentnumber,accidentyearother,accidentmonthother,other_railroad_company_grouping,other_railroad_class,other_railroad_smt_grouping,other_parent_railroad_company_code,other_parent_railroad_company_name,other_railroad_holding_company
LI,Long Island Rail Road,2001,EQ20010202,01,02,LI,Long Island Rail Road,EQ20010202,01,02,21,2001-02-21,9:55 AM,09,Obstruction,0.0,0.0,0.0,0.0,SYSTEM,SYSTEM,NEW HYDE PARK,16.5,36,NY,NEW YORK,59,NASSAU,1,30.0,2,Day,1,Clear,1,Main,MAIN LINE 2,4,3,East,2,Passenger Train - Pulling,Yes,5006,30,Recorded,30,0.0,ADGIM,LI,009882,1,No,,,0,,No,1.0,0.0,0.0,0.0,0.0,0.0,0.0,0.0,0.0,0.0,0.0,0.0,0.0,7.0,0.0,0.0,0.0,0.0,0.0,0.0,41258.0,1756.0,43014.0,M404,"Object or equipment on or fouling track - other than above (for  vandalism, see code M503)",M404,"Object or equipment on or fouling track - other than above (for  vandalism, see code M503)",1,1,1,2,43,2,43,0.0,0.0,0.0,0.0,0.0,0.0,0.0,0.0,0.0,0.0,0.0,0.0,"TRAIN 5006 WAS BEING OPERATED EASTWARD ON MAIN LINE 2 WHEN THE LEAD CAR SOUTH SIDE THIRD RAIL SHOE (MU CAR NUMBER 9882) MADE CONTACT WITH THE RUBBER GRADE CROSSING PAD AT NEW HYDE PARK ROAAD GRADE CROSSING, RESULTING IN DAMAGE TO BOTH THE EQUIPMENT AND THIRD RAIL PROTECTION BOARD.  THE CAUSE OF THISOBSTRUCTION ACCIDENT WAS DETERMINED TO BE A COMBINATION OF LOW HANGING EQUIPMENT CONTACT SHOE AND RAISE RUBBER CROSSING PAD.  NO INJURIES WERE REPORTED AS A RESULT OF THIS ACCIDENT.NoneNoneNoneNoneNoneNoneNoneNoneNoneNone",Main,4,3L,3L,1,LIEQ20010202200102,LIEQ20010202200102,Passenger (Formerly Commuter),Class 3,"SMT-1 - Amtrak and Commuter East, some Tourist/Historic",LI,Long Island Rail Road,Not Assigned,Passenger (Formerly Commuter),Class 3,"SMT-1 - Amtrak and Commuter East, some Tourist/Historic",LI,Long Island Rail Road,Not Assigned,,0,,,,,,,,,,,,,,,,,,,,,,,,,,,,,,,,
LI,Long Island Rail Road,2001,EQ20010106,01,01,LI,Long Island Rail Road,EQ20010106,01,01,24,2001-01-24,1:32 PM,01,Derailment,0.0,0.0,0.0,0.0,SYSTEM,SYSTEM,GREENLAWN,38.4,36,NY,NEW YORK,103,SUFFOLK,1,40.0,2,Day,1,Clear,1,Main,PORT JEFFERSON,3,3,East,2,Passenger Train - Pulling,Yes,650,45,Recorded,45,0.0,ADGIM,LI,000403,1,No,,,0,,Yes,1.0,0.0,0.0,0.0,0.0,1.0,0.0,0.0,0.0,0.0,0.0,4.0,0.0,0.0,0.0,0.0,0.0,0.0,0.0,0.0,1900.0,66989.0,68889.0,T111,Wide gage (due to defective or missing spikes or other rail fasteners),T111,Wide gage (due to defective or missing spikes or other rail fasteners),1,1,1,5,48,5,48,0.0,1.0,0.0,0.0,0.0,0.0,0.0,1.0,0.0,1.0,0.0,1.0,THIS MAIN TRACK DERAILMENT WAS CAUSED BY SPREAD RAIL FRA CAUSE CODE T111 (WIDE GAGE DUE TO DEFECTIVEOR MISSING SPIKE OR OTHER RAIL FASTENERS).  THIS IS AN UPDATED AND FINAL REPORT TO THE FRA.NoneNoneNoneNoneNoneNoneNoneNoneNoneNoneNoneNoneNone,Main,3,3L,3L,1,LIEQ20010106200101,LIEQ20010106200101,Passenger (Formerly Commuter),Class 3,"SMT-1 - Amtrak and Commuter East, some Tourist/Historic",LI,Long Island Rail Road,Not Assigned,Passenger (Formerly Commuter),Class 3,"SMT-1 - Amtrak and Commuter East, some Tourist/Historic",LI,Long Island Rail Road,Not Assigned,,0,,,,,,,,,,,,,,,,,,,,,,,,,,,,,,,,
LI,Long Island Rail Road,2001,EQ20010106,01,01,LI,Long Island Rail Road,EQ20010106,01,01,24,2001-01-24,1:32 PM,01,Derailment,0.0,0.0,0.0,0.0,SYSTEM,SYSTEM,GREENLAWN,38.4,36,NY,NEW YORK,103,SUFFOLK,1,40.0,2,Day,1,Clear,1,Main,PORT JEFFERSON,3,3,East,2,Passenger Train - Pulling,Yes,650,45,Recorded,45,0.0,ADGIM,LI,000403,1,No,,,0,,Yes,1.0,0.0,0.0,0.0,0.0,1.0,0.0,0.0,0.0,0.0,0.0,4.0,0.0,0.0,0.0,0.0,0.0,0.0,0.0,0.0,1900.0,66989.0,68889.0,T111,Wide gage (due to defective or missing spikes or other rail fasteners),T111,Wide gage (due to defective or missing spikes or other rail fasteners),1,1,1,5,48,5,48,0.0,1.0,0.0,0.0,0.0,0.0,0.0,1.0,0.0,1.0,0.0,1.0,THIS MAIN TRACK DERAILMENT WAS CAUSED BY SPREAD RAIL FRA CAUSE CODE T111 (WIDE GAGE DUE TO DEFECTIVEOR MISSING SPIKE OR OTHER RAIL FASTENERS).  THIS IS AN UPDATED AND FINAL REPORT TO THE FRA.NoneNoneNoneNoneNoneNoneNoneNoneNoneNoneNoneNoneNone,Main,3,3L,3L,1,LIEQ20010106200101,LIEQ20010106200101,Passenger (Formerly Commuter),Class 3,"SMT-1 - Amtrak and Commuter East, some Tourist/Historic",LI,Long Island Rail Road,Not Assigned,Passenger (Formerly Commuter),Class 3,"SMT-1 - Amtrak and Commuter East, some Tourist/Historic",LI,Long Island Rail Road,Not Assigned,,0,,,,,,,,,,,,,,,,,,,,,,,,,,,,,,,,
LI,Long Island Rail Road,2001,GR20010101,01,01,LI,Long Island Rail Road,GR20010101,01,01,03,2001-01-03,7:05 PM,07,Hwy-rail crossing,0.0,0.0,0.0,0.0,SYSTEM,SYSTEM,HUNTINGTON STATION,34,36,NY,NEW YORK,103,SUFFOLK,1,25.0,4,Dark,1,Clear,1,Main,PORT JEFFERSON,3,4,West,2,Passenger Train - Pulling,Yes,4713,25,Estimated,25,0.0,ADFIM,LI,009737,1,No,,,0,,No,1.0,0.0,0.0,0.0,0.0,0.0,0.0,0.0,0.0,0.0,0.0,0.0,0.0,11.0,0.0,0.0,0.0,0.0,0.0,0.0,30719.0,16861.0,47580.0,M304,Highway user cited for violation of highway-rail grade crossing traffic laws,M304,Highway user cited for violation of highway-rail grade crossing traffic laws,1,1,1,5,50,5,50,0.0,0.0,0.0,0.0,2.0,1.0,2.0,1.0,2.0,1.0,2.0,1.0,MOTOR VEHICLE OPERATOR WENT AROUND CROSSING GATES IN DOWN POSITION AT THE 11TH STREET GRDE CROSSINGIN HUNTINGTON AND THE VEHICLE WAS STRUCK BY TRAIN NUMBER 4713 OPERATING WESTWARD ON THE PORT JEFFERSON BRANCH.  THE MOTOR VEHICLE OPERATOR AND ONE PASSANGER IN THE MOTOR VEHICLE WERE KILLED AND ANOTHER PASSENGER IN THE MOTOR VEHICLE WAS SERIOUSLY INJURED.  THE TRAIN WAS A NON-PASSENGER EQUIPMENT TRAIN AND NONE OF THE TRAIN CREW MEMBERS REPORTED INJURY AS A RESULT OF THIS INCIDENT.NoneNoneNoneNoneNoneNoneNoneNoneNoneNone,Main,3,3L,3L,1,LIGR20010101200101,LIGR20010101200101,Passenger (Formerly Commuter),Class 3,"SMT-1 - Amtrak and Commuter East, some Tourist/Historic",LI,Long Island Rail Road,Not Assigned,Passenger (Formerly Commuter),Class 3,"SMT-1 - Amtrak and Commuter East, some Tourist/Historic",LI,Long Island Rail Road,Not Assigned,,0,338315R,,,,,,,,,,,,,,,,,,,,,,,,,,,,,,,
LI,Long Island Rail Road,2001,GR20010101,01,01,LI,Long Island Rail Road,GR20010101,01,01,03,2001-01-03,7:05 PM,07,Hwy-rail crossing,0.0,0.0,0.0,0.0,SYSTEM,SYSTEM,HUNTINGTON STATION,34,36,NY,NEW YORK,103,SUFFOLK,1,25.0,4,Dark,1,Clear,1,Main,PORT JEFFERSON,3,4,West,2,Passenger Train - Pulling,Yes,4713,25,Estimated,25,0.0,ADFIM,LI,009737,1,No,,,0,,No,1.0,0.0,0.0,0.0,0.0,0.0,0.0,0.0,0.0,0.0,0.0,0.0,0.0,11.0,0.0,0.0,0.0,0.0,0.0,0.0,30719.0,16861.0,47580.0,M304,Highway user cited for violation of highway-rail grade crossing traffic laws,M304,Highway user cited for violation of highway-rail grade crossing traffic laws,1,1,1,5,50,5,50,0.0,0.0,0.0,0.0,2.0,1.0,2.0,1.0,2.0,1.0,2.0,1.0,MOTOR VEHICLE OPERATOR WENT AROUND CROSSING GATES IN DOWN POSITION AT THE 11TH STREET GRDE CROSSINGIN HUNTINGTON AND THE VEHICLE WAS STRUCK BY TRAIN NUMBER 4713 OPERATING WESTWARD ON THE PORT JEFFERSON BRANCH.  THE MOTOR VEHICLE OPERATOR AND ONE PASSANGER IN THE MOTOR VEHICLE WERE KILLED AND ANOTHER PASSENGER IN THE MOTOR VEHICLE WAS SERIOUSLY INJURED.  THE TRAIN WAS A NON-PASSENGER EQUIPMENT TRAIN AND NONE OF THE TRAIN CREW MEMBERS REPORTED INJURY AS A RESULT OF THIS INCIDENT.NoneNoneNoneNoneNoneNoneNoneNoneNoneNone,Main,3,3L,3L,1,LIGR20010101200101,LIGR20010101200101,Passenger (Formerly Commuter),Class 3,"SMT-1 - Amtrak and Commuter East, some Tourist/Historic",LI,Long Island Rail Road,Not Assigned,Passenger (Formerly Commuter),Class 3,"SMT-1 - Amtrak and Commuter East, some Tourist/Historic",LI,Long Island Rail Road,Not Assigned,,0,338315R,,,,,,,,,,,,,,,,,,,,,,,,,,,,,,,
LI,Long Island Rail Road,2002,EQ20021004,02,10,LI,Long Island Rail Road,EQ20021004,02,10,06,2002-10-06,3:30 PM,12,Other impacts,0.0,0.0,0.0,0.0,SYSTEM,SYSTEM,SMITHTOWN,47.7,36,NY,NEW YORK,103,SUFFOLK,1,62.0,2,Day,1,Clear,1,Main,#1 PORT JEEF,4,4,West,9,Maint./inspect Car,Yes,TC03,30,Estimated,30,0.0,JMN,TC,000039,1,No,,,0,,No,0.0,0.0,0.0,0.0,0.0,0.0,0.0,0.0,0.0,0.0,0.0,0.0,1.0,0.0,0.0,0.0,0.0,1.0,0.0,0.0,95000.0,150.0,95150.0,H402,"Motor car or on-track equipment rules, failure to comply",H402,"Motor car or on-track equipment rules, failure to comply",1,1,0,8,10,8,10,0.0,3.0,0.0,0.0,0.0,0.0,0.0,3.0,0.0,3.0,0.0,3.0,"THREE TRACK CARS RUNNING WESTWARD ON PORT JEFFERSON SINGLE TRACK, RUNNING INDEPENDENTLY AT ABOUT 30MPH.  THE LEAD TRACK CAR (TC039) STOPPED IN ADVANCE OF RIVER ROAD CROSSING WHEN THE SECOND TRACK CAR(TC829) STRUCK THE LEAD TRACK CAR FROM BEHIND CAUSING EXTENSIVE DAMAGE TO UNITS AND DERAILING BOTH.THREE EMPLOYEES SUFFERED MINOR INJURIES.  POST ACCIDENT TESTING ON TWO EMPLOYEES CAME BACK POSITIVE.NoneNoneNoneNoneNoneNoneNoneNoneNoneNone",Main,4,3L,3L,1,LIEQ20021004200210,LIEQ20021004200210,Passenger (Formerly Commuter),Class 3,"SMT-1 - Amtrak and Commuter East, some Tourist/Historic",LI,Long Island Rail Road,Not Assigned,Passenger (Formerly Commuter),Class 3,"SMT-1 - Amtrak and Commuter East, some Tourist/Historic",LI,Long Island Rail Road,Not Assigned,,0,,,,,,,,,,,,,0.0,0.0,,,0,2,,,,,,,,,,,,,,
LI,Long Island Rail Road,2002,EQ20020803,02,08,LI,Long Island Rail Road,EQ20020803,02,08,15,2002-08-15,9:51 AM,01,Derailment,0.0,0.0,0.0,0.0,SYSTEM,SYSTEM,SAYVILLE,50,36,NY,NEW YORK,103,SUFFOLK,1,88.0,2,Day,1,Clear,1,Main,MONTAUK,4,3,East,2,Passenger Train - Pulling,Yes,2764,30,Estimated,30,0.0,EF,LI,000403,1,No,,,0,,Yes,1.0,0.0,0.0,0.0,0.0,1.0,0.0,0.0,0.0,0.0,0.0,5.0,0.0,0.0,0.0,0.0,0.0,0.0,0.0,0.0,0.0,7578.0,7578.0,H216,,H216,,1,1,,1,1,1,1,0.0,0.0,0.0,0.0,0.0,0.0,0.0,0.0,0.0,0.0,0.0,0.0,WHILE OPERATING TRAIN 2764 EAST-ENGINEER PASSED 2E SIGNAL DISAPLAYING STOP AT Y INTERLOCKING AND TRAVELED THROUGH SWITCH.NoneNoneNoneNoneNoneNoneNoneNoneNoneNoneNoneNoneNone,Main,4,3L,3L,1,LIEQ20020803200208,LIEQ20020803200208,Passenger (Formerly Commuter),Class 3,"SMT-1 - Amtrak and Commuter East, some Tourist/Historic",LI,Long Island Rail Road,Not Assigned,Passenger (Formerly Commuter),Class 3,"SMT-1 - Amtrak and Commuter East, some Tourist/Historic",LI,Long Island Rail Road,Not Assigned,,,,,,,,,,,,,,,0.0,0.0,,,0,0,,,,,,,,,,,,,,
LI,Long Island Rail Road,2002,EQ20020802,02,08,LI,Long Island Rail Road,EQ20020802,02,08,17,2002-08-17,4:45 PM,01,Derailment,0.0,0.0,0.0,0.0,SYSTEM,SYSTEM,SPEONK,72,36,NY,NEW YORK,103,SUFFOLK,1,85.0,2,Day,1,Clear,2,Yard,#4,1,3,East,7,Yard/switching,Yes,8736,7,Estimated,7,0.0,L,LI,000521,10,No,,,0,,No,1.0,0.0,0.0,1.0,0.0,0.0,0.0,0.0,1.0,0.0,0.0,0.0,0.0,8.0,0.0,0.0,0.0,0.0,0.0,0.0,67522.0,15100.0,82622.0,H303,"Derail, failure to apply or remove",H303,"Derail, failure to apply or remove",1,1,,4,32,4,32,0.0,0.0,0.0,0.0,0.0,0.0,0.0,0.0,0.0,0.0,0.0,0.0,"AS CONSIST WAS PULLING INTO YARD, CONDUCTOR RESTORED MAIN TRACKS SWITCH BEFORE WEST ENGINE CLEARED THE DERAIL.  THE WEST TRUCK OF THE WESTS ENGINE DERAILED OVER DERAIL.NoneNoneNoneNoneNoneNoneNoneNoneNoneNoneNoneNoneNone",Yard,1,3L,3L,1,LIEQ20020802200208,LIEQ20020802200208,Passenger (Formerly Commuter),Class 3,"SMT-1 - Amtrak and Commuter East, some Tourist/Historic",LI,Long Island Rail Road,Not Assigned,Passenger (Formerly Commuter),Class 3,"SMT-1 - Amtrak and Commuter East, some Tourist/Historic",LI,Long Island Rail Road,Not Assigned,,,,,,,,,,,,,,,0.0,0.0,,,,,,,,,,,,,,,,,,
LI,Long Island Rail Road,2002,GR20020101,02,01,LI,Long Island Rail Road,GR20020101,02,01,30,2002-01-30,5:05 AM,07,Hwy-rail crossing,0.0,0.0,0.0,0.0,SYSTEM,SYSTEM,CENTRAL ISLIP,43.7,36,NY,NEW YORK,103,SUFFOLK,1,50.0,4,Dark,2,Cloudy,1,Main,MAIN LINE #2,5,4,West,2,Passenger Train - Pulling,Yes,2007,45,Estimated,45,0.0,ADGIM,LI,009061,1,Yes,,,0,,Yes,1.0,0.0,0.0,0.0,0.0,0.0,0.0,0.0,0.0,0.0,0.0,7.0,0.0,0.0,0.0,0.0,0.0,0.0,0.0,0.0,44000.0,25000.0,69000.0,M304,Highway user cited for violation of highway-rail grade crossing traffic laws,M304,Highway user cited for violation of highway-rail grade crossing traffic laws,1,1,1,,35,,35,0.0,0.0,0.0,0.0,0.0,0.0,0.0,0.0,0.0,0.0,0.0,0.0,"OPERATOR OF TRACTOR TRAILER FAILED TO CLEAR CROSSING.  LEAVING TRAILER FOULING TRAIN 2007, REFER TOGR20020101 - ALSO ENTERED ON FORM F6180.57.NoneNoneNoneNoneNoneNoneNoneNoneNoneNoneNoneNoneNone",Main,5,3L,3L,1,LIGR20020101200201,LIGR20020101200201,Passenger (Formerly Commuter),Class 3,"SMT-1 - Amtrak and Commuter East, some Tourist/Historic",LI,Long Island Rail Road,Not Assigned,Passenger (Formerly Commuter),Class 3,"SMT-1 - Amtrak and Commuter East, some Tourist/Historic",LI,Long Island Rail Road,Not Assigned,,0,338173C,,,,,,,,,,,,0.0,0.0,,,,,,,,,,,,,,,,,,
LI,Long Island Rail Road,2002,GR20020101,02,01,LI,Long Island Rail Road,GR20020101,02,01,30,2002-01-30,5:05 AM,07,Hwy-rail crossing,0.0,0.0,0.0,0.0,SYSTEM,SYSTEM,CENTRAL ISLIP,43.7,36,NY,NEW YORK,103,SUFFOLK,1,50.0,4,Dark,2,Cloudy,1,Main,MAIN LINE #2,5,4,West,2,Passenger Train - Pulling,Yes,2007,45,Estimated,45,0.0,ADGIM,LI,009061,1,Yes,,,0,,Yes,1.0,0.0,0.0,0.0,0.0,0.0,0.0,0.0,0.0,0.0,0.0,7.0,0.0,0.0,0.0,0.0,0.0,0.0,0.0,0.0,44000.0,25000.0,69000.0,M304,Highway user cited for violation of highway-rail grade crossing traffic laws,M304,Highway user cited for violation of highway-rail grade crossing traffic laws,1,1,1,,35,,35,0.0,0.0,0.0,0.0,0.0,0.0,0.0,0.0,0.0,0.0,0.0,0.0,"OPERATOR OF TRACTOR TRAILER FAILED TO CLEAR CROSSING.  LEAVING TRAILER FOULING TRAIN 2007, REFER TOGR20020101 - ALSO ENTERED ON FORM F6180.57.NoneNoneNoneNoneNoneNoneNoneNoneNoneNoneNoneNoneNone",Main,5,3L,3L,1,LIGR20020101200201,LIGR20020101200201,Passenger (Formerly Commuter),Class 3,"SMT-1 - Amtrak and Commuter East, some Tourist/Historic",LI,Long Island Rail Road,Not Assigned,Passenger (Formerly Commuter),Class 3,"SMT-1 - Amtrak and Commuter East, some Tourist/Historic",LI,Long Island Rail Road,Not Assigned,,0,338173C,,,,,,,,,,,,0.0,0.0,,,,,,,,,,,,,,,,,,
LI,Long Island Rail Road,1999,EQ19990802,99,08,LI,Long Island Rail Road,EQ19990802,99,08,13,1999-08-13,12:36 AM,09,Obstruction,0.0,0.0,0.0,0.0,SYSTEM,SYSTEM,HEMPSTEAD,19.8,36,NY,NEW YORK,59,NASSAU,1,82.0,4,Dark,1,Clear,2,Yard,HEMPSTEAD,1,3,East,7,Yard/switching,Yes,784,5,Estimated,5,0.0,ADIMN,LI,009534,5,No,,,0,,No,1.0,0.0,0.0,0.0,0.0,0.0,0.0,0.0,0.0,0.0,0.0,0.0,0.0,5.0,0.0,0.0,0.0,0.0,0.0,0.0,24148.0,0.0,24148.0,M503,"Vandalism of track or track appliances, e.g., objects  placed on track, switch thrown, etc.",M503,"Vandalism of track or track appliances, e.g., objects  placed on track, switch thrown, etc.",1,1,1,6,29,6,29,0.0,0.0,0.0,0.0,0.0,0.0,0.0,0.0,0.0,0.0,0.0,0.0,TRAIN 784 WAS MAKING YARD MOVE IN HEMPSTEAD YARD WHEN THE FIFTH CAR STRUCK METAL DEBRIS RESULTING ELECTRICAL ARCHING AND HEAT AND SMOKE DAMAGE TO THE MU CAR 9534.  THE CAUSE OF THIS INCIDENT WAS DETERMINED TO BE VANDALISM (FRA CAUSE CODE M503) METAL DEBRIS PLACED ON TRACK.  NO INJURIES WERE REPORTEDAS A RESULT OF THIS INCIDENT.NoneNoneNoneNoneNoneNoneNoneNoneNoneNoneNone,Yard,1,3L,3L,1,LIEQ19990802199908,LIEQ19990802199908,Passenger (Formerly Commuter),Class 3,"SMT-1 - Amtrak and Commuter East, some Tourist/Historic",LI,Long Island Rail Road,Not Assigned,Passenger (Formerly Commuter),Class 3,"SMT-1 - Amtrak and Commuter East, some Tourist/Historic",LI,Long Island Rail Road,Not Assigned,,,,,,,,,,,,,,,,,,,,,,,,,,,,,,,,,,
LI,Long Island Rail Road,1999,EQ19990802,99,08,LI,Long Island Rail Road,EQ19990802,99,08,13,1999-08-13,12:36 AM,09,Obstruction,0.0,0.0,0.0,0.0,SYSTEM,SYSTEM,HEMPSTEAD,19.8,36,NY,NEW YORK,59,NASSAU,1,82.0,4,Dark,1,Clear,2,Yard,HEMPSTEAD,1,3,East,7,Yard/switching,Yes,784,5,Estimated,5,0.0,ADIMN,LI,009534,5,No,,,0,,No,1.0,0.0,0.0,0.0,0.0,0.0,0.0,0.0,0.0,0.0,0.0,0.0,0.0,5.0,0.0,0.0,0.0,0.0,0.0,0.0,24148.0,0.0,24148.0,M503,"Vandalism of track or track appliances, e.g., objects  placed on track, switch thrown, etc.",M503,"Vandalism of track or track appliances, e.g., objects  placed on track, switch thrown, etc.",1,1,1,6,29,6,29,0.0,0.0,0.0,0.0,0.0,0.0,0.0,0.0,0.0,0.0,0.0,0.0,TRAIN 784 WAS MAKING YARD MOVE IN HEMPSTEAD YARD WHEN THE FIFTH CAR STRUCK METAL DEBRIS RESULTING ELECTRICAL ARCHING AND HEAT AND SMOKE DAMAGE TO THE MU CAR 9534.  THE CAUSE OF THIS INCIDENT WAS DETERMINED TO BE VANDALISM (FRA CAUSE CODE M503) METAL DEBRIS PLACED ON TRACK.  NO INJURIES WERE REPORTEDAS A RESULT OF THIS INCIDENT.NoneNoneNoneNoneNoneNoneNoneNoneNoneNoneNone,Yard,1,3L,3L,1,LIEQ19990802199908,LIEQ19990802199908,Passenger (Formerly Commuter),Class 3,"SMT-1 - Amtrak and Commuter East, some Tourist/Historic",LI,Long Island Rail Road,Not Assigned,Passenger (Formerly Commuter),Class 3,"SMT-1 - Amtrak and Commuter East, some Tourist/Historic",LI,Long Island Rail Road,Not Assigned,,,,,,,,,,,,,,,,,,,,,,,,,,,,,,,,,,
LI,Long Island Rail Road,1999,EQ19990802,99,08,LI,Long Island Rail Road,EQ19990802,99,08,13,1999-08-13,12:36 AM,09,Obstruction,0.0,0.0,0.0,0.0,SYSTEM,SYSTEM,HEMPSTEAD,19.8,36,NY,NEW YORK,59,NASSAU,1,82.0,4,Dark,1,Clear,2,Yard,HEMPSTEAD,1,3,East,7,Yard/switching,Yes,784,5,Estimated,5,0.0,ADIMN,LI,009534,5,No,,,0,,No,1.0,0.0,0.0,0.0,0.0,0.0,0.0,0.0,0.0,0.0,0.0,0.0,0.0,5.0,0.0,0.0,0.0,0.0,0.0,0.0,24148.0,0.0,24148.0,M503,"Vandalism of track or track appliances, e.g., objects  placed on track, switch thrown, etc.",M503,"Vandalism of track or track appliances, e.g., objects  placed on track, switch thrown, etc.",1,1,1,6,29,6,29,0.0,0.0,0.0,0.0,0.0,0.0,0.0,0.0,0.0,0.0,0.0,0.0,TRAIN 784 WAS MAKING YARD MOVE IN HEMPSTEAD YARD WHEN THE FIFTH CAR STRUCK METAL DEBRIS RESULTING ELECTRICAL ARCHING AND HEAT AND SMOKE DAMAGE TO THE MU CAR 9534.  THE CAUSE OF THIS INCIDENT WAS DETERMINED TO BE VANDALISM (FRA CAUSE CODE M503) METAL DEBRIS PLACED ON TRACK.  NO INJURIES WERE REPORTEDAS A RESULT OF THIS INCIDENT.NoneNoneNoneNoneNoneNoneNoneNoneNoneNoneNone,Yard,1,3L,3L,1,LIEQ19990802199908,LIEQ19990802199908,Passenger (Formerly Commuter),Class 3,"SMT-1 - Amtrak and Commuter East, some Tourist/Historic",LI,Long Island Rail Road,Not Assigned,Passenger (Formerly Commuter),Class 3,"SMT-1 - Amtrak and Commuter East, some Tourist/Historic",LI,Long Island Rail Road,Not Assigned,,,,,,,,,,,,,,,,,,,,,,,,,,,,,,,,,,
LI,Long Island Rail Road,1999,EQ19990802,99,08,LI,Long Island Rail Road,EQ19990802,99,08,13,1999-08-13,12:36 AM,09,Obstruction,0.0,0.0,0.0,0.0,SYSTEM,SYSTEM,HEMPSTEAD,19.8,36,NY,NEW YORK,59,NASSAU,1,82.0,4,Dark,1,Clear,2,Yard,HEMPSTEAD,1,3,East,7,Yard/switching,Yes,784,5,Estimated,5,0.0,ADIMN,LI,009534,5,No,,,0,,No,1.0,0.0,0.0,0.0,0.0,0.0,0.0,0.0,0.0,0.0,0.0,0.0,0.0,5.0,0.0,0.0,0.0,0.0,0.0,0.0,24148.0,0.0,24148.0,M503,"Vandalism of track or track appliances, e.g., objects  placed on track, switch thrown, etc.",M503,"Vandalism of track or track appliances, e.g., objects  placed on track, switch thrown, etc.",1,1,1,6,29,6,29,0.0,0.0,0.0,0.0,0.0,0.0,0.0,0.0,0.0,0.0,0.0,0.0,TRAIN 784 WAS MAKING YARD MOVE IN HEMPSTEAD YARD WHEN THE FIFTH CAR STRUCK METAL DEBRIS RESULTING ELECTRICAL ARCHING AND HEAT AND SMOKE DAMAGE TO THE MU CAR 9534.  THE CAUSE OF THIS INCIDENT WAS DETERMINED TO BE VANDALISM (FRA CAUSE CODE M503) METAL DEBRIS PLACED ON TRACK.  NO INJURIES WERE REPORTEDAS A RESULT OF THIS INCIDENT.NoneNoneNoneNoneNoneNoneNoneNoneNoneNoneNone,Yard,1,3L,3L,1,LIEQ19990802199908,LIEQ19990802199908,Passenger (Formerly Commuter),Class 3,"SMT-1 - Amtrak and Commuter East, some Tourist/Historic",LI,Long Island Rail Road,Not Assigned,Passenger (Formerly Commuter),Class 3,"SMT-1 - Amtrak and Commuter East, some Tourist/Historic",LI,Long Island Rail Road,Not Assigned,,,,,,,,,,,,,,,,,,,,,,,,,,,,,,,,,,