reportingrailroadcode,reportingrailroadname,report_year,incidentnumber,accidentyear,accidentmonth,maintenancerailroadcode,maintenancerailroadname,maintenanceaccidentnumber,maintenanceaccidentyear,maintenanceaccidentmonth,day,date,time,accident_type_code,accidenttype,hazmatcars,hazmatcarsdamaged,hazmatreleasedcars,personsevacuated,divisioncode,division,station,milepost,statecode,stateabbr,statename,countycode,countyname,district,temperature,visibilitycode,visibility,weather_condition_code,weathercondition,track_type_code,tracktype,trackname,trackclass,train_direction_code,traindirection,equipment_type_code,equipmenttype,equipmentattended,trainnumber,trainspeed,recordedestimatedspeed,maximumspeed,grosstonnage,method_of_operation_code,firstcarinitials,firstcarnumber,firstcarposition,firstcarloaded,causingcarinitials,causingcarnumber,causingcarposition,causingcarloaded,passengerstransported,headendlocomotives,midtrainmanuallocomotives,midtrainremotelocomotives,rearendmanuallocomotives,rearendremotelocomotives,derailedheadendlocomotives,derailedmidtrainmanuallo,derailedmidtrainremotelo,derailedrearendmanualloc,derailedrearendremoteloc,loadedfreightcars,loadedpassengercars,emptyfreightcars,emptypassengercars,cabooses,derailedloadedfreightcars,derailedloadedpassengercars,derailedemptyfreightcars,derailedemptypassengercars,derailedcabooses,equipmentdamagecost,trackdamagecost,totaldamagecost,primaryaccidentcausecode,primaryaccidentcause,accidentcausecode,accidentcause,engineersonduty,conductorsonduty,brakemenonduty,hoursengineersonduty,minutesengineersonduty,hoursconductorsonduty,minutesconductorsonduty,railroademployeeskilled,railroademployeesinjured,passengerskilled,passengersinjured,otherskilled,othersinjured,personskilledforreportin,personsinjuredforreporti,totalpersonskilled,totalpersonsinjured,totalkilledform54,totalinjuredform54,narrative,jointtracktype,jointtrackclass,classcode,class,jointcd,incidentkey,reportkey,reporting_railroad_company_grouping,reporting_railroad_class,reporting_railroad_smt_grouping,reporting_parent_railroad_company_code,reporting_parent_railroad_company_name,reporting_railroad_holding_company,maintenance_railroad_company_grouping,maintenance_railroad_class,maintenance_railroad_smt_grouping,maintenance_parent_railroad_company_code,maintenance_parent_railroad_company_name,maintenance_railroad_holding_company,trackdensity,firemenonduty,gxid,contributingaccidentcausecode,contributingaccidentcause,subdivision,signalization_code,signalization,methodofoperation,adjunct_1,adjunctcode1,remote_control_locomotive_code,remotecontrollocomotive,specialstudy1,latitude,longitude,adjunct_2,adjunctcode2,positivealcoholtests,positivedrugtests,specialstudy2,adjunct_3,adjunctcode3,otherrailroadcode,otherrailroadname,otheraccidentnumber,accidentyearother,accidentmonthother,other_railroad_company_grouping,other_railroad_class,other_railroad_smt_grouping,other_parent_railroad_company_code,other_parent_railroad_company_name,other_railroad_holding_company
LI,Long Island Rail Road,1999,EQ990602,99,06,LI,Long Island Rail Road,EQ990602,99,06,06,1999-06-06,6:45 PM,01,Derailment,0.0,0.0,0.0,0.0,SYSTEM,SYSTEM,SOUTH HAMPTON,89.3,36,NY,NEW YORK,103,SUFFOLK,1,90.0,2,Day,1,Clear,3,Siding,SN SIDING,1,4,West,2,Passenger Train - Pulling,Yes,8709,3,Estimated,3,0.0,IM,LI,005003,1,No,,,0,,No,1.0,0.0,0.0,0.0,1.0,1.0,0.0,0.0,0.0,0.0,0.0,0.0,0.0,3.0,0.0,0.0,0.0,0.0,0.0,0.0,53011.0,1771.0,54782.0,H704,Switch previously run through,H704,Switch previously run through,1,1,1,4,15,4,15,0.0,0.0,0.0,0.0,0.0,0.0,0.0,0.0,0.0,0.0,0.0,0.0,"TRAIN NUMBER 8709 WAS PROCEEDING WESTWARD MOVING THROUGH THE FACING POINT CROSSOVER SWITCH AT SN SIDING WHEN THE LEAD TRUCK OF THE WEST CAR (CAB CAR 5003) DERAILED OVER THE SWITCH.  THE CAUSE OF THISDERAILMENT WAS DETERMINED TO BE A PREVIOUSLY RUN THROUGH SWITCH (FRA CAUSE CODE H704). IT WAS EVIDENT THAT THE SWITCH INVOLVED WAS PREVIOUSLY RUN THROUGH; HOWEVER, THE EMPLOYEES RESPONSIBLE FOR THAT MOVEMENT WERE NOT IDENTIFIED THEREFORE, NO DISCIPLINARY ACTION HAS BEEN IMPOSED.NoneNoneNoneNoneNoneNoneNoneNoneNoneNone",Siding,1,3L,3L,1,LIEQ990602199906,LIEQ990602199906,Passenger (Formerly Commuter),Class 3,"SMT-1 - Amtrak and Commuter East, some Tourist/Historic",LI,Long Island Rail Road,Not Assigned,Passenger (Formerly Commuter),Class 3,"SMT-1 - Amtrak and Commuter East, some Tourist/Historic",LI,Long Island Rail Road,Not Assigned,,,,,,,,,,,,,,,,,,,,,,,,,,,,,,,,,,
LI,Long Island Rail Road,1999,EQ990403,99,04,LI,Long Island Rail Road,EQ990403,99,04,30,1999-04-30,7:35 PM,13,Other (describe in narrative),0.0,0.0,0.0,0.0,SYSTEM,SYSTEM,BABYLON,36.9,36,NY,NEW YORK,103,SUFFOLK,1,60.0,3,Dusk,1,Clear,2,Yard,11 AND 12 TRACKS,1,4,West,7,Yard/switching,Yes,145,3,Estimated,3,0.0,IMN,LI,009785,1,No,,,0,,No,1.0,0.0,0.0,0.0,0.0,0.0,0.0,0.0,0.0,0.0,0.0,0.0,0.0,7.0,0.0,0.0,0.0,0.0,0.0,0.0,201856.0,0.0,201856.0,H605,Failure to comply with restricted speed in connection with the restrictive indication of a block or,H605,Failure to comply with restricted speed in connection with the restrictive indication of a block or,1,1,1,2,29,2,29,0.0,0.0,0.0,0.0,0.0,0.0,0.0,0.0,0.0,0.0,0.0,0.0,TRAIN 145  WAS OPERATING WESTWARD FROM TRACK 11 AT BABYLON YARD WHEN IT STRUCK THE SIDE OF EQUIPMENTON THE ADJACENT TRACK (YARD TRACK 12).  THE EQUIPMENT ON YARD TRACK 12 WAS LEFT IN A FOULING POSITION.NoneNoneNoneNoneNoneNoneNoneNoneNoneNoneNoneNone,Yard,1,3L,3L,1,LIEQ990403199904,LIEQ990403199904,Passenger (Formerly Commuter),Class 3,"SMT-1 - Amtrak and Commuter East, some Tourist/Historic",LI,Long Island Rail Road,Not Assigned,Passenger (Formerly Commuter),Class 3,"SMT-1 - Amtrak and Commuter East, some Tourist/Historic",LI,Long Island Rail Road,Not Assigned,,,,,,,,,,,,,,,,,,,,,,,,,,,,,,,,,,
LI,Long Island Rail Road,1999,GR19990302,99,03,LI,Long Island Rail Road,GR19990302,99,03,17,1999-03-17,10:39 AM,07,Hwy-rail crossing,0.0,0.0,0.0,0.0,SYSTEM,SYSTEM,GLEN COVE,27.4,36,NY,NEW YORK,59,NASSAU,1,50.0,2,Day,1,Clear,1,Main,OYSTER BAY #1,3,4,West,2,Passenger Train - Pulling,Yes,513,30,Estimated,30,0.0,ADGHIM,PU,000607,1,No,,,0,,Yes,1.0,0.0,0.0,0.0,1.0,0.0,0.0,0.0,0.0,0.0,0.0,2.0,0.0,3.0,0.0,0.0,0.0,0.0,0.0,0.0,30960.0,15045.0,46005.0,M304,Highway user cited for violation of highway-rail grade crossing traffic laws,M304,Highway user cited for violation of highway-rail grade crossing traffic laws,1,1,1,5,27,5,27,0.0,0.0,0.0,0.0,0.0,0.0,0.0,0.0,0.0,0.0,0.0,0.0,"LOW BOY-TYPE TRACTOR TRAILER TRUCK BECAME STUCK ON THE ELM STREET GRADE CROSSING AND WAS STRUCK BY TRAIN 513.  THE TRUCK DRIVER WAS ISSUED NUMEROUS TRAFFIC CODE VIOLATION SUMMONSES, INCLUDING ONE FOROVER WEIGHT VEHICLE WHICH WAS THE CAUSE OF THIS INCIDENT.  THE TRUCK DRIVER AND THE ENGINEER OF THETRAIN CLAIMED INJURY DUE TO THIS INCIDENT.  NO OTHER INJURIES WERE REPORTED.NoneNoneNoneNoneNoneNoneNoneNoneNoneNoneNone",Main,3,3L,3L,1,LIGR19990302199903,LIGR19990302199903,Passenger (Formerly Commuter),Class 3,"SMT-1 - Amtrak and Commuter East, some Tourist/Historic",LI,Long Island Rail Road,Not Assigned,Passenger (Formerly Commuter),Class 3,"SMT-1 - Amtrak and Commuter East, some Tourist/Historic",LI,Long Island Rail Road,Not Assigned,,,338300B,,,,,,,,,,,,,,,,,,,,,,,,,,,,,,,
LI,Long Island Rail Road,1999,GR19990302,99,03,LI,Long Island Rail Road,GR19990302,99,03,17,1999-03-17,10:39 AM,07,Hwy-rail crossing,0.0,0.0,0.0,0.0,SYSTEM,SYSTEM,GLEN COVE,27.4,36,NY,NEW YORK,59,NASSAU,1,50.0,2,Day,1,Clear,1,Main,OYSTER BAY #1,3,4,West,2,Passenger Train - Pulling,Yes,513,30,Estimated,30,0.0,ADGHIM,PU,000607,1,No,,,0,,Yes,1.0,0.0,0.0,0.0,1.0,0.0,0.0,0.0,0.0,0.0,0.0,2.0,0.0,3.0,0.0,0.0,0.0,0.0,0.0,0.0,30960.0,15045.0,46005.0,M304,Highway user cited for violation of highway-rail grade crossing traffic laws,M304,Highway user cited for violation of highway-rail grade crossing traffic laws,1,1,1,5,27,5,27,0.0,0.0,0.0,0.0,0.0,0.0,0.0,0.0,0.0,0.0,0.0,0.0,"LOW BOY-TYPE TRACTOR TRAILER TRUCK BECAME STUCK ON THE ELM STREET GRADE CROSSING AND WAS STRUCK BY TRAIN 513.  THE TRUCK DRIVER WAS ISSUED NUMEROUS TRAFFIC CODE VIOLATION SUMMONSES, INCLUDING ONE FOROVER WEIGHT VEHICLE WHICH WAS THE CAUSE OF THIS INCIDENT.  THE TRUCK DRIVER AND THE ENGINEER OF THETRAIN CLAIMED INJURY DUE TO THIS INCIDENT.  NO OTHER INJURIES WERE REPORTED.NoneNoneNoneNoneNoneNoneNoneNoneNoneNoneNone",Main,3,3L,3L,1,LIGR19990302199903,LIGR19990302199903,Passenger (Formerly Commuter),Class 3,"SMT-1 - Amtrak and Commuter East, some Tourist/Historic",LI,Long Island Rail Road,Not Assigned,Passenger (Formerly Commuter),Class 3,"SMT-1 - Amtrak and Commuter East, some Tourist/Historic",LI,Long Island Rail Road,Not Assigned,,,338300B,,,,,,,,,,,,,,,,,,,,,,,,,,,,,,,
LI,Long Island Rail Road,1999,GR19990302,99,03,LI,Long Island Rail Road,GR19990302,99,03,17,1999-03-17,10:39 AM,07,Hwy-rail crossing,0.0,0.0,0.0,0.0,SYSTEM,SYSTEM,GLEN COVE,27.4,36,NY,NEW YORK,59,NASSAU,1,50.0,2,Day,1,Clear,1,Main,OYSTER BAY #1,3,4,West,2,Passenger Train - Pulling,Yes,513,30,Estimated,30,0.0,ADGHIM,PU,000607,1,No,,,0,,Yes,1.0,0.0,0.0,0.0,1.0,0.0,0.0,0.0,0.0,0.0,0.0,2.0,0.0,3.0,0.0,0.0,0.0,0.0,0.0,0.0,30960.0,15045.0,46005.0,M304,Highway user cited for violation of highway-rail grade crossing traffic laws,M304,Highway user cited for violation of highway-rail grade crossing traffic laws,1,1,1,5,27,5,27,0.0,0.0,0.0,0.0,0.0,0.0,0.0,0.0,0.0,0.0,0.0,0.0,"LOW BOY-TYPE TRACTOR TRAILER TRUCK BECAME STUCK ON THE ELM STREET GRADE CROSSING AND WAS STRUCK BY TRAIN 513.  THE TRUCK DRIVER WAS ISSUED NUMEROUS TRAFFIC CODE VIOLATION SUMMONSES, INCLUDING ONE FOROVER WEIGHT VEHICLE WHICH WAS THE CAUSE OF THIS INCIDENT.  THE TRUCK DRIVER AND THE ENGINEER OF THETRAIN CLAIMED INJURY DUE TO THIS INCIDENT.  NO OTHER INJURIES WERE REPORTED.NoneNoneNoneNoneNoneNoneNoneNoneNoneNoneNone",Main,3,3L,3L,1,LIGR19990302199903,LIGR19990302199903,Passenger (Formerly Commuter),Class 3,"SMT-1 - Amtrak and Commuter East, some Tourist/Historic",LI,Long Island Rail Road,Not Assigned,Passenger (Formerly Commuter),Class 3,"SMT-1 - Amtrak and Commuter East, some Tourist/Historic",LI,Long Island Rail Road,Not Assigned,,,338300B,,,,,,,,,,,,,,,,,,,,,,,,,,,,,,,
LI,Long Island Rail Road,1999,GR19990302,99,03,LI,Long Island Rail Road,GR19990302,99,03,17,1999-03-17,10:39 AM,07,Hwy-rail crossing,0.0,0.0,0.0,0.0,SYSTEM,SYSTEM,GLEN COVE,27.4,36,NY,NEW YORK,59,NASSAU,1,50.0,2,Day,1,Clear,1,Main,OYSTER BAY #1,3,4,West,2,Passenger Train - Pulling,Yes,513,30,Estimated,30,0.0,ADGHIM,PU,000607,1,No,,,0,,Yes,1.0,0.0,0.0,0.0,1.0,0.0,0.0,0.0,0.0,0.0,0.0,2.0,0.0,3.0,0.0,0.0,0.0,0.0,0.0,0.0,30960.0,15045.0,46005.0,M304,Highway user cited for violation of highway-rail grade crossing traffic laws,M304,Highway user cited for violation of highway-rail grade crossing traffic laws,1,1,1,5,27,5,27,0.0,0.0,0.0,0.0,0.0,0.0,0.0,0.0,0.0,0.0,0.0,0.0,"LOW BOY-TYPE TRACTOR TRAILER TRUCK BECAME STUCK ON THE ELM STREET GRADE CROSSING AND WAS STRUCK BY TRAIN 513.  THE TRUCK DRIVER WAS ISSUED NUMEROUS TRAFFIC CODE VIOLATION SUMMONSES, INCLUDING ONE FOROVER WEIGHT VEHICLE WHICH WAS THE CAUSE OF THIS INCIDENT.  THE TRUCK DRIVER AND THE ENGINEER OF THETRAIN CLAIMED INJURY DUE TO THIS INCIDENT.  NO OTHER INJURIES WERE REPORTED.NoneNoneNoneNoneNoneNoneNoneNoneNoneNoneNone",Main,3,3L,3L,1,LIGR19990302199903,LIGR19990302199903,Passenger (Formerly Commuter),Class 3,"SMT-1 - Amtrak and Commuter East, some Tourist/Historic",LI,Long Island Rail Road,Not Assigned,Passenger (Formerly Commuter),Class 3,"SMT-1 - Amtrak and Commuter East, some Tourist/Historic",LI,Long Island Rail Road,Not Assigned,,,338300B,,,,,,,,,,,,,,,,,,,,,,,,,,,,,,,
LI,Long Island Rail Road,1999,EQ990201,99,02,LI,Long Island Rail Road,EQ990201,99,02,02,1999-02-02,5:11 PM,09,Obstruction,0.0,0.0,0.0,0.0,SYSTEM,SYSTEM,WEST HEMPSTEAD,20,36,NY,NEW YORK,59,NASSAU,1,28.0,2,Day,1,Clear,2,Yard,MAIN STATION,1,3,East,2,Passenger Train - Pulling,Yes,956,0,Estimated,0,0.0,IMN,LI,009116,1,Yes,,,0,,Yes,1.0,0.0,0.0,0.0,0.0,0.0,0.0,0.0,0.0,0.0,0.0,7.0,0.0,0.0,0.0,0.0,0.0,0.0,0.0,0.0,20527.0,0.0,20527.0,H605,Failure to comply with restricted speed in connection with the restrictive indication of a block or,H605,Failure to comply with restricted speed in connection with the restrictive indication of a block or,1,1,1,1,,1,,0.0,0.0,0.0,0.0,0.0,0.0,0.0,0.0,0.0,0.0,0.0,0.0,THE ENGINEER OF TRAIN NUMBER 956 FAILED TO CONTROL THE TRAIN MOVEMENT AND STRUCK THE BUMPER POST ATTHE EAST END OF THE MAIN STATION TRACK AT WEST HEMPSTEAD TERMINAL RESULTING IN DAMAGE TO THE LEAD MUCAR NUMBER 9116.  THE ENGINEER RECEVIED FIVE DAYS SUSPENSION WITHOUT PAY AS DISCIPLINE FOR RESPONSIBILITY OF THIS ACCIDENT.NoneNoneNoneNoneNoneNoneNoneNoneNoneNoneNone,Yard,1,3L,3L,1,LIEQ990201199902,LIEQ990201199902,Passenger (Formerly Commuter),Class 3,"SMT-1 - Amtrak and Commuter East, some Tourist/Historic",LI,Long Island Rail Road,Not Assigned,Passenger (Formerly Commuter),Class 3,"SMT-1 - Amtrak and Commuter East, some Tourist/Historic",LI,Long Island Rail Road,Not Assigned,,,,,,,,,,,,,,,,,,,,,,,,,,,,,,,,,,
LI,Long Island Rail Road,1999,EQ990202,99,02,LI,Long Island Rail Road,EQ990202,99,02,09,1999-02-09,7:31 AM,13,Other (describe in narrative),0.0,0.0,0.0,0.0,SYSTEM,SYSTEM,FARMINGDALE,31.5,36,NY,NEW YORK,103,SUFFOLK,1,26.0,2,Day,1,Clear,1,Main,MAIN LINE,4,4,West,2,Passenger Train - Pulling,Yes,2021,40,Estimated,40,0.0,ADFIM,LI,009919,1,Yes,LI,009919,1,Yes,Yes,1.0,0.0,0.0,0.0,0.0,0.0,0.0,0.0,0.0,0.0,11.0,0.0,0.0,0.0,0.0,0.0,0.0,0.0,0.0,0.0,20277.0,795.0,21072.0,E99L,"Other mechanical and electrical failures, (LOCOMOTIVE) (Provide detailed description in narrative)",E99L,"Other mechanical and electrical failures, (LOCOMOTIVE) (Provide detailed description in narrative)",1,1,1,,51,,51,0.0,0.0,0.0,0.0,0.0,0.0,0.0,0.0,0.0,0.0,0.0,0.0,"THIRD RAIL ELECTRICAL CONTACT SHOE BRACKET DISLODGED ON TRAIN NUMBER 2021 WHILE OPERATING WESTWARD ON THE MAIN LINE AT FARMINGDALE, RESULTING IN DAMAGE TO MU CAR 9919 AND PROPERTY DAMAGE. NO INJURIESWERE REPORTED DUE TO THIS INCIDENT.NoneNoneNoneNoneNoneNoneNoneNoneNoneNoneNoneNone",Main,4,3L,3L,1,LIEQ990202199902,LIEQ990202199902,Passenger (Formerly Commuter),Class 3,"SMT-1 - Amtrak and Commuter East, some Tourist/Historic",LI,Long Island Rail Road,Not Assigned,Passenger (Formerly Commuter),Class 3,"SMT-1 - Amtrak and Commuter East, some Tourist/Historic",LI,Long Island Rail Road,Not Assigned,,,,,,,,,,,,,,,,,,,,,,,,,,,,,,,,,,
LI,Long Island Rail Road,1999,EQ990202,99,02,LI,Long Island Rail Road,EQ990202,99,02,09,1999-02-09,7:31 AM,13,Other (describe in narrative),0.0,0.0,0.0,0.0,SYSTEM,SYSTEM,FARMINGDALE,31.5,36,NY,NEW YORK,103,SUFFOLK,1,26.0,2,Day,1,Clear,1,Main,MAIN LINE,4,4,West,2,Passenger Train - Pulling,Yes,2021,40,Estimated,40,0.0,ADFIM,LI,009919,1,Yes,LI,009919,1,Yes,Yes,1.0,0.0,0.0,0.0,0.0,0.0,0.0,0.0,0.0,0.0,11.0,0.0,0.0,0.0,0.0,0.0,0.0,0.0,0.0,0.0,20277.0,795.0,21072.0,E99L,"Other mechanical and electrical failures, (LOCOMOTIVE) (Provide detailed description in narrative)",E99L,"Other mechanical and electrical failures, (LOCOMOTIVE) (Provide detailed description in narrative)",1,1,1,,51,,51,0.0,0.0,0.0,0.0,0.0,0.0,0.0,0.0,0.0,0.0,0.0,0.0,"THIRD RAIL ELECTRICAL CONTACT SHOE BRACKET DISLODGED ON TRAIN NUMBER 2021 WHILE OPERATING WESTWARD ON THE MAIN LINE AT FARMINGDALE, RESULTING IN DAMAGE TO MU CAR 9919 AND PROPERTY DAMAGE. NO INJURIESWERE REPORTED DUE TO THIS INCIDENT.NoneNoneNoneNoneNoneNoneNoneNoneNoneNoneNoneNone",Main,4,3L,3L,1,LIEQ990202199902,LIEQ990202199902,Passenger (Formerly Commuter),Class 3,"SMT-1 - Amtrak and Commuter East, some Tourist/Historic",LI,Long Island Rail Road,Not Assigned,Passenger (Formerly Commuter),Class 3,"SMT-1 - Amtrak and Commuter East, some Tourist/Historic",LI,Long Island Rail Road,Not Assigned,,,,,,,,,,,,,,,,,,,,,,,,,,,,,,,,,,
LI,Long Island Rail Road,1999,EQ990206,99,02,LI,Long Island Rail Road,EQ990206,99,02,25,1999-02-25,8:00 PM,01,Derailment,0.0,0.0,0.0,0.0,SYSTEM,SYSTEM,MONTAUK,115,36,NY,NEW YORK,103,SUFFOLK,1,25.0,4,Dark,6,Snow,2,Yard,#1 STATION,1,4,West,2,Passenger Train - Pulling,Yes,EXTR,5,Estimated,5,0.0,MN,LI,002802,6,No,LI,002802,6,No,No,1.0,0.0,0.0,0.0,1.0,0.0,0.0,0.0,0.0,1.0,0.0,0.0,0.0,5.0,0.0,0.0,0.0,0.0,1.0,0.0,17638.0,216714.0,234352.0,E64C,Worn flange,E64C,Worn flange,1,1,1,7,27,7,27,0.0,0.0,0.0,0.0,0.0,0.0,0.0,0.0,0.0,0.0,0.0,0.0,"THE L-1 WHEEL OF CAR NUMBER 2802 DERAILED AT THE AUTOMATIC SAFETY SWITCH AS THE TRAIN BEGAN TO MOVEWESTWARD OUT OF THE MONTAUK TERMINAL.  THE INVESTIGATION REVEALED THAT THE CAR 2802 DERAILED PRIMARILY DUE TO A HIGH FLANGE OF THE L-1 WHEEL(FRA CAUSE CODE E64C).  A CONTRIBUTING CAUSAL FACTOR WAS ICEAND SNOW ACCUMULATION IN BETWEEN THE STOCK RAIL AND RIGHT HAND POINT OF THE SWITCH INVOLVED WHICH RESULTED IN A SMALL GAP BETWEEN THE STOCK RAIL AND THE RIGHT HAND SWITCH POINT (FRA CAUSE CODE T-319).  WHEN THE DERAILED CAR (2802) REACHED THE WEST END YARD SWITCHES,  THE DERAILED CAR PULLED THE ENGINE NO.271 OFF THE TRACK DERAILING BOTH TRUCKS OF THE ENGINE, RESULTING IN EQUIPMENT DAMAGE AND A FUEL OIL SPILL IN THE YARD.  NO INJURIES WERE REPORTED AS RESULT OF THIS ACCIDENT.NoneNoneNoneNoneNoneNoneNone",Yard,1,3L,3L,1,LIEQ990206199902,LIEQ990206199902,Passenger (Formerly Commuter),Class 3,"SMT-1 - Amtrak and Commuter East, some Tourist/Historic",LI,Long Island Rail Road,Not Assigned,Passenger (Formerly Commuter),Class 3,"SMT-1 - Amtrak and Commuter East, some Tourist/Historic",LI,Long Island Rail Road,Not Assigned,,,,T319,Switch point gapped (between switch point and stock rail),,,,,,,,,,,,,,,,,,,,,,,,,,,,,
LI,Long Island Rail Road,1999,EQ990107,99,01,LI,Long Island Rail Road,EQ990107,99,01,09,1999-01-09,3:02 PM,11,Fire/violent rupture,0.0,0.0,0.0,0.0,SYSTEM,SYSTEM,HUNTINGTON,35,36,NY,NEW YORK,103,SUFFOLK,1,38.0,2,Day,3,Rain,3,Siding,SOUTH SIDE,1,,,7,Yard/switching,No,LAY-,0,Recorded,0,0.0,MN,LI,009324,2,No,LI,009324,2,No,No,1.0,0.0,0.0,0.0,0.0,0.0,0.0,0.0,0.0,0.0,0.0,0.0,0.0,7.0,0.0,0.0,0.0,0.0,0.0,0.0,1000000.0,0.0,1000000.0,E99C,"Other mechanical and electrical failures, (CAR) (Provide detailed description in narrative)",E99C,"Other mechanical and electrical failures, (CAR) (Provide detailed description in narrative)",,,,,,,,0.0,0.0,0.0,0.0,0.0,0.0,0.0,0.0,0.0,0.0,0.0,0.0,ELECTRICAL FIRE ON UNATTENDED EQUIPMENT MU TRAIN CONSIT LAYED-UP ON THE SOUTH SIDE EXTENSION TRACK SIDING AT HUNTINGTON.  THIS ELECTRICAL FIRE RESULTED IN DAMAGE TO THE MU CARS 9324 AND 9101.  NO INJURIES WERE REPORTED AS A RESULT OF THIS ELECTRICAL FIRE.NoneNoneNoneNoneNoneNoneNoneNoneNoneNoneNoneNone,Siding,1,3L,3L,1,LIEQ990107199901,LIEQ990107199901,Passenger (Formerly Commuter),Class 3,"SMT-1 - Amtrak and Commuter East, some Tourist/Historic",LI,Long Island Rail Road,Not Assigned,Passenger (Formerly Commuter),Class 3,"SMT-1 - Amtrak and Commuter East, some Tourist/Historic",LI,Long Island Rail Road,Not Assigned,,,,,,,,,,,,,,,,,,,,,,,,,,,,,,,,,,
LI,Long Island Rail Road,1999,EQ990110,99,01,LI,Long Island Rail Road,EQ990110,99,01,29,1999-01-29,2:15 AM,01,Derailment,0.0,0.0,0.0,0.0,SYSTEM,SYSTEM,PT. WASHINGTON,17.8,36,NY,NEW YORK,59,NASSAU,1,46.0,4,Dark,3,Rain,2,Yard,PT. WASHINGTON,1,3,East,7,Yard/switching,Yes,478,5,Estimated,5,0.0,MN,LI,009708,7,No,,,0,,No,1.0,0.0,0.0,0.0,0.0,0.0,0.0,0.0,0.0,0.0,0.0,0.0,0.0,7.0,0.0,0.0,0.0,0.0,1.0,0.0,27377.0,2742.0,30119.0,T307,Spring/power switch mechanism malfunction,T307,Spring/power switch mechanism malfunction,1,1,1,1,30,1,30,0.0,0.0,0.0,0.0,0.0,0.0,0.0,0.0,0.0,0.0,0.0,0.0,SWITCH FAILURE (43 SWITCH PORT WASHINGTON YARD) RESULTED IN THE DERAILMENT OF MU CAR NUMBER 9708.NoneNoneNoneNoneNoneNoneNoneNoneNoneNoneNoneNoneNoneNone,Yard,1,3L,3L,1,LIEQ990110199901,LIEQ990110199901,Passenger (Formerly Commuter),Class 3,"SMT-1 - Amtrak and Commuter East, some Tourist/Historic",LI,Long Island Rail Road,Not Assigned,Passenger (Formerly Commuter),Class 3,"SMT-1 - Amtrak and Commuter East, some Tourist/Historic",LI,Long Island Rail Road,Not Assigned,,,,,,,,,,,,,,,,,,,,,,,,,,,,,,,,,,
LI,Long Island Rail Road,2006,GR20060801,06,08,LI,Long Island Rail Road,GR20060801,06,08,10,2006-08-10,8:41 PM,07,Hwy-rail crossing,0.0,0.0,0.0,0.0,SYSTEM,SYSTEM,MALVERNE,17.4,36,NY,NEW YORK,59,NASSAU,1,78.0,4,Dark,3,Rain,1,Main,WHEMPSTEAD #1,4,4,West,2,Passenger Train - Pulling,Yes,3957,65,Estimated,65,0.0,DH,LI,007491,1,Yes,,,0,,Yes,1.0,0.0,0.0,0.0,0.0,0.0,0.0,0.0,0.0,0.0,0.0,5.0,0.0,0.0,0.0,0.0,0.0,0.0,0.0,0.0,6925.0,1250.0,8175.0,M303,Highway user misjudgment under normal weather and traffic conditions,M303,Highway user misjudgment under normal weather and traffic conditions,1,1,0,5,3,5,3,0.0,0.0,0.0,0.0,0.0,1.0,0.0,1.0,0.0,1.0,0.0,1.0,"ELDERLY MALE DRIVER STOPPED ON CROSSING AS GATES DESCENDED, FAILED TO MOVE VEHICLE UPON APPROACH OFTRAIN, STRUCK BY SAME.",Main,4,3L,3L,1,LIGR20060801200608,LIGR20060801200608,Passenger (Formerly Commuter),Class 3,"SMT-1 - Amtrak and Commuter East, some Tourist/Historic",LI,Long Island Rail Road,Not Assigned,Passenger (Formerly Commuter),Class 3,"SMT-1 - Amtrak and Commuter East, some Tourist/Historic",LI,Long Island Rail Road,Not Assigned,,0,338363F,,,,,,,,,0,Not a remotely controlled operation,,0.0,0.0,,,0,0,,,,,,,,,,,,,,
LI,Long Island Rail Road,2012,EQ20120201,12,02,LI,Long Island Rail Road,EQ20120201,12,02,21,2012-02-21,11:12 AM,09,Obstruction,0.0,0.0,0.0,0.0,,,PORT WASHINGTON,18.1,36,NY,NEW YORK,59,NASSAU,1,40.0,2,Day,1,Clear,1,Main,PORT WASH #5,1,3,East,D,EMU,Yes,RA18,3,Recorded,3,0.0,,LI,007804,1,No,,,0,,No,0.0,0.0,0.0,0.0,0.0,0.0,0.0,0.0,0.0,0.0,0.0,0.0,0.0,10.0,0.0,0.0,0.0,0.0,0.0,0.0,40000.0,2334.0,42334.0,H307,"Shoving movement, man on or at leading end of movement, failure to control",H307,"Shoving movement, man on or at leading end of movement, failure to control",1,1,0,4,12,4,12,0.0,0.0,0.0,0.0,0.0,0.0,0.0,0.0,0.0,0.0,0.0,0.0,ROUSTABOUT CREW SHOVING 10 CARS INTO 5 TRACK IN PORT WASHINGTON STRUCK BUMPER BLOCK. CONDUCTOR DID NOT CONDUCT SAFETY STOP AND DID NOT HAVE CONTROL OF THE MOVE.,Main,1,No,No,1,LIEQ20120201201202,LIEQ20120201201202,Passenger (Formerly Commuter),Class 3,"SMT-1 - Amtrak and Commuter East, some Tourist/Historic",LI,Long Island Rail Road,Not Assigned,Passenger (Formerly Commuter),Class 3,"SMT-1 - Amtrak and Commuter East, some Tourist/Historic",LI,Long Island Rail Road,Not Assigned,,0,,,,SYSTEM,1,Signaled,Signal Indication,L,Special Instructions,0,Not a remotely controlled operation,CWR,40.830117,-73.687758,,,,,,,,,,,,,,,,,,