reportingrailroadcode,reportingrailroadname,report_year,incidentnumber,accidentyear,accidentmonth,maintenancerailroadcode,maintenancerailroadname,maintenanceaccidentnumber,maintenanceaccidentyear,maintenanceaccidentmonth,day,date,time,accident_type_code,accidenttype,hazmatcars,hazmatcarsdamaged,hazmatreleasedcars,personsevacuated,divisioncode,division,station,milepost,statecode,stateabbr,statename,countycode,countyname,district,temperature,visibilitycode,visibility,weather_condition_code,weathercondition,track_type_code,tracktype,trackname,trackclass,train_direction_code,traindirection,equipment_type_code,equipmenttype,equipmentattended,trainnumber,trainspeed,recordedestimatedspeed,maximumspeed,grosstonnage,method_of_operation_code,firstcarinitials,firstcarnumber,firstcarposition,firstcarloaded,causingcarinitials,causingcarnumber,causingcarposition,causingcarloaded,passengerstransported,headendlocomotives,midtrainmanuallocomotives,midtrainremotelocomotives,rearendmanuallocomotives,rearendremotelocomotives,derailedheadendlocomotives,derailedmidtrainmanuallo,derailedmidtrainremotelo,derailedrearendmanualloc,derailedrearendremoteloc,loadedfreightcars,loadedpassengercars,emptyfreightcars,emptypassengercars,cabooses,derailedloadedfreightcars,derailedloadedpassengercars,derailedemptyfreightcars,derailedemptypassengercars,derailedcabooses,equipmentdamagecost,trackdamagecost,totaldamagecost,primaryaccidentcausecode,primaryaccidentcause,accidentcausecode,accidentcause,engineersonduty,conductorsonduty,brakemenonduty,hoursengineersonduty,minutesengineersonduty,hoursconductorsonduty,minutesconductorsonduty,railroademployeeskilled,railroademployeesinjured,passengerskilled,passengersinjured,otherskilled,othersinjured,personskilledforreportin,personsinjuredforreporti,totalpersonskilled,totalpersonsinjured,totalkilledform54,totalinjuredform54,narrative,jointtracktype,jointtrackclass,classcode,class,jointcd,incidentkey,reportkey,reporting_railroad_company_grouping,reporting_railroad_class,reporting_railroad_smt_grouping,reporting_parent_railroad_company_code,reporting_parent_railroad_company_name,reporting_railroad_holding_company,maintenance_railroad_company_grouping,maintenance_railroad_class,maintenance_railroad_smt_grouping,maintenance_parent_railroad_company_code,maintenance_parent_railroad_company_name,maintenance_railroad_holding_company,trackdensity,firemenonduty,gxid,contributingaccidentcausecode,contributingaccidentcause,subdivision,signalization_code,signalization,methodofoperation,adjunct_1,adjunctcode1,remote_control_locomotive_code,remotecontrollocomotive,specialstudy1,latitude,longitude,adjunct_2,adjunctcode2,positivealcoholtests,positivedrugtests,specialstudy2,adjunct_3,adjunctcode3,otherrailroadcode,otherrailroadname,otheraccidentnumber,accidentyearother,accidentmonthother,other_railroad_company_grouping,other_railroad_class,other_railroad_smt_grouping,other_parent_railroad_company_code,other_parent_railroad_company_name,other_railroad_holding_company
LI,Long Island Rail Road,2016,GR20161101,16,11,LI,Long Island Rail Road,GR20161101,16,11,06,2016-11-06,5:33 PM,07,Hwy-rail crossing,0.0,0.0,0.0,0.0,,,CENTRAL ISLIP,43.3,36,NY,NEW YORK,103,SUFFOLK,1,50.0,4,Dark,2,Cloudy,1,Main,MAINLINE 1,4,3,East,D,EMU,Yes,8058,62,Recorded,62,0.0,,LI,007572,1,No,,,0,,Yes,0.0,0.0,0.0,0.0,0.0,0.0,0.0,0.0,0.0,0.0,0.0,12.0,0.0,0.0,0.0,0.0,0.0,0.0,0.0,0.0,0.0,37879.0,37879.0,M303,Highway user misjudgment under normal weather and traffic conditions,M303,Highway user misjudgment under normal weather and traffic conditions,1,1,1,7,23,7,23,0.0,0.0,0.0,0.0,0.0,0.0,0.0,0.0,0.0,0.0,0.0,0.0,NORTHBOUND CAR HAD PREVIOUSLY EXPERIENCED MECHANICAL TROUBLE AND HAD STALLED ON THE CROSSING PADS FOULING MAINLINE ONE. BEFORE THE CROSSING WAS ACTIVATED IT WAS STRUCK BY TRAIN 8058.,Main,4,No,No,1,LIGR20161101201611,LIGR20161101201611,Passenger (Formerly Commuter),Class 3,"SMT-1 - Amtrak and Commuter East, some Tourist/Historic",LI,Long Island Rail Road,Not Assigned,Passenger (Formerly Commuter),Class 3,"SMT-1 - Amtrak and Commuter East, some Tourist/Historic",LI,Long Island Rail Road,Not Assigned,,0,338172V,,,SYSTEM,1,Signaled,Signal Indication,,,0,Not a remotely controlled operation,CWR,40.790337,-73.201703,,,,,000-000-000,,,,,,,,,,,,,
LI,Long Island Rail Road,2018,68154,18,07,LI,Long Island Rail Road,68154,18,07,18,2018-07-18,10:16 PM,07,Hwy-rail crossing,0.0,0.0,0.0,0.0,,,WYANDANCH,34.7,36,NY,NEW YORK,103,SUFFOLK,1,75.0,4,Dark,1,Clear,1,Main,SINGLE MAIN TRACK,4,3,East,D,EMU,Yes,2088,45,Recorded,45,0.0,,LI,009916,1,Yes,,,0,,Yes,0.0,0.0,0.0,0.0,0.0,0.0,0.0,0.0,0.0,0.0,0.0,12.0,0.0,0.0,0.0,0.0,0.0,0.0,0.0,0.0,17479.0,0.0,17479.0,M303,Highway user misjudgment under normal weather and traffic conditions,M303,Highway user misjudgment under normal weather and traffic conditions,1,1,1,7,35,7,35,0.0,0.0,0.0,0.0,1.0,0.0,1.0,0.0,1.0,0.0,1.0,0.0,EASTBOUND TRAIN 2088 REPORTED STRIKING A TRESPASSER AT THE STRAIGHT PATH CROSSING IN WYANDANCH. ADULT MALE TRESPASSER WAS RIDING A BICYCLE AND WENT AROUND THE DOWNED CROSSINGGATES AND WAS STRUCK BYTHE PASSING TRAIN. AGE OF TRESPASSER CURRENTLY UNKNOWN.,Main,4,No,No,1,LI68154201807,LI68154201807,Passenger (Formerly Commuter),Class 3,"SMT-1 - Amtrak and Commuter East, some Tourist/Historic",LI,Long Island Rail Road,Not Assigned,Passenger (Formerly Commuter),Class 3,"SMT-1 - Amtrak and Commuter East, some Tourist/Historic",LI,Long Island Rail Road,Not Assigned,9.2,0,338162P,,,LIRR MAINLINE,1,Signaled,Signal Indication,A,Auto Cab Signals,0,Not a remotely controlled operation,CWR,73.36036,-40.75427,,,,,000-000-000,,,,,,,,,,,,,
LI,Long Island Rail Road,2018,68541,18,09,LI,Long Island Rail Road,68541,18,09,28,2018-09-28,6:56 PM,13,Other (describe in narrative),0.0,0.0,0.0,0.0,,,WYANDANCH,34.8,36,NY,NEW YORK,103,SUFFOLK,1,61.0,2,Day,1,Clear,1,Main,TRACK 01,4,4,West,D,EMU,Yes,LI 2,80,Recorded,80,0.0,,LI,007764,1,Yes,,,0,,Yes,0.0,0.0,0.0,0.0,0.0,0.0,0.0,0.0,0.0,0.0,0.0,10.0,0.0,0.0,0.0,0.0,0.0,0.0,0.0,0.0,12791.0,0.0,12791.0,M502,"Vandalism of on-track equipment, e.g., brakes released",M502,"Vandalism of on-track equipment, e.g., brakes released",1,1,1,8,33,8,33,0.0,0.0,0.0,0.0,0.0,0.0,0.0,0.0,0.0,0.0,0.0,0.0,"TRAIN NO. 2065 ENG – 7047 AT 1904HRS, ENGR REPORTS CHECKED EQUIPMENT FROM THE EXTERIOR AND THE WINDSHIELD IS SHATTERED. UPDATED EQUIPMENT COSTS RECEIVED TRIGGERING REPORTABILITY.",Main,4,No,No,1,LI68541201809,LI68541201809,Passenger (Formerly Commuter),Class 3,"SMT-1 - Amtrak and Commuter East, some Tourist/Historic",LI,Long Island Rail Road,Not Assigned,Passenger (Formerly Commuter),Class 3,"SMT-1 - Amtrak and Commuter East, some Tourist/Historic",LI,Long Island Rail Road,Not Assigned,9.2,0,,,,LIRRMAINLINE,1,Signaled,Signal Indication,A,Auto Cab Signals,0,Not a remotely controlled operation,CWR,40.756054,-73.352531,,,,,000-000-000,,,,,,,,,,,,,
LI,Long Island Rail Road,2014,EQ20140402,14,04,LI,Long Island Rail Road,EQ20140402,14,04,23,2014-04-23,9:33 PM,13,Other (describe in narrative),0.0,0.0,0.0,0.0,,,WYANDANCH,34.7,36,NY,NEW YORK,103,SUFFOLK,1,34.0,4,Dark,1,Clear,1,Main,ML #1,4,4,West,,,,,0,,40,0.0,,,,0,,,,0,,,0.0,0.0,0.0,0.0,0.0,0.0,0.0,0.0,0.0,0.0,0.0,0.0,0.0,0.0,0.0,0.0,0.0,0.0,0.0,0.0,0.0,15719.0,16119.0,E80C,Box car plug door open,E80C,Box car plug door open,,,,,,,,0.0,0.0,0.0,0.0,0.0,0.0,0.0,0.0,0.0,0.0,0.0,0.0,NYAR RS 51 TRAVELING WEST ON ML #1 THROUGH WYANDANCH STATION WHEN THE NORTH SIDE FREIGHT DOOR OF CARMWCX500034 CAME OFF CAUSING DAMAGE TO PLATFORM.,Main,4,No,No,1,LIEQ20140402201404,LIEQ20140402201404,Passenger (Formerly Commuter),Class 3,"SMT-1 - Amtrak and Commuter East, some Tourist/Historic",LI,Long Island Rail Road,Not Assigned,Passenger (Formerly Commuter),Class 3,"SMT-1 - Amtrak and Commuter East, some Tourist/Historic",LI,Long Island Rail Road,Not Assigned,,,,,,SYSTEM,1,Signaled,Signal Indication,A,Auto Cab Signals,,,CWR,40.75445,-73.359843,,,,,,,,NYA,New York & Atlantic Railway Company,042314,14,04,Shortline,Class 3,SMT-2 - Shortline – East,NYA,New York & Atlantic Railway Company,Anacostia R
LI,Long Island Rail Road,2014,EQ20140101,14,01,LI,Long Island Rail Road,EQ20140101,14,01,10,2014-01-10,1:50 AM,01,Derailment,0.0,0.0,0.0,0.0,,,BRENTWOOD,40.0,36,NY,NEW YORK,103,SUFFOLK,1,20.0,4,Dark,1,Clear,1,Main,MAINLINE 1,4,4,West,,,,,0,,5,0.0,,,,0,,,,0,,,0.0,0.0,0.0,0.0,0.0,0.0,0.0,0.0,0.0,0.0,0.0,0.0,0.0,0.0,0.0,0.0,0.0,0.0,0.0,0.0,0.0,11154.0,12058.0,E52C,Journal (plain) failure from overheating,E52C,Journal (plain) failure from overheating,0,0,0,,,,,0.0,0.0,0.0,0.0,0.0,0.0,0.0,0.0,0.0,0.0,0.0,0.0,NYAR RS-50 WAS SHOVING WEST INTO PINE AIRE SIDING WHEN GONDOLA CAR GA CX 680140 DERAILED.      9/3/14 - REVISED DAMAGE COST.,Main,4,No,No,1,LIEQ20140101201401,LIEQ20140101201401,Passenger (Formerly Commuter),Class 3,"SMT-1 - Amtrak and Commuter East, some Tourist/Historic",LI,Long Island Rail Road,Not Assigned,Passenger (Formerly Commuter),Class 3,"SMT-1 - Amtrak and Commuter East, some Tourist/Historic",LI,Long Island Rail Road,Not Assigned,,0,,,,SYSTEM,1,Signaled,Signal Indication,,,,,CWR,40.775989,-73.264929,,,,,,,,NYA,New York & Atlantic Railway Company,011014,14,01,Shortline,Class 3,SMT-2 - Shortline – East,NYA,New York & Atlantic Railway Company,Anacostia R
NYA,New York & Atlantic Railway Company,2014,042314,14,04,LI,Long Island Rail Road,EQ20140402,14,04,23,2014-04-23,9:33 PM,13,Other (describe in narrative),0.0,0.0,0.0,0.0,,,WYANDANCH,34.7,36,NY,NEW YORK,103,SUFFOLK,1,34.0,4,Dark,1,Clear,1,Main,ML #1,4,4,West,1,Freight Train,Yes,RS-5,40,Recorded,40,3225.0,,MWCX,500034,26,No,MWCX,500034,26,No,No,2.0,0.0,0.0,0.0,0.0,0.0,0.0,0.0,0.0,0.0,21.0,0.0,20.0,0.0,0.0,0.0,0.0,0.0,0.0,0.0,400.0,0.0,16119.0,E80C,Box car plug door open,E80C,Box car plug door open,1,1,1,3,33,3,33,0.0,0.0,0.0,0.0,0.0,0.0,0.0,0.0,0.0,0.0,0.0,0.0,"THE CREW OF THE RS-50 HAD THE NORTH SIDE PLUG DOOR OF BOX CAR MWCX 500034 STRIKE THE STATION PLATFORM WHICH CAUSED THE DOOR TO FALL OFF THE CAR AS IT OPERATED WESTBOUND AT WYANDANCH STATION.  AS A RESULT, DAMAGE TO LIRR PROPERTY WAS SUSTAINED AT THE STATION. 

THE CAR WAS THE 26TH CAR IN A 41 CARCONSIST. THE CREW WAS UNAWARE OF ANY OF ANY IMPACT OR EVENT PRIOR TO BEING INSTRUCTED BY LIRR TO STOP THEIR TRAIN AND INSPECT THE CONSIST DUE TO THE STATION PLATFORM STRIKE AT WYANDANCH.

THE ENGINEER AND CREW PERFORMED AN INITIAL TERMINAL BRAKE TEST PRIOR TO DEPARTURE FROM THE POINT OF ORIGIN. DURING THE INSPECT OF BOTH SIDES OF THE CONSIST NEITHER THE CONDUCTOR NOR THE BRAKEMAN TOOK ANY EXCEPTION TO THE TRAIN AND BOTH CREWMEMBERS FAILED TO NOTICE THAT THE PLUG DOOR WAS NOT SECURELY CLOSED AND THAT THE TRAIN WAS NOT SAFE TO MOVE.

THE CAR IN QUESTION HAD BEEN MOVED FROM THE CUSTOMER SIDING THE PRIOR NIGHT AND HAD BEEN MOVED SAFELY FROM HOLTSVILLE TO PINEAIRE. IT APPEARS THAT THE DOOR MAY HAVE BEEN TAMPERED WITH AND OPENED BY TRESSPASSERS DURING THE 18 HOURS THAT THE CAR SAT IN THE PILGRIM SPUR SIDING AT PINE AIRE. THIS LOCATION IS VERY ACCESSIBLE FROM THE ADJACENT PARKING LOT. AFTERINSPECTION OF THAT AREA, THERE WAS EVIDENCE THAT TRESPASSERS HAD BEEN IN THE AREA RECENTLY.

**TRACK AND GEOGRAPHIC DATA REVISED 09/30/2014 TO MATCH LIRR EQ20140402**

09/10/15 - DAMAGE COST FINALIZED",Main,4,Cl,Cl,2,LIEQ20140402201404,NYA042314201404,Shortline,Class 3,SMT-2 - Shortline – East,NYA,New York & Atlantic Railway Company,Anacostia R,Passenger (Formerly Commuter),Class 3,"SMT-1 - Amtrak and Commuter East, some Tourist/Historic",LI,Long Island Rail Road,Not Assigned,4.5,0,,,,SYSTEM,1,Signaled,Signal Indication,A,Auto Cab Signals,0,Not a remotely controlled operation,CWR,40.75445,-73.359843,,,0,0,,,,,,,,,,,,,,
LI,Long Island Rail Road,2013,EQ20130601,13,06,LI,Long Island Rail Road,EQ20130601,13,06,04,2013-06-04,10:58 AM,03,Rear end collision,0.0,0.0,0.0,0.0,,,HICKSVILLE,,36,NY,NEW YORK,59,NASSAU,1,75.0,2,Day,1,Clear,1,Main,MAINLINE 1,1,4,West,A,Spec. MoW Equip.,Yes,TC03,15,Estimated,15,0.0,,TC,000034,1,No,,,0,,No,1.0,0.0,0.0,0.0,0.0,0.0,0.0,0.0,0.0,0.0,0.0,0.0,1.0,0.0,0.0,0.0,0.0,0.0,0.0,0.0,112000.0,0.0,2112000.0,H999,Other train operation/human factors (Provide detailed description in narrative),H999,Other train operation/human factors (Provide detailed description in narrative),1,0,0,3,28,,,0.0,1.0,0.0,0.0,0.0,0.0,0.0,3.0,0.0,3.0,0.0,1.0,TRACK CAR TC 034 STRUCK TRACK CAR TC 828 WHICH STRUCK TRACK CAR 826.,Main,1,No,No,1,LIEQ20130601201306,LIEQ20130601201306,Passenger (Formerly Commuter),Class 3,"SMT-1 - Amtrak and Commuter East, some Tourist/Historic",LI,Long Island Rail Road,Not Assigned,Passenger (Formerly Commuter),Class 3,"SMT-1 - Amtrak and Commuter East, some Tourist/Historic",LI,Long Island Rail Road,Not Assigned,,0,,,,SYSTEM,1,Signaled,Signal Indication,Z,Other-Narrative Required,0,Not a remotely controlled operation,CWR,40.761441,-73.552086,,,,,,,,,,,,,,,,,,
LI,Long Island Rail Road,2013,EQ20130601,13,06,LI,Long Island Rail Road,EQ20130601,13,06,04,2013-06-04,10:58 AM,03,Rear end collision,0.0,0.0,0.0,0.0,,,HICKSVILLE,23.2,36,NY,NEW YORK,59,NASSAU,1,75.0,2,Day,1,Clear,1,Main,MAINLINE 1,1,4,West,A,Spec. MoW Equip.,Yes,TC82,0,Estimated,15,0.0,,TC,000828,1,No,,,0,,No,1.0,0.0,0.0,0.0,0.0,0.0,0.0,0.0,0.0,0.0,0.0,0.0,1.0,0.0,0.0,0.0,0.0,0.0,0.0,0.0,2000000.0,0.0,2112000.0,H999,Other train operation/human factors (Provide detailed description in narrative),H999,Other train operation/human factors (Provide detailed description in narrative),1,0,0,3,28,,,0.0,2.0,0.0,0.0,0.0,0.0,0.0,0.0,0.0,3.0,0.0,2.0,TRACK CAR TC 034 STRUCK TRACK CAR TC 828 CAUSING TC 828 TO STRIKE TC 826 IN THE REAR.  STILL AWAITING DAMAGE ESTIMATES,Main,1,No,No,3,LIEQ20130601201306,LIEQ20130601201306,Passenger (Formerly Commuter),Class 3,"SMT-1 - Amtrak and Commuter East, some Tourist/Historic",LI,Long Island Rail Road,Not Assigned,Passenger (Formerly Commuter),Class 3,"SMT-1 - Amtrak and Commuter East, some Tourist/Historic",LI,Long Island Rail Road,Not Assigned,,0,,,,SYSTEM,1,Signaled,Signal Indication,Z,Other-Narrative Required,0,Not a remotely controlled operation,CWR,40.761441,-73.552086,,,,,,,,,,,,,,,,,,
LI,Long Island Rail Road,2013,EQ20130601,13,06,LI,Long Island Rail Road,EQ20130601,13,06,04,2013-06-04,10:58 AM,03,Rear end collision,0.0,0.0,0.0,0.0,,,HICKSVILLE,23.2,36,NY,NEW YORK,59,NASSAU,1,75.0,2,Day,1,Clear,1,Main,MAINLINE 1,1,4,West,A,Spec. MoW Equip.,Yes,TC 8,0,Estimated,15,0.0,,TC,000826,1,No,,,0,,No,0.0,0.0,0.0,0.0,0.0,0.0,0.0,0.0,0.0,0.0,0.0,0.0,1.0,0.0,0.0,0.0,0.0,0.0,0.0,0.0,0.0,0.0,2112000.0,H999,Other train operation/human factors (Provide detailed description in narrative),H999,Other train operation/human factors (Provide detailed description in narrative),1,0,0,3,28,,,0.0,0.0,0.0,0.0,0.0,0.0,0.0,0.0,0.0,3.0,0.0,0.0,TRACK CAR TC 034 STRUCK TRACK CAR TC 828 CAUSING TC 828 TO STRIKE TC 826 IN THE REAR.  STILL AWAITING DAMAGE ESTIMATES.,Main,1,No,No,3,LIEQ20130601201306,LIEQ20130601201306,Passenger (Formerly Commuter),Class 3,"SMT-1 - Amtrak and Commuter East, some Tourist/Historic",LI,Long Island Rail Road,Not Assigned,Passenger (Formerly Commuter),Class 3,"SMT-1 - Amtrak and Commuter East, some Tourist/Historic",LI,Long Island Rail Road,Not Assigned,,0,,,,SYSTEM,1,Signaled,Signal Indication,Z,Other-Narrative Required,0,Not a remotely controlled operation,CWR,40.761441,-73.552086,,,,,,,,,,,,,,,,,,
LI,Long Island Rail Road,2006,EQ20060202,06,02,LI,Long Island Rail Road,EQ20060202,06,02,12,2006-02-12,8:12 AM,01,Derailment,0.0,0.0,0.0,0.0,SYSTEM,SYSTEM,HEMPSTEAD,19.8,36,NY,NEW YORK,59,NASSAU,1,20.0,2,Day,6,Snow,2,Yard,6/7 DIVIDER,1,3,East,7,Yard/switching,Yes,6713,5,Estimated,5,0.0,LM,LI,007366,1,No,,,0,,No,1.0,0.0,0.0,0.0,0.0,1.0,0.0,0.0,0.0,0.0,0.0,0.0,0.0,5.0,0.0,0.0,0.0,0.0,0.0,0.0,32500.0,200.0,32700.0,H702,Switch improperly lined,H702,Switch improperly lined,1,1,1,6,41,6,41,0.0,0.0,0.0,0.0,0.0,0.0,0.0,0.0,0.0,0.0,0.0,0.0,"DURING SNOW STORM - CREW MOVING EQUIPMENT FAILED TO ENSURE THE HAND THROWN SWITCH POINTS WERE COMPLETELY CLOSED - ALLOWING THE EQUIPMENT TO PICK THE POINT OF THE SWITCH, DERAILING F END OF EQUIPMENT.",Yard,1,3L,3L,1,LIEQ20060202200602,LIEQ20060202200602,Passenger (Formerly Commuter),Class 3,"SMT-1 - Amtrak and Commuter East, some Tourist/Historic",LI,Long Island Rail Road,Not Assigned,Passenger (Formerly Commuter),Class 3,"SMT-1 - Amtrak and Commuter East, some Tourist/Historic",LI,Long Island Rail Road,Not Assigned,,0,,,,,,,,,,0,Not a remotely controlled operation,,0.0,0.0,,,,,,,,,,,,,,,,,,
LI,Long Island Rail Road,2006,EQ20061001,06,10,LI,Long Island Rail Road,EQ20061001,06,10,03,2006-10-03,12:03 AM,12,Other impacts,0.0,0.0,0.0,0.0,SYSTEM,SYSTEM,BABYLON,37.0,36,NY,NEW YORK,103,SUFFOLK,1,60.0,4,Dark,1,Clear,2,Yard,#12 TRACK,1,4,West,7,Yard/switching,Yes,I163,5,Estimated,5,0.0,LM,LI,007205,1,No,,,0,,No,1.0,0.0,0.0,0.0,0.0,0.0,0.0,0.0,0.0,0.0,0.0,0.0,0.0,9.0,0.0,0.0,0.0,0.0,0.0,0.0,160000.0,0.0,160000.0,H399,Other general switching rules (Provide detailed  description in narrative),H399,Other general switching rules (Provide detailed  description in narrative),1,1,1,6,38,6,38,0.0,0.0,0.0,0.0,0.0,0.0,0.0,0.0,0.0,0.0,0.0,0.0,PULLING OUT OF #13 TRACK WITH EQUIPMENT FOR 163 - STRUCK EQUIPMENT STANDING IN #12 TRACK - DAMAGE TOCAR 7205 AND 7705.  FAILED TO ENSURE ADJACENT TRACK WAS CLEAR PRIOR TO MAKING MOVE.,Yard,1,3L,3L,1,LIEQ20061001200610,LIEQ20061001200610,Passenger (Formerly Commuter),Class 3,"SMT-1 - Amtrak and Commuter East, some Tourist/Historic",LI,Long Island Rail Road,Not Assigned,Passenger (Formerly Commuter),Class 3,"SMT-1 - Amtrak and Commuter East, some Tourist/Historic",LI,Long Island Rail Road,Not Assigned,,0,,,,,,,,,,0,Not a remotely controlled operation,,0.0,0.0,,,0,0,,,,,,,,,,,,,,
LI,Long Island Rail Road,2005,EQ20050401,05,04,LI,Long Island Rail Road,EQ20050401,05,04,19,2005-04-19,6:27 PM,01,Derailment,0.0,0.0,0.0,0.0,SYSTEM,SYSTEM,LONG BEACH,22,36,NY,NEW YORK,59,NASSAU,1,72.0,2,Day,1,Clear,2,Yard,9 TRACK,1,3,East,2,Passenger Train - Pulling,Yes,LI87,5,Estimated,5,0.0,L,LI,009902,1,Yes,,,0,,No,1.0,0.0,0.0,0.0,0.0,0.0,0.0,0.0,0.0,0.0,0.0,0.0,0.0,9.0,0.0,0.0,0.0,0.0,1.0,0.0,4500.0,4169.0,8669.0,T303,Guard rail loose/broken or mislocated,T303,Guard rail loose/broken or mislocated,1,1,1,4,39,4,39,0.0,0.0,0.0,0.0,0.0,0.0,0.0,0.0,0.0,0.0,0.0,0.0,"EQUIPMENT FROM TRAIN 870 PULLING INTO LONG BEACH YARD DERAILED ITS SECOND CAR OVER THE POINT GUARD ON THE 7/9 DIVIDER SWITCH.  GUARD WAS RECENTLY WELDED - STOCK RAIL LOOSE, ALLOWING WHEEL TO CLIMB STOCK RAIL, DERAILING SAME.",Yard,1,3L,3L,1,LIEQ20050401200504,LIEQ20050401200504,Passenger (Formerly Commuter),Class 3,"SMT-1 - Amtrak and Commuter East, some Tourist/Historic",LI,Long Island Rail Road,Not Assigned,Passenger (Formerly Commuter),Class 3,"SMT-1 - Amtrak and Commuter East, some Tourist/Historic",LI,Long Island Rail Road,Not Assigned,,0,,,,,,,,,,0,Not a remotely controlled operation,,0.0,0.0,,,0,0,,,,,,,,,,,,,,
LI,Long Island Rail Road,2007,EQ20070901,07,09,LI,Long Island Rail Road,EQ20070901,07,09,22,2007-09-22,8:33 PM,01,Derailment,0.0,0.0,0.0,0.0,SYSTEM,SYSTEM,BABYLON,36.7,36,NY,NEW YORK,103,SUFFOLK,1,68.0,4,Dark,2,Cloudy,2,Yard,16 YARD TRACK,1,3,East,7,Yard/switching,Yes,6130,4,Recorded,4,0.0,L,LI,009930,3,No,,,0,,No,1.0,0.0,0.0,0.0,0.0,0.0,0.0,0.0,0.0,0.0,0.0,0.0,0.0,9.0,0.0,0.0,0.0,0.0,1.0,0.0,14250.0,4500.0,18750.0,M507,"Investigation complete, cause could not be determined (When using this code, the narrative must incl",M507,"Investigation complete, cause could not be determined (When using this code, the narrative must incl",1,1,1,5,16,5,16,0.0,0.0,0.0,0.0,0.0,0.0,0.0,0.0,0.0,0.0,0.0,0.0,"10 CAR CONSIST DERAILED OVER DIVIDER SWITCH IN YARD. NO ANOMALIES FOUND WITH THE OPERATION OF THE EQUIPMENT. SWITCH COMPONENTS, MECHANICAL EQUIPMENT OR ENVIRONMENT.  ATTEMPTS TO RE-ENACT ON SITE PROVIDED NO ADDITIONAL INFORMATION. A DEFINITIVE CAUSE CAN NOT BE DETERMINED AT THIS TIME.",Yard,1,3L,3L,1,LIEQ20070901200709,LIEQ20070901200709,Passenger (Formerly Commuter),Class 3,"SMT-1 - Amtrak and Commuter East, some Tourist/Historic",LI,Long Island Rail Road,Not Assigned,Passenger (Formerly Commuter),Class 3,"SMT-1 - Amtrak and Commuter East, some Tourist/Historic",LI,Long Island Rail Road,Not Assigned,,0,,,,,,,,,,0,Not a remotely controlled operation,,0.0,0.0,,,0,0,,,,,,,,,,,,,,
LI,Long Island Rail Road,2007,EQ20070802,07,08,LI,Long Island Rail Road,EQ20070802,07,08,07,2007-08-07,5:13 AM,04,Side collision,0.0,0.0,0.0,0.0,SYSTEM,SYSTEM,BABYLON,37.0,36,NY,NEW YORK,103,SUFFOLK,1,75.0,4,Dark,1,Clear,2,Yard,12 YARD TRACK,1,4,West,7,Yard/switching,No,YE32,0,Recorded,2,0.0,L,LI,007625,1,No,,,0,,No,1.0,0.0,0.0,0.0,0.0,0.0,0.0,0.0,0.0,0.0,0.0,0.0,0.0,1.0,0.0,0.0,0.0,0.0,0.0,0.0,120000.0,0.0,145000.0,H607,Failure to comply with restricted speed or its equivalent not in connection with a block or interloc,H607,Failure to comply with restricted speed or its equivalent not in connection with a block or interloc,0,0,0,,,,,0.0,0.0,0.0,0.0,0.0,0.0,0.0,0.0,0.0,0.0,0.0,0.0,SECOND REPORT FOR SAME CASE - SIDE COLLISION - THIS INCIDENT FOR THE STANDING CARS THAT WERE STRUCKBY THE CREW.,Yard,1,3L,3L,3,LIEQ20070802200708,LIEQ20070802200708,Passenger (Formerly Commuter),Class 3,"SMT-1 - Amtrak and Commuter East, some Tourist/Historic",LI,Long Island Rail Road,Not Assigned,Passenger (Formerly Commuter),Class 3,"SMT-1 - Amtrak and Commuter East, some Tourist/Historic",LI,Long Island Rail Road,Not Assigned,,0,,,,,,,,,,0,Not a remotely controlled operation,,0.0,0.0,,,0,0,,,,,,,,,,,,,,