reportingrailroadcode,reportingrailroadname,report_year,incidentnumber,accidentyear,accidentmonth,maintenancerailroadcode,maintenancerailroadname,maintenanceaccidentnumber,maintenanceaccidentyear,maintenanceaccidentmonth,day,date,time,accident_type_code,accidenttype,hazmatcars,hazmatcarsdamaged,hazmatreleasedcars,personsevacuated,divisioncode,division,station,milepost,statecode,stateabbr,statename,countycode,countyname,district,temperature,visibilitycode,visibility,weather_condition_code,weathercondition,track_type_code,tracktype,trackname,trackclass,train_direction_code,traindirection,equipment_type_code,equipmenttype,equipmentattended,trainnumber,trainspeed,recordedestimatedspeed,maximumspeed,grosstonnage,method_of_operation_code,firstcarinitials,firstcarnumber,firstcarposition,firstcarloaded,causingcarinitials,causingcarnumber,causingcarposition,causingcarloaded,passengerstransported,headendlocomotives,midtrainmanuallocomotives,midtrainremotelocomotives,rearendmanuallocomotives,rearendremotelocomotives,derailedheadendlocomotives,derailedmidtrainmanuallo,derailedmidtrainremotelo,derailedrearendmanualloc,derailedrearendremoteloc,loadedfreightcars,loadedpassengercars,emptyfreightcars,emptypassengercars,cabooses,derailedloadedfreightcars,derailedloadedpassengercars,derailedemptyfreightcars,derailedemptypassengercars,derailedcabooses,equipmentdamagecost,trackdamagecost,totaldamagecost,primaryaccidentcausecode,primaryaccidentcause,accidentcausecode,accidentcause,engineersonduty,conductorsonduty,brakemenonduty,hoursengineersonduty,minutesengineersonduty,hoursconductorsonduty,minutesconductorsonduty,railroademployeeskilled,railroademployeesinjured,passengerskilled,passengersinjured,otherskilled,othersinjured,personskilledforreportin,personsinjuredforreporti,totalpersonskilled,totalpersonsinjured,totalkilledform54,totalinjuredform54,narrative,jointtracktype,jointtrackclass,classcode,class,jointcd,incidentkey,reportkey,reporting_railroad_company_grouping,reporting_railroad_class,reporting_railroad_smt_grouping,reporting_parent_railroad_company_code,reporting_parent_railroad_company_name,reporting_railroad_holding_company,maintenance_railroad_company_grouping,maintenance_railroad_class,maintenance_railroad_smt_grouping,maintenance_parent_railroad_company_code,maintenance_parent_railroad_company_name,maintenance_railroad_holding_company,trackdensity,firemenonduty,gxid,contributingaccidentcausecode,contributingaccidentcause,subdivision,signalization_code,signalization,methodofoperation,adjunct_1,adjunctcode1,remote_control_locomotive_code,remotecontrollocomotive,specialstudy1,latitude,longitude,adjunct_2,adjunctcode2,positivealcoholtests,positivedrugtests,specialstudy2,adjunct_3,adjunctcode3,otherrailroadcode,otherrailroadname,otheraccidentnumber,accidentyearother,accidentmonthother,other_railroad_company_grouping,other_railroad_class,other_railroad_smt_grouping,other_parent_railroad_company_code,other_parent_railroad_company_name,other_railroad_holding_company
LI,Long Island Rail Road,2007,EQ20070802,07,08,LI,Long Island Rail Road,EQ20070802,07,08,07,2007-08-07,5:13 AM,04,Side collision,0.0,0.0,0.0,0.0,SYSTEM,SYSTEM,BABYLON,37.0,36,NY,NEW YORK,103,SUFFOLK,1,75.0,4,Dark,1,Clear,2,Yard,12 YARD TRACK,1,4,West,7,Yard/switching,Yes,YE32,2,Estimated,2,0.0,L,LI,007651,1,No,,,0,,No,1.0,0.0,0.0,0.0,0.0,0.0,0.0,0.0,0.0,0.0,0.0,0.0,0.0,1.0,0.0,0.0,0.0,0.0,0.0,0.0,25000.0,0.0,145000.0,H607,Failure to comply with restricted speed or its equivalent not in connection with a block or interloc,H607,Failure to comply with restricted speed or its equivalent not in connection with a block or interloc,1,1,0,6,2,6,2,0.0,0.0,0.0,0.0,0.0,0.0,0.0,0.0,0.0,0.0,0.0,0.0,"CREW WAS INSTRUCTED TO CUT THE HEAD PAIR FROM A MU CONSIST, AND RELOCATE TO THE MIDDLE OF CONSIST. THE CUT PAIR WAS LEFT IN THE FOUL AND WAS STRUCK BY THE SECOND MOVE TO PASS THE STANDING PAIR.  DAMAGE TO MIDDLE OF STANDING PAIR, AND HEAD END OF YARD MOVE.",Yard,1,3L,3L,1,LIEQ20070802200708,LIEQ20070802200708,Passenger (Formerly Commuter),Class 3,"SMT-1 - Amtrak and Commuter East, some Tourist/Historic",LI,Long Island Rail Road,Not Assigned,Passenger (Formerly Commuter),Class 3,"SMT-1 - Amtrak and Commuter East, some Tourist/Historic",LI,Long Island Rail Road,Not Assigned,,0,,,,,,,,,,0,Not a remotely controlled operation,,0.0,0.0,,,0,0,,,,,,,,,,,,,,
LI,Long Island Rail Road,2007,EQ20070302,07,03,LI,Long Island Rail Road,EQ20070302,07,03,21,2007-03-21,3:15 PM,09,Obstruction,0.0,0.0,0.0,0.0,SYSTEM,SYSTEM,FAR ROCKAWAY,5.0,36,NY,NEW YORK,59,NASSAU,1,50.0,2,Day,1,Clear,2,Yard,#2 STATION TRACK,1,3,East,7,Yard/switching,Yes,2857,3,Estimated,3,0.0,L,LI,007078,1,No,,,0,,No,1.0,0.0,0.0,0.0,0.0,0.0,0.0,0.0,0.0,0.0,0.0,0.0,0.0,7.0,0.0,0.0,0.0,0.0,0.0,0.0,9650.0,1825.0,11475.0,H307,"Shoving movement, man on or at leading end of movement, failure to control",H307,"Shoving movement, man on or at leading end of movement, failure to control",1,1,0,2,35,2,35,0.0,0.0,0.0,0.0,0.0,0.0,0.0,0.0,0.0,0.0,0.0,0.0,"WHILE SHOVING INTO NUMBER 2 STATION TRACK - CONDUCTOR FAILED TO CONTROL MOVEMENT OF TRAIN, AND FAILED TO CONDUCT A SAFETY STOP IN ADVANCE OF STRIKING THE BUMPER BLOCK WITH EQUIPMENT.",Yard,1,3L,3L,1,LIEQ20070302200703,LIEQ20070302200703,Passenger (Formerly Commuter),Class 3,"SMT-1 - Amtrak and Commuter East, some Tourist/Historic",LI,Long Island Rail Road,Not Assigned,Passenger (Formerly Commuter),Class 3,"SMT-1 - Amtrak and Commuter East, some Tourist/Historic",LI,Long Island Rail Road,Not Assigned,,0,,,,,,,,,,0,Not a remotely controlled operation,,0.0,0.0,,,0,0,,,,,,,,,,,,,,
LI,Long Island Rail Road,2017,EQ20170201,17,02,LI,Long Island Rail Road,EQ20170201,17,02,07,2017-02-07,8:10 PM,01,Derailment,0.0,0.0,0.0,0.0,,,BABYLON,37,36,NY,NEW YORK,103,SUFFOLK,1,41.0,4,Dark,2,Cloudy,2,Yard,BABYLON YARD TRACK,1,3,East,D,EMU,Yes,168,5,Recorded,5,0.0,,LI,009917,10,No,,,0,,No,0.0,0.0,0.0,0.0,0.0,0.0,0.0,0.0,0.0,0.0,0.0,0.0,10.0,0.0,0.0,0.0,0.0,1.0,0.0,0.0,0.0,57161.0,57161.0,M507,"Investigation complete, cause could not be determined (When using this code, the narrative must incl",M507,"Investigation complete, cause could not be determined (When using this code, the narrative must incl",1,1,1,4,38,4,38,0.0,0.0,0.0,0.0,0.0,0.0,0.0,0.0,0.0,0.0,0.0,0.0,"WHILE OPERATING OVER SWITCH L-15, THE LAST TRUCK OF THE LAST CAR OF TEN CAR TRAIN TOOK AN UNINTENDEDPATH TOWARDS 4 TRACK CAUSING BOTH AXLES OF THE F-END TRUCK TO DERAIL.  NO EMPLOYEE WAS NEAR THE SWITCH AND NO DEFECT FOUND WITH SWITCH OR EQUIPMENT.",Yard,1,No,No,1,LIEQ20170201201702,LIEQ20170201201702,Passenger (Formerly Commuter),Class 3,"SMT-1 - Amtrak and Commuter East, some Tourist/Historic",LI,Long Island Rail Road,Not Assigned,Passenger (Formerly Commuter),Class 3,"SMT-1 - Amtrak and Commuter East, some Tourist/Historic",LI,Long Island Rail Road,Not Assigned,,1,,,,SYSTEM,2,Not Signaled,Other Than Main Track,,,0,Not a remotely controlled operation,CWR,40.705102,-73.313195,,,,,000-000-000,,,,,,,,,,,,,
LI,Long Island Rail Road,2018,EQ20180302,18,03,LI,Long Island Rail Road,EQ20180302,18,03,23,2018-03-23,7:50 PM,09,Obstruction,0.0,0.0,0.0,0.0,,,MINEOLA,18.7,36,NY,NEW YORK,59,NASSAU,1,45.0,4,Dark,1,Clear,1,Main,MAINLINE 1,4,4,West,D,EMU,Yes,4265,80,Recorded,80,0.0,,LI,007135,1,No,,,0,No,No,0.0,0.0,0.0,0.0,0.0,0.0,0.0,0.0,0.0,0.0,0.0,0.0,0.0,8.0,0.0,0.0,0.0,0.0,0.0,0.0,212636.0,39168.0,251804.0,M402,Object or equipment on or fouling track (motor vehicle - other than highway-rail crossing),M402,Object or equipment on or fouling track (motor vehicle - other than highway-rail crossing),1,1,1,3,21,3,21,0.0,0.0,0.0,0.0,0.0,0.0,0.0,0.0,0.0,0.0,0.0,0.0,TRAIN #4265 STRUCK A VEHICLE WHICH HAD BECOME ABANDONED ON THE ROW WEST OF THE WILLIS AVE CROSSING.,Main,4,No,No,1,LIEQ20180302201803,LIEQ20180302201803,Passenger (Formerly Commuter),Class 3,"SMT-1 - Amtrak and Commuter East, some Tourist/Historic",LI,Long Island Rail Road,Not Assigned,Passenger (Formerly Commuter),Class 3,"SMT-1 - Amtrak and Commuter East, some Tourist/Historic",LI,Long Island Rail Road,Not Assigned,,,,,,SYSTEM,1,Signaled,Signal Indication,,,0,Not a remotely controlled operation,CWR,40.741264,-73.63702,,,,,000-000-000,,,,,,,,,,,,,
LI,Long Island Rail Road,2017,EQ20171002,17,10,LI,Long Island Rail Road,EQ20171002,17,10,30,2017-10-30,1:15 AM,09,Obstruction,0.0,0.0,0.0,0.0,,,FARMINGDALE,32.4,36,NY,NEW YORK,103,SUFFOLK,1,55.0,4,Dark,3,Rain,1,Main,MAINLINE 1,4,4,West,D,EMU,Yes,ROUS,70,Recorded,70,0.0,,LI,007047,1,Yes,,,0,,No,0.0,0.0,0.0,0.0,0.0,0.0,0.0,0.0,0.0,0.0,0.0,0.0,0.0,12.0,0.0,0.0,0.0,0.0,0.0,0.0,88498.0,0.0,88498.0,M105,Extreme environmental condition - EXTREME WIND VELOCITY,M105,Extreme environmental condition - EXTREME WIND VELOCITY,1,1,1,2,15,2,15,0.0,0.0,0.0,0.0,0.0,0.0,0.0,0.0,0.0,0.0,0.0,0.0,LIRR TEST TRAIN FOR THE MAINLINE FARMINGDALE TO RONKONKOMA WORK REPORTED STRIKING DOWNED ULTILITY POLES THAT BLEW DOWN WEST OF PINELAWN STATION,Main,4,No,No,1,LIEQ20171002201710,LIEQ20171002201710,Passenger (Formerly Commuter),Class 3,"SMT-1 - Amtrak and Commuter East, some Tourist/Historic",LI,Long Island Rail Road,Not Assigned,Passenger (Formerly Commuter),Class 3,"SMT-1 - Amtrak and Commuter East, some Tourist/Historic",LI,Long Island Rail Road,Not Assigned,,,,,,SYSTEM,1,Signaled,Direct Train Control,,,0,Not a remotely controlled operation,CWR,40.745029,-73.400989,,,,,000-000-000,,,,,,,,,,,,,
LI,Long Island Rail Road,2016,EQ20161001,16,10,LI,Long Island Rail Road,EQ20161001,16,10,08,2016-10-08,9:00 PM,01,Derailment,0.0,0.0,0.0,0.0,,,NEW HYDE PARK,16.9,36,NY,NEW YORK,59,NASSAU,1,67.0,4,Dark,3,Rain,1,Main,MAINLINE 2,4,3,East,D,EMU,Yes,7734,50,Recorded,50,0.0,,LI,007034,1,Yes,,,0,,Yes,0.0,0.0,0.0,0.0,0.0,0.0,0.0,0.0,0.0,0.0,0.0,12.0,0.0,0.0,0.0,0.0,2.0,0.0,0.0,0.0,6000000.0,1465437.0,9665437.0,H702,Switch improperly lined,H702,Switch improperly lined,1,1,1,3,21,3,21,0.0,3.0,0.0,36.0,0.0,0.0,0.0,0.0,0.0,40.0,0.0,39.0,TRACK CAR PTS-62 WHILE PROCEEDING EAST ON MAINLINE TRACK 1 OPERATED OVER SWITCH 12 WA WHICH WAS LOCKED IN REVERSE FOR A DIVERGING MOVE. IT DERAILED FOULING APPROACHING TRAIN 7734 ON MAINLINE TRACK 2 AND SUBSEQUENTLY A RAKING COLLISION OCCURRED.,Main,4,No,No,3,LIEQ20161001201610,LIEQ20161001201610,Passenger (Formerly Commuter),Class 3,"SMT-1 - Amtrak and Commuter East, some Tourist/Historic",LI,Long Island Rail Road,Not Assigned,Passenger (Formerly Commuter),Class 3,"SMT-1 - Amtrak and Commuter East, some Tourist/Historic",LI,Long Island Rail Road,Not Assigned,9.2,,,H607,Failure to comply with restricted speed or its equivalent not in connection with a block or interloc,SYSTEM,1,Signaled,Signal Indication,G,Interlocking,0,Not a remotely controlled operation,CWR,40.733466,-73.669544,A,Auto Cab Signals,0,0,000-000-000,,,,,,,,,,,,,
LI,Long Island Rail Road,2017,EQ20171203,17,12,LI,Long Island Rail Road,EQ20171203,17,12,28,2017-12-28,7:08 AM,01,Derailment,0.0,0.0,0.0,0.0,,,BABYLON,36.7,36,NY,NEW YORK,103,SUFFOLK,1,13.0,1,Dawn,1,Clear,2,Yard,BABYLON YARD TRACK 2,1,4,West,D,EMU,Yes,1015,4,Recorded,4,0.0,,LI,007141,11,No,,,0,No,No,0.0,0.0,0.0,0.0,0.0,0.0,0.0,0.0,0.0,0.0,0.0,0.0,0.0,12.0,0.0,0.0,0.0,0.0,2.0,0.0,338600.0,18200.0,356800.0,M507,"Investigation complete, cause could not be determined (When using this code, the narrative must incl",M507,"Investigation complete, cause could not be determined (When using this code, the narrative must incl",1,1,1,,26,,26,0.0,0.0,0.0,0.0,0.0,0.0,0.0,0.0,0.0,0.0,0.0,0.0,TRAIN NO 1015 DERAILED THE LAST TWO CARS OF A 12 CAR CONSIST. THE L3 AND L4 WHEELS OF THE B-END TRUCK OF CAR 7141 AND THE L4 AND L3 WHEELS OF THE B-END TRUCK OF CAR 7142 WALKED OFF ON THE NORTH TRAINING POINT WHILE TRAILING THROUGH THE 2-3 SWITCH,Yard,1,No,No,1,LIEQ20171203201712,LIEQ20171203201712,Passenger (Formerly Commuter),Class 3,"SMT-1 - Amtrak and Commuter East, some Tourist/Historic",LI,Long Island Rail Road,Not Assigned,Passenger (Formerly Commuter),Class 3,"SMT-1 - Amtrak and Commuter East, some Tourist/Historic",LI,Long Island Rail Road,Not Assigned,,0,,,,SYSTEM,2,Not Signaled,Other Than Main Track,K,Restricted Speed or Equivalent,0,Not a remotely controlled operation,CWR,40.705678,-73.31215,L,Special Instructions,,,000-000-000,,,,,,,,,,,,,
NYA,New York & Atlantic Railway Company,2014,011014,14,01,LI,Long Island Rail Road,EQ20140101,14,01,10,2014-01-10,1:35 AM,01,Derailment,0.0,0.0,0.0,0.0,,,BRENTWOOD,40.0,36,NY,NEW YORK,103,SUFFOLK,1,20.0,4,Dark,1,Clear,1,Main,MAINLINE 1,4,4,West,1,Freight Train,Yes,RS 5,5,Recorded,5,3830.0,,GACX,680140,14,Yes,GACX,680140,14,Yes,No,2.0,0.0,0.0,0.0,0.0,0.0,0.0,0.0,0.0,0.0,27.0,0.0,11.0,0.0,0.0,1.0,0.0,0.0,0.0,0.0,904.0,0.0,12058.0,E53C,Journal (roller bearing) failure from overheating,E52C,Journal (plain) failure from overheating,1,1,0,7,35,7,35,0.0,0.0,0.0,0.0,0.0,0.0,0.0,0.0,0.0,0.0,0.0,0.0,"WHILE SHOVING BACK INTO THE EAST SWITCH OF PINEAIRE SIDING, THE ENGINEER NOTICED A FLASH FROM THE SOUTH SIDE OF THE TRAIN AND BROUGHT THE TRAIN TO A SAFE STOP. INSPECTION BY THE CONDUCTOR INDICATED THE 14TH CAR (GACX 680140) 'DERAILED'. THE ROLLER BEARING FAILED DUE TO OVERHEATING, BUT NO WHEELS LEFT THE RUNNING RAILS. 

THE INCIDENT WAS NOT PREVIOUSLY REPORTED BY THE NYA AS AN FRA REPORTABLE ACCIDENT/INCIDENT BECAUSE THE INITIAL ASSESSMENT IN THE FIELD BY NYA MANAGEMENT INDICATED THAT THERE WAS NO DAMAGE TO THE TRACK STRUCTURE, SAVE FOR A SHORT SEGMENT OF FIBERGLASS THIRD RAIL PROTECTION BOARD. TRACK REPAIRS WERE INITIALLY ESTIMATED AT APPROXIMATELY $2,800. REPAIRS TO THE CAR WERE ESTIMATED TO BE SIGNIFICANTLY UNDER THE REPORTING THRESHOLD.

THE LIRR ESTIMATED DAMAGES AT $13,654 WHICHARE DISPUTED BY NYA AS BEING MUCH GREATER THAN THE 'IN-KIND' REPLACEMENT COSTS FOR THE DAMAGE INCURRED AS NO WHEELS LEFT THE RUNNING RAILS AND THE TRACK BED SUFFERED NO DAMAGE. 

LIRR FINALIZED ITSTRACK DAMAGE AT $10,756. THE NYA ASSERTS THAT THIS COST IS TOO LARGE FOR THE DAMAGE TO THE THIRD RAIL PROTECTION BOARD AND MAY ALSO INCLUDE CLEARING COSTS. TO DATE, THE NYA HAS NOT RECEIVED A CREDIBLE EXPLANATION AS TO THE VALIDATION OF THESE CHARGES, WHICH REPRESENTS OVER 300 MAN HOURS OF LABOR.THIS REPORT IS FILED IN DISPUTE AS TO THE VALIDITY OF THE LIRR TRACK DAMAGE COSTS.

09/15/2015 -LIRR TRACK COSTS FINALIZED AT $10,766",Main,4,Cl,Cl,2,LIEQ20140101201401,NYA011014201401,Shortline,Class 3,SMT-2 - Shortline – East,NYA,New York & Atlantic Railway Company,Anacostia R,Passenger (Formerly Commuter),Class 3,"SMT-1 - Amtrak and Commuter East, some Tourist/Historic",LI,Long Island Rail Road,Not Assigned,,0,,E53C,Journal (roller bearing) failure from overheating,SYSTEM,1,Signaled,Signal Indication,B,Auto Train Control,0,Not a remotely controlled operation,CWR,40.776503,-73.262819,D,Automatic Block Signals System,,,,Q,Traffic Control System/CTC,NYA,New York & Atlantic Railway Company,011014,14,01,Shortline,Class 3,SMT-2 - Shortline – East,NYA,New York & Atlantic Railway Company,Anacostia R
LI,Long Island Rail Road,2017,GR20170301,17,03,LI,Long Island Rail Road,GR20170301,17,03,13,2017-03-13,7:12 AM,07,Hwy-rail crossing,0.0,0.0,0.0,150.0,,,MALVERNE,17.2,36,NY,NEW YORK,59,NASSAU,1,30.0,1,Dawn,1,Clear,1,Main,TRACK 01,4,4,West,D,EMU,Yes,LI 9,35,Recorded,35,0.0,,LI,007287,1,Yes,,,0,,Yes,0.0,0.0,0.0,0.0,0.0,0.0,0.0,0.0,0.0,0.0,0.0,8.0,0.0,0.0,0.0,0.0,0.0,0.0,0.0,0.0,57372.0,0.0,57372.0,M303,Highway user misjudgment under normal weather and traffic conditions,M303,Highway user misjudgment under normal weather and traffic conditions,1,1,1,1,52,1,52,0.0,0.0,0.0,0.0,0.0,1.0,0.0,1.0,0.0,1.0,0.0,1.0,"903 WAS TRAVELING WEST WHEN IT STRUCK A MINIVAN THAT WENT AROUND THE DOWNED GATES AT THE FRANKLIN AVENUE CROSSING IN MALVERNE. DUE TO UPDATED COSTS, INCIDENT UPDATED TO REPORTABLE ON 09-17-2019 BY THEDIRECTOR OF SAFETY MANAGEMENT SYSTEMS. TEMPERATURE, VISIBILITY UPDATED BY DIRECTOR, SMS, ON 05.07.2020.",Main,4,No,No,1,LIGR20170301201703,LIGR20170301201703,Passenger (Formerly Commuter),Class 3,"SMT-1 - Amtrak and Commuter East, some Tourist/Historic",LI,Long Island Rail Road,Not Assigned,Passenger (Formerly Commuter),Class 3,"SMT-1 - Amtrak and Commuter East, some Tourist/Historic",LI,Long Island Rail Road,Not Assigned,9.2,,338362Y,,,SYSTEM,1,Signaled,Signal Indication,A,Auto Cab Signals,0,Not a remotely controlled operation,CWR,40.672334,-73.674312,D,Automatic Block Signals System,,,000-000-000,,,,,,,,,,,,,
LI,Long Island Rail Road,2019,69734,19,05,LI,Long Island Rail Road,69734,19,05,08,2019-05-08,5:44 PM,07,Hwy-rail crossing,0.0,0.0,0.0,0.0,,,FARMINGDALE,29.2,36,NY,NEW YORK,59,NASSAU,1,64.0,2,Day,1,Clear,1,Main,TRACK 02,4,3,East,D,EMU,Yes,LI 2,60,Recorded,60,0.0,,LI,007344,1,Yes,,,0,,Yes,0.0,0.0,0.0,0.0,0.0,0.0,0.0,0.0,0.0,0.0,0.0,12.0,0.0,0.0,0.0,0.0,0.0,0.0,0.0,0.0,88965.0,40358.0,129323.0,M304,Highway user cited for violation of highway-rail grade crossing traffic laws,M304,Highway user cited for violation of highway-rail grade crossing traffic laws,1,1,2,10,37,10,37,0.0,0.0,0.0,0.0,0.0,0.0,0.0,0.0,0.0,0.0,0.0,0.0,TRAIN 2062 STRUCK A TRACTOR TRAILER AT MERRITTS ROAD CROSSING. THE TRACTOR TRAILER TRUCK HAD BEEN STOPPED WITH THE CAB OF THE TRUNK OCCUPYING THE CROSSING PAD WHEN THE GATE CAME DOWN BETWEEN THE CAB AND THE TRAILER OF THE VEHICLE. DRIVER ABANDONED VEHICLE PRIOR TO IT BEING STRUCK BY THE TRAIN.,Main,4,No,No,1,LI69734201905,LI69734201905,Passenger (Formerly Commuter),Class 3,"SMT-1 - Amtrak and Commuter East, some Tourist/Historic",LI,Long Island Rail Road,Not Assigned,Passenger (Formerly Commuter),Class 3,"SMT-1 - Amtrak and Commuter East, some Tourist/Historic",LI,Long Island Rail Road,Not Assigned,9.2,,338153R,,,LIRRMAINLINE,1,Signaled,Signal Indication,B,Auto Train Control,0,Not a remotely controlled operation,CWR,40.731759,-73.45942,D,Automatic Block Signals System,,,000-000-000,,,,,,,,,,,,,
LI,Long Island Rail Road,2019,69826,19,05,LI,Long Island Rail Road,69826,19,05,25,2019-05-25,3:02 AM,04,Side collision,0.0,0.0,0.0,0.0,,,SPEONK,70.5,36,NY,NEW YORK,103,SUFFOLK,1,56.0,4,Dark,1,Clear,1,Main,SINGLE MAIN TRACK,4,3,East,2,Passenger Train - Pulling,Yes,LI 8,30,Recorded,30,0.0,,LI,000511,1,No,,,0,,Yes,1.0,0.0,0.0,1.0,0.0,1.0,0.0,0.0,0.0,0.0,0.0,5.0,0.0,1.0,0.0,0.0,0.0,0.0,1.0,0.0,245702.0,32566.0,450301.0,S009,Interlocking signal displayed false proceed,S009,Interlocking signal displayed false proceed,1,1,2,2,27,2,27,0.0,1.0,0.0,0.0,0.0,0.0,0.0,0.0,0.0,1.0,0.0,1.0,"EQUIPMENT TRAIN 5785 WAS STRUCK BY EASTBOUND TRAIN 8700. 5785 WAS STOPPED ON THE SOUTH SIDING, CONTROLLED SIDING, AND THE REAR OF 5785 WAS FOULING THE SK2 INTERLOCKING. DUE TO A SIGNAL MALFUNCTION, TRAIN 8700, WHICH WAS OPERATING ON MONTAUK SINGLE TRACK WAS GIVEN A SIGNAL TO PROCEED ON SK2'S WESTWARD LIMITS EASTBOUND SIGNAL AND STRUCK 5785 AT APPROXIMATELY 30M PH. TRAIN 5785 DERAILED UPON IMPACT AND WAS OPERATED WEST FOR APPROXIMATELY 2000’ CAUSING DAMAGE TO TRACK AND SWITCHES. ON 07-26-2019, DATA IN BOXES 2, 2A, 2B REMOVED. ON 08-01-2019, UPDATED BOX 21 TO SINGLE MAIN TRACK. ON 08-22-2019, BOX 6 UPDATED TO 0302 AM. ON 03-22-2021, SMS DIRECTOR UPDATED BOXES 36 AND 37(DAMAGES) BASED ON NEW FIGURES.",Main,4,No,No,3,LI69826201905,LI69826201905,Passenger (Formerly Commuter),Class 3,"SMT-1 - Amtrak and Commuter East, some Tourist/Historic",LI,Long Island Rail Road,Not Assigned,Passenger (Formerly Commuter),Class 3,"SMT-1 - Amtrak and Commuter East, some Tourist/Historic",LI,Long Island Rail Road,Not Assigned,9.2,,,,,LIRRMONTAUK,1,Signaled,Signal Indication,A,Auto Cab Signals,0,Not a remotely controlled operation,CWR,40.820376,-72.698667,B,Auto Train Control,,,000-000-000,G,Interlocking,,,,,,,,,,,
LI,Long Island Rail Road,2019,69826,19,05,LI,Long Island Rail Road,69826,19,05,25,2019-05-25,3:02 AM,04,Side collision,0.0,0.0,0.0,0.0,,,SPEONK,70.5,36,NY,NEW YORK,103,SUFFOLK,1,56.0,4,Dark,1,Clear,3,Siding,SOUTH CNTRLED SIDING,1,3,East,2,Passenger Train - Pulling,Yes,LI 5,0,Recorded,30,0.0,,LI,000500,14,No,,,0,,No,1.0,0.0,0.0,1.0,0.0,0.0,0.0,0.0,1.0,0.0,0.0,0.0,0.0,12.0,0.0,0.0,0.0,0.0,0.0,0.0,100000.0,72033.0,450301.0,S009,Interlocking signal displayed false proceed,S009,Interlocking signal displayed false proceed,1,1,1,8,12,8,12,0.0,0.0,0.0,0.0,0.0,0.0,0.0,1.0,0.0,1.0,0.0,0.0,"EQUIPMENT TRAIN 5785 WAS STRUCK BY EASTBOUND TRAIN 8700. 5785 WAS STOPPED ON THE SOUTH SIDING CONTROLLED SIDING AND THE REAR OF 5785 WAS FOULING THE SK2 INTERLOCKING. DUE TO A SIGNAL MALFUNCTION, TRAIN 8700, WHICH WAS OPERATING ON MONTAUK SINGLE TRACK WAS GIVEN A SIGNAL TO PROCEED ON SK2'S WESTWARDLIMITS EASTBOUND SIGNAL AND STRUCK 5785 AT APPROXIMATELY 30M PH. TRAIN 5785 DERAILED UPON IMPACT ANDWAS OPERATED WEST FOR APPROXIMATELY 2000’ CAUSING DAMAGE TO TRACK AND SWITCHES. ON 07-26-2019, DTAIN BOXES 2, 2A, AND 2B REMOVED. ON 08-01-2019, UPDATED BOX 21 TO SOUTH CONTROLLED SIDING. ON 08-22-2019, BOX 6 UPDATED TO 0302 AM. ON 03-22-2021, FOR TRAIN 8700, SMS DIRECTOR UPDATED BOXES 36 AND 37 (DAMAGES) BASED ON NEW FIGURES.",Main,4,No,No,1,LI69826201905,LI69826201905,Passenger (Formerly Commuter),Class 3,"SMT-1 - Amtrak and Commuter East, some Tourist/Historic",LI,Long Island Rail Road,Not Assigned,Passenger (Formerly Commuter),Class 3,"SMT-1 - Amtrak and Commuter East, some Tourist/Historic",LI,Long Island Rail Road,Not Assigned,,,,,,LIRRMONTAUK,1,Signaled,Signal Indication,B,Auto Train Control,0,Not a remotely controlled operation,OTH,40.820376,-72.698667,G,Interlocking,,,000-000-000,,,,,,,,,,,,,
LI,Long Island Rail Road,2017,GR20170103,17,01,LI,Long Island Rail Road,GR20170103,17,01,09,2017-01-09,8:03 PM,07,Hwy-rail crossing,0.0,0.0,0.0,0.0,,,BRENTWOOD,40.8,36,NY,NEW YORK,103,SUFFOLK,1,9.0,4,Dark,1,Clear,1,Main,MAINLINE 1,4,4,West,D,EMU,Yes,5055,75,Recorded,75,0.0,,LI,007589,1,Yes,,,0,,Yes,0.0,0.0,0.0,0.0,0.0,0.0,0.0,0.0,0.0,0.0,0.0,12.0,0.0,0.0,0.0,0.0,0.0,0.0,0.0,0.0,215077.0,0.0,215077.0,M303,Highway user misjudgment under normal weather and traffic conditions,M303,Highway user misjudgment under normal weather and traffic conditions,1,1,1,4,47,4,47,0.0,0.0,0.0,0.0,1.0,0.0,1.0,0.0,1.0,0.0,1.0,0.0,TRAIN 5055 STRUCK AN OCCUPIED VEHICLE AT FOURTH STREET CROSSING IN BRENTWOOD.  VEHICLE WAS ATTEMPTING AN U-TURN ON CROSSING.,Main,4,No,No,1,LIGR20170103201701,LIGR20170103201701,Passenger (Formerly Commuter),Class 3,"SMT-1 - Amtrak and Commuter East, some Tourist/Historic",LI,Long Island Rail Road,Not Assigned,Passenger (Formerly Commuter),Class 3,"SMT-1 - Amtrak and Commuter East, some Tourist/Historic",LI,Long Island Rail Road,Not Assigned,,0,338168F,,,SYSTEM,1,Signaled,Direct Train Control,,,0,Not a remotely controlled operation,CWR,40.779878,-73.2478,,,,,000-000-000,,,,,,,,,,,,,