reportingrailroadcode,reportingrailroadname,report_year,incidentnumber,accidentyear,accidentmonth,maintenancerailroadcode,maintenancerailroadname,maintenanceaccidentnumber,maintenanceaccidentyear,maintenanceaccidentmonth,day,date,time,accident_type_code,accidenttype,hazmatcars,hazmatcarsdamaged,hazmatreleasedcars,personsevacuated,divisioncode,division,station,milepost,statecode,stateabbr,statename,countycode,countyname,district,temperature,visibilitycode,visibility,weather_condition_code,weathercondition,track_type_code,tracktype,trackname,trackclass,train_direction_code,traindirection,equipment_type_code,equipmenttype,equipmentattended,trainnumber,trainspeed,recordedestimatedspeed,maximumspeed,grosstonnage,method_of_operation_code,firstcarinitials,firstcarnumber,firstcarposition,firstcarloaded,causingcarinitials,causingcarnumber,causingcarposition,causingcarloaded,passengerstransported,headendlocomotives,midtrainmanuallocomotives,midtrainremotelocomotives,rearendmanuallocomotives,rearendremotelocomotives,derailedheadendlocomotives,derailedmidtrainmanuallo,derailedmidtrainremotelo,derailedrearendmanualloc,derailedrearendremoteloc,loadedfreightcars,loadedpassengercars,emptyfreightcars,emptypassengercars,cabooses,derailedloadedfreightcars,derailedloadedpassengercars,derailedemptyfreightcars,derailedemptypassengercars,derailedcabooses,equipmentdamagecost,trackdamagecost,totaldamagecost,primaryaccidentcausecode,primaryaccidentcause,accidentcausecode,accidentcause,engineersonduty,conductorsonduty,brakemenonduty,hoursengineersonduty,minutesengineersonduty,hoursconductorsonduty,minutesconductorsonduty,railroademployeeskilled,railroademployeesinjured,passengerskilled,passengersinjured,otherskilled,othersinjured,personskilledforreportin,personsinjuredforreporti,totalpersonskilled,totalpersonsinjured,totalkilledform54,totalinjuredform54,narrative,jointtracktype,jointtrackclass,classcode,class,jointcd,incidentkey,reportkey,reporting_railroad_company_grouping,reporting_railroad_class,reporting_railroad_smt_grouping,reporting_parent_railroad_company_code,reporting_parent_railroad_company_name,reporting_railroad_holding_company,maintenance_railroad_company_grouping,maintenance_railroad_class,maintenance_railroad_smt_grouping,maintenance_parent_railroad_company_code,maintenance_parent_railroad_company_name,maintenance_railroad_holding_company,trackdensity,firemenonduty,gxid,contributingaccidentcausecode,contributingaccidentcause,subdivision,signalization_code,signalization,methodofoperation,adjunct_1,adjunctcode1,remote_control_locomotive_code,remotecontrollocomotive,specialstudy1,latitude,longitude,adjunct_2,adjunctcode2,positivealcoholtests,positivedrugtests,specialstudy2,adjunct_3,adjunctcode3,otherrailroadcode,otherrailroadname,otheraccidentnumber,accidentyearother,accidentmonthother,other_railroad_company_grouping,other_railroad_class,other_railroad_smt_grouping,other_parent_railroad_company_code,other_parent_railroad_company_name,other_railroad_holding_company
LI,Long Island Rail Road,2017,EQ20170702,17,07,LI,Long Island Rail Road,EQ20170702,17,07,18,2017-07-18,5:16 AM,01,Derailment,0.0,0.0,0.0,0.0,,,LONG BEACH,6.3,36,NY,NEW YORK,59,NASSAU,1,73.0,1,Dawn,1,Clear,2,Yard,LEAD TRACK,1,3,East,D,EMU,Yes,891,5,Recorded,5,0.0,,LI,007353,1,No,,,0,,No,0.0,0.0,0.0,0.0,0.0,0.0,0.0,0.0,0.0,0.0,0.0,0.0,0.0,1.0,0.0,0.0,0.0,0.0,1.0,0.0,238027.0,0.0,238027.0,H607,Failure to comply with restricted speed or its equivalent not in connection with a block or interloc,H607,Failure to comply with restricted speed or its equivalent not in connection with a block or interloc,1,1,,,48,,48,0.0,0.0,0.0,0.0,0.0,0.0,0.0,0.0,0.0,0.0,0.0,0.0,TRAIN 891 OPERATED THROUGH WESTBOUND IMPROPERLY LINED DUAL CONTROLLED SWITCH AND DERAILED CAR NUMBERS 7222 AND 7353 AFTER REVERSING DIRECTION TO OPERATE EAST DURING A SWITCHING MOVE.,Yard,1,No,No,1,LIEQ20170702201707,LIEQ20170702201707,Passenger (Formerly Commuter),Class 3,"SMT-1 - Amtrak and Commuter East, some Tourist/Historic",LI,Long Island Rail Road,Not Assigned,Passenger (Formerly Commuter),Class 3,"SMT-1 - Amtrak and Commuter East, some Tourist/Historic",LI,Long Island Rail Road,Not Assigned,,,,,,SYSTEM,2,Not Signaled,Other Than Main Track,,,0,Not a remotely controlled operation,CWR,40.593698,-73.663396,,,0,0,000-000-000,,,,,,,,,,,,,
LI,Long Island Rail Road,2016,EQ20160706,16,07,LI,Long Island Rail Road,EQ20160706,16,07,20,2016-07-20,9:39 PM,09,Obstruction,0.0,0.0,0.0,0.0,,,WYANDANCH,33.5,36,NY,NEW YORK,103,SUFFOLK,1,73.0,4,Dark,1,Clear,1,Main,MAINLINE 1,4,4,West,D,EMU,Yes,2067,70,Recorded,70,0.0,,LI,009857,1,No,,,0,,Yes,0.0,0.0,0.0,0.0,0.0,0.0,0.0,0.0,0.0,0.0,0.0,12.0,0.0,0.0,0.0,0.0,0.0,0.0,0.0,0.0,30146.0,0.0,30146.0,M402,Object or equipment on or fouling track (motor vehicle - other than highway-rail crossing),M402,Object or equipment on or fouling track (motor vehicle - other than highway-rail crossing),1,1,1,6,54,6,54,0.0,0.0,0.0,0.0,0.0,0.0,0.0,0.0,0.0,0.0,0.0,0.0,"THE VEHICLE OPERATOR REPORTEDLY WAS FOLLOWING HER GPS NAVIGATOR DIRECTIONS AND MISTAKENLY TURNED ONTO THE TRACKS, THEN ABANDONED CAR ON RIGHT OF WAY. ON 12/06/2018, UPDATED EQUIPMENT COSTS THEREBY MAKING INCIDENT REPORTABLE WAS ENTERED BY LATCHMAN SINGH.",Main,4,No,No,1,LIEQ20160706201607,LIEQ20160706201607,Passenger (Formerly Commuter),Class 3,"SMT-1 - Amtrak and Commuter East, some Tourist/Historic",LI,Long Island Rail Road,Not Assigned,Passenger (Formerly Commuter),Class 3,"SMT-1 - Amtrak and Commuter East, some Tourist/Historic",LI,Long Island Rail Road,Not Assigned,9.2,,,,,SYSTEM,1,Signaled,Signal Indication,A,Auto Cab Signals,0,Not a remotely controlled operation,CWR,40.749378,-73.381867,,,,,000-000-000,,,,,,,,,,,,,
LI,Long Island Rail Road,2016,EQ20160501,16,05,LI,Long Island Rail Road,EQ20160501,16,05,09,2016-05-09,8:16 AM,13,Other (describe in narrative),0.0,0.0,0.0,0.0,,,PORT WASHINGTON,18.1,36,NY,NEW YORK,59,NASSAU,1,60.0,2,Day,1,Clear,2,Yard,5 STATION PORT WASH,1,4,West,D,EMU,Yes,427,2,Recorded,2,0.0,,LI,007758,1,No,,,0,,No,0.0,0.0,0.0,0.0,0.0,0.0,0.0,0.0,0.0,0.0,0.0,0.0,0.0,8.0,0.0,0.0,0.0,0.0,0.0,0.0,17131.0,0.0,17131.0,H307,"Shoving movement, man on or at leading end of movement, failure to control",H307,"Shoving movement, man on or at leading end of movement, failure to control",1,1,1,,22,,22,0.0,0.0,0.0,0.0,0.0,0.0,0.0,0.0,0.0,0.0,0.0,0.0,"WHILE MAKING A DRILL MOVE WITH THE CONDUCTOR ON THE LEAD END OF THE MOVE, AFTER MAKING A SAFETY STOPAND AN APPLICATION OF THE EMERGENCY BRAKES, TRAIN 427 CAME INTO CONTACT WITH THE BUMPER BLOCK.",Yard,1,No,No,1,LIEQ20160501201605,LIEQ20160501201605,Passenger (Formerly Commuter),Class 3,"SMT-1 - Amtrak and Commuter East, some Tourist/Historic",LI,Long Island Rail Road,Not Assigned,Passenger (Formerly Commuter),Class 3,"SMT-1 - Amtrak and Commuter East, some Tourist/Historic",LI,Long Island Rail Road,Not Assigned,,,,,,SYSTEM,2,Not Signaled,Other Than Main Track,,,0,Not a remotely controlled operation,CWR,40.830194,-73.687675,,,0,0,000-000-000,,,,,,,,,,,,,
LI,Long Island Rail Road,2017,GR20170802,17,08,LI,Long Island Rail Road,GR20170802,17,08,30,2017-08-30,9:01 AM,07,Hwy-rail crossing,0.0,0.0,0.0,0.0,,,CENTRAL ISLIP,43.3,36,NY,NEW YORK,103,SUFFOLK,1,68.0,2,Day,1,Clear,1,Main,MAINLINE 1,4,3,East,D,EMU,Yes,2008,40,Recorded,40,0.0,,LI,007028,1,Yes,,,0,,Yes,0.0,0.0,0.0,0.0,0.0,0.0,0.0,0.0,0.0,0.0,0.0,12.0,0.0,0.0,0.0,0.0,0.0,0.0,0.0,0.0,22000.0,0.0,22000.0,M302,Highway user inattentiveness,M302,Highway user inattentiveness,1,1,1,4,6,4,6,0.0,0.0,0.0,0.0,0.0,0.0,0.0,0.0,0.0,0.0,0.0,0.0,"TRACTOR-TRAILER WAS STOPPED WITH ITS TRAILER EXTENDED INTO THE GRADE CROSSING, FOULING THE TRACKS. THE LOCOMOTIVE ENGINEER OF TRAIN 2008, APPLIED THE EMERGENCY BRAKES, BUT DID STRIKE THE TAIL END OF THE TRAILER WITH THE HEAD CAR (7028).",Main,4,No,No,1,LIGR20170802201708,LIGR20170802201708,Passenger (Formerly Commuter),Class 3,"SMT-1 - Amtrak and Commuter East, some Tourist/Historic",LI,Long Island Rail Road,Not Assigned,Passenger (Formerly Commuter),Class 3,"SMT-1 - Amtrak and Commuter East, some Tourist/Historic",LI,Long Island Rail Road,Not Assigned,,0,338172V,,,SYSTEM,1,Signaled,Signal Indication,,,0,Not a remotely controlled operation,CWR,40.790324,-73.201772,,,0,,000-000-000,,,,,,,,,,,,,
LI,Long Island Rail Road,2016,GR20160102,16,01,LI,Long Island Rail Road,GR20160102,16,01,21,2016-01-21,6:35 AM,07,Hwy-rail crossing,0.0,0.0,0.0,0.0,,,WYANDANCH,33.5,36,NY,NEW YORK,103,SUFFOLK,1,28.0,4,Dark,1,Clear,1,Main,MAINLINE 1,4,4,West,D,EMU,Yes,2011,60,Estimated,60,0.0,,LI,007663,1,No,,,0,,Yes,0.0,0.0,0.0,0.0,0.0,0.0,0.0,0.0,0.0,0.0,0.0,12.0,0.0,0.0,0.0,0.0,0.0,0.0,0.0,0.0,193309.0,0.0,193309.0,M303,Highway user misjudgment under normal weather and traffic conditions,M303,Highway user misjudgment under normal weather and traffic conditions,1,1,1,3,34,3,34,0.0,0.0,0.0,0.0,0.0,1.0,0.0,1.0,0.0,1.0,0.0,1.0,"LATE MODEL NISSAN SEDAN WAS STRUCK WESTBOUND LIRR EMU 2011. VEHICLE BECAME DISABLED AT THE CROSSINGWHILE STILL OCCUPYING THE GRADE
CROSSING AND WAS ABANDONED WHILE FOULING THE TRACKS.",Main,4,No,No,1,LIGR20160102201601,LIGR20160102201601,Passenger (Formerly Commuter),Class 3,"SMT-1 - Amtrak and Commuter East, some Tourist/Historic",LI,Long Island Rail Road,Not Assigned,Passenger (Formerly Commuter),Class 3,"SMT-1 - Amtrak and Commuter East, some Tourist/Historic",LI,Long Island Rail Road,Not Assigned,,0,338160B,,,SYSTEM,1,Signaled,Signal Indication,A,Auto Cab Signals,0,Not a remotely controlled operation,CWR,40.749513,-73.381323,D,Automatic Block Signals System,,,,,,,,,,,,,,,,
LI,Long Island Rail Road,2019,69343,19,02,LI,Long Island Rail Road,69343,19,02,26,2019-02-26,7:20 PM,07,Hwy-rail crossing,0.0,0.0,0.0,90.0,,,WESTBURY,21.8,36,NY,NEW YORK,59,NASSAU,1,25.0,4,Dark,1,Clear,1,Main,TRACK 02,4,3,East,D,EMU,Yes,LI 1,37,Recorded,37,0.0,,LI,007496,1,Yes,,,0,,Yes,0.0,0.0,0.0,0.0,0.0,0.0,0.0,0.0,0.0,0.0,0.0,8.0,0.0,0.0,0.0,0.0,0.0,0.0,0.0,0.0,1000000.0,1000.0,1001000.0,M308,Highway user deliberately disregarded crossing warning devices,M308,Highway user deliberately disregarded crossing warning devices,1,1,2,4,28,4,28,0.0,1.0,0.0,0.0,0.0,0.0,0.0,1.0,0.0,1.0,0.0,1.0,"AT THE WESTBURY SCHOOL STREET CROSSING, TRAIN 1260 WAS STRUCK BY A MOTOR VEHICLE OF UNKNOWN SPEED. 04-17-2019, UPDATED LENGTH OF TIME ON DUTY FOR TRAIN CREW. 04-30-2019, UPDATED #OF BRAKEMEN TO 2.",Main,4,No,No,1,LI69343201902,LI69343201902,Passenger (Formerly Commuter),Class 3,"SMT-1 - Amtrak and Commuter East, some Tourist/Historic",LI,Long Island Rail Road,Not Assigned,Passenger (Formerly Commuter),Class 3,"SMT-1 - Amtrak and Commuter East, some Tourist/Historic",LI,Long Island Rail Road,Not Assigned,9.2,0,338146F,,,LIRRMAINLINE,1,Signaled,Signal Indication,A,Auto Cab Signals,0,Not a remotely controlled operation,CWR,40.754562,-73.581253,,,,,000-000-000,,,,,,,,,,,,,
LI,Long Island Rail Road,2019,69346,19,02,LI,Long Island Rail Road,69346,19,02,26,2019-02-26,7:21 PM,07,Hwy-rail crossing,0.0,0.0,0.0,900.0,,,WESTBURY,21.8,36,NY,NEW YORK,59,NASSAU,1,25.0,4,Dark,1,Clear,1,Main,TRACK 01,4,4,West,D,EMU,Yes,LI 2,75,Recorded,75,0.0,,LI,007425,1,Yes,,,0,,Yes,0.0,0.0,0.0,0.0,0.0,0.0,0.0,0.0,0.0,0.0,0.0,12.0,0.0,0.0,0.0,0.0,3.0,0.0,0.0,0.0,4000000.0,750000.0,4750000.0,M308,Highway user deliberately disregarded crossing warning devices,M308,Highway user deliberately disregarded crossing warning devices,1,1,4,5,48,5,48,0.0,4.0,0.0,7.0,3.0,0.0,3.0,11.0,3.0,11.0,3.0,11.0,"AT THE WESTBURY SCHOOL STREET CROSSING, TRAIN 2065 STRUCK A MOTOR VEHICLE THAT WAS STUCK ON THE CROSSING. THIS VEHICLE HAD PREVIOUSLY STRUCK TRAIN 1260 AT THIS SAME CROSSING. CURRENTLY, WE ARE UNABLETO DETERMINE WHO WAS THE DRIVER OF THE MOTOR VEHICLE. 04-17-2019, UPDATED TIME OF INCIDENT AND #OF CARS DERAILED. 09/04/2020, SAFETY MANAGEMENT SYSTEMS (SMS) DIRECTOR UPDATED PASSENGER COUNT TO 6. ON08-31-2021, SMS DIRECTOR UPDATED PASSENGER COUNT TO 7.",Main,4,No,No,1,LI69346201902,LI69346201902,Passenger (Formerly Commuter),Class 3,"SMT-1 - Amtrak and Commuter East, some Tourist/Historic",LI,Long Island Rail Road,Not Assigned,Passenger (Formerly Commuter),Class 3,"SMT-1 - Amtrak and Commuter East, some Tourist/Historic",LI,Long Island Rail Road,Not Assigned,9.2,0,338146F,,,LIRRMAINLINE,1,Signaled,Signal Indication,A,Auto Cab Signals,0,Not a remotely controlled operation,CWR,40.754562,-73.581253,,,,,000-000-000,,,,,,,,,,,,,
LI,Long Island Rail Road,2015,GR20150401,15,04,LI,Long Island Rail Road,GR20150401,15,04,21,2015-04-21,2:30 PM,07,Hwy-rail crossing,0.0,0.0,0.0,0.0,,,MATTITUCK,80,36,NY,NEW YORK,103,SUFFOLK,1,63.0,2,Day,1,Clear,1,Main,MAINLINE 1,4,4,West,9,Maint./inspect Car,Yes,TC 8,40,Estimated,40,0.0,,TC,000082,1,No,,,0,,No,0.0,0.0,0.0,0.0,0.0,0.0,0.0,0.0,0.0,0.0,0.0,0.0,1.0,0.0,0.0,0.0,0.0,0.0,0.0,0.0,15000.0,0.0,15000.0,M303,Highway user misjudgment under normal weather and traffic conditions,M303,Highway user misjudgment under normal weather and traffic conditions,1,0,0,7,30,,,0.0,0.0,0.0,0.0,0.0,1.0,0.0,1.0,0.0,1.0,0.0,1.0,TC 82 STRUCK A TRACTOR AT A PRIVATE CROSSING IN MATTITUCK AROUND MP 80.,Main,4,No,No,1,LIGR20150401201504,LIGR20150401201504,Passenger (Formerly Commuter),Class 3,"SMT-1 - Amtrak and Commuter East, some Tourist/Historic",LI,Long Island Rail Road,Not Assigned,Passenger (Formerly Commuter),Class 3,"SMT-1 - Amtrak and Commuter East, some Tourist/Historic",LI,Long Island Rail Road,Not Assigned,,0,338234R,,,SYSTEM,2,Not Signaled,Block Register Territory,,,0,Not a remotely controlled operation,CWR,40.960793,-72.564074,,,,,,,,,,,,,,,,,,
LI,Long Island Rail Road,2009,GR20090201,09,02,LI,Long Island Rail Road,GR20090201,09,02,13,2009-02-13,8:59 AM,07,Hwy-rail crossing,0.0,0.0,0.0,0.0,SYSTEM,SYSTEM,SYOSSET,27.08,36,NY,NEW YORK,59,NASSAU,1,32.0,2,Day,1,Clear,1,Main,PORT JEFFERSON #2,4,3,East,2,Passenger Train - Pulling,Yes,1612,70,Estimated,70,0.0,D,LI,007764,1,Yes,,,0,,Yes,1.0,0.0,0.0,0.0,0.0,0.0,0.0,0.0,0.0,0.0,0.0,9.0,0.0,0.0,0.0,0.0,0.0,0.0,0.0,0.0,46122.0,12380.0,58502.0,M303,Highway user misjudgment under normal weather and traffic conditions,M303,Highway user misjudgment under normal weather and traffic conditions,1,1,1,4,25,4,25,0.0,0.0,0.0,0.0,1.0,0.0,1.0,0.0,1.0,0.0,1.0,0.0,ELDERLY MALE DROVE THROUGH GATES AT ROBBINS LANE CROSSING INTO THE PATH OF EASTBOUND TRAIN 1612. TRAIN STRUCK THE CAR CAUSING EXTENSIVE DAMAGE TO VEHICLE RESULTING IN DEATH TO THE OCCUPANT.  NO OTHERINJURIES REPORTED.,Main,4,3L,3L,1,LIGR20090201200902,LIGR20090201200902,Passenger (Formerly Commuter),Class 3,"SMT-1 - Amtrak and Commuter East, some Tourist/Historic",LI,Long Island Rail Road,Not Assigned,Passenger (Formerly Commuter),Class 3,"SMT-1 - Amtrak and Commuter East, some Tourist/Historic",LI,Long Island Rail Road,Not Assigned,,0,338308F,,,,,,,,,0,Not a remotely controlled operation,,0.0,0.0,,,0,0,,,,,,,,,,,,,,
LI,Long Island Rail Road,2009,EQ20090104,09,01,LI,Long Island Rail Road,EQ20090104,09,01,08,2009-01-08,9:09 AM,01,Derailment,0.0,0.0,0.0,0.0,SYSTEM,SYSTEM,DEER PARK,38.8,36,NY,NEW YORK,103,SUFFOLK,1,35.0,2,Day,1,Clear,3,Siding,PINAIRE FREIGHT,1,3,East,,,,,0,,12,0.0,,,,0,,,,0,,,0.0,0.0,0.0,0.0,0.0,0.0,0.0,0.0,0.0,0.0,0.0,0.0,0.0,0.0,0.0,0.0,0.0,0.0,0.0,0.0,0.0,268000.0,313000.0,H018,Failure to properly secure hand brake on car(s) (railroad  employee),H018,Failure to properly secure hand brake on car(s) (railroad  employee),,,,,,,,0.0,0.0,0.0,0.0,0.0,0.0,0.0,0.0,0.0,0.0,0.0,0.0,"NYAR FREIGHT CONSIST, INVOLVED IN SETTING OUT CARS - HAD A CUT OF CARS ROLL AWAY.  INSUFFICIENT HANDBRAKES WERE APPLIED PRIOR TO MAKING THE CUT, ALLOWING THE CARS TO TRAVEL DOWNGRADE - OVER THE PROTECTIVE DERAIL, AND ONTO THE LIRR MAIN TRACK.",Siding,1,3L,3L,1,LIEQ20090104200901,LIEQ20090104200901,Passenger (Formerly Commuter),Class 3,"SMT-1 - Amtrak and Commuter East, some Tourist/Historic",LI,Long Island Rail Road,Not Assigned,Passenger (Formerly Commuter),Class 3,"SMT-1 - Amtrak and Commuter East, some Tourist/Historic",LI,Long Island Rail Road,Not Assigned,,,,,,,,,,,,,,,0.0,0.0,,,,,,,,NYA,New York & Atlantic Railway Company,010809,09,01,Shortline,Class 3,SMT-2 - Shortline – East,NYA,New York & Atlantic Railway Company,Anacostia R
LI,Long Island Rail Road,2009,EQ20090105,09,01,LI,Long Island Rail Road,EQ20090105,09,01,18,2009-01-18,8:07 AM,09,Obstruction,0.0,0.0,0.0,0.0,SYSTEM,SYSTEM,FREEPORT,23.0,36,NY,NEW YORK,59,NASSAU,1,25.0,2,Day,6,Snow,2,Yard,FREEPORT YARD TAIL,1,3,East,4,Work train,Yes,ALCO,5,Estimated,5,0.0,L,LI,000150,1,No,,,0,,No,1.0,0.0,0.0,1.0,0.0,0.0,0.0,0.0,0.0,0.0,0.0,0.0,1.0,0.0,0.0,0.0,0.0,0.0,0.0,0.0,1200.0,11250.0,12450.0,H307,"Shoving movement, man on or at leading end of movement, failure to control",H307,"Shoving movement, man on or at leading end of movement, failure to control",1,1,1,8,6,8,6,0.0,0.0,0.0,0.0,0.0,0.0,0.0,0.0,0.0,0.0,0.0,0.0,"ALCOHOL TRAIN SHOVING MOVE INTO THE TAIL TRACK AT FREEPORT YARD - SLID ON SNOW CONDITIONS, STRIKINGBUMPER BLOCK, DAMAGING BLOCK AND COUPLER  ON ENGINE 150",Yard,1,3L,3L,1,LIEQ20090105200901,LIEQ20090105200901,Passenger (Formerly Commuter),Class 3,"SMT-1 - Amtrak and Commuter East, some Tourist/Historic",LI,Long Island Rail Road,Not Assigned,Passenger (Formerly Commuter),Class 3,"SMT-1 - Amtrak and Commuter East, some Tourist/Historic",LI,Long Island Rail Road,Not Assigned,,0,,,,,,,,,,0,Not a remotely controlled operation,,0.0,0.0,,,0,0,,,,,,,,,,,,,,
LI,Long Island Rail Road,2009,EQ20090203,09,02,LI,Long Island Rail Road,EQ20090203,09,02,12,2009-02-12,8:49 AM,09,Obstruction,0.0,0.0,0.0,0.0,SYSTEM,SYSTEM,ROSLYN,21.7,36,NY,NEW YORK,59,NASSAU,1,37.0,2,Day,1,Clear,1,Main,OYSTER BAY #1,4,4,West,2,Passenger Train - Pulling,Yes,LI51,45,Estimated,45,0.0,D,LI,005017,1,Yes,,,0,,Yes,1.0,0.0,0.0,0.0,0.0,0.0,0.0,0.0,0.0,0.0,0.0,4.0,0.0,0.0,0.0,0.0,0.0,0.0,0.0,0.0,35816.0,2563.0,38379.0,M404,"Object or equipment on or fouling track - other than above (for  vandalism, see code M503)",M404,"Object or equipment on or fouling track - other than above (for  vandalism, see code M503)",1,1,1,1,47,1,47,0.0,1.0,0.0,0.0,0.0,0.0,0.0,1.0,0.0,1.0,0.0,1.0,"TRAIN 511 STRUCK A UTILITY POLE THAT WAS FOULING THE TRACKS AFTER BEING BLOWN OVER IN A WIND STORM.IMPACT DAMAGE TO THE CAB CAR, AND SUBSQUENT INJURIES CLAIMED BY THREE PASSENGERS AND ONE CREW MEMBER.",Main,4,3L,3L,1,LIEQ20090203200902,LIEQ20090203200902,Passenger (Formerly Commuter),Class 3,"SMT-1 - Amtrak and Commuter East, some Tourist/Historic",LI,Long Island Rail Road,Not Assigned,Passenger (Formerly Commuter),Class 3,"SMT-1 - Amtrak and Commuter East, some Tourist/Historic",LI,Long Island Rail Road,Not Assigned,,0,,,,,,,,,,0,Not a remotely controlled operation,,0.0,0.0,,,0,0,,,,,,,,,,,,,,
LI,Long Island Rail Road,2008,EQ20080205,08,02,LI,Long Island Rail Road,EQ20080205,08,02,12,2008-02-12,6:15 PM,09,Obstruction,0.0,0.0,0.0,0.0,SYSTEM,SYSTEM,PINELAWN,32.4,36,NY,NEW YORK,103,SUFFOLK,1,30.0,4,Dark,6,Snow,1,Main,MAINLINE,4,3,East,2,Passenger Train - Pulling,Yes,2064,65,Estimated,65,0.0,DH,LI,007278,1,Yes,,,0,,Yes,1.0,0.0,0.0,0.0,0.0,0.0,0.0,0.0,0.0,0.0,0.0,9.0,0.0,0.0,0.0,0.0,0.0,0.0,0.0,0.0,28000.0,800.0,28800.0,M402,Object or equipment on or fouling track (motor vehicle - other than highway-rail crossing),M402,Object or equipment on or fouling track (motor vehicle - other than highway-rail crossing),1,1,1,1,48,1,48,0.0,0.0,0.0,1.0,0.0,0.0,0.0,1.0,0.0,1.0,0.0,1.0,TRAIN 2064 STRUCK AN UNOCCUPIED VEHICLE THAT WAS ON THE TRACKS ALONG THE MAINLINE.  VEHICLE OPERATORLOST CONTROL DUE TO SNOW / ICE CONDITIONS AND VEHICLE SLID ONTO TRACK AREA.  VEHICLE OPERATOR EXITED THE VEHICLE IN ADVANCE OF IT BEING STRUCK. NOT ASSOCIATED WITH A GRADE CROSSING. SIGNIFICANT DAMAGE TO THE VEHICLE AND RAILCAR COUPLER AND UNDERCARRIAGE AREA.,Main,4,3L,3L,1,LIEQ20080205200802,LIEQ20080205200802,Passenger (Formerly Commuter),Class 3,"SMT-1 - Amtrak and Commuter East, some Tourist/Historic",LI,Long Island Rail Road,Not Assigned,Passenger (Formerly Commuter),Class 3,"SMT-1 - Amtrak and Commuter East, some Tourist/Historic",LI,Long Island Rail Road,Not Assigned,000000,0,,,,,,,,,,0,Not a remotely controlled operation,,0.0,0.0,,,0,0,,,,,,,,,,,,,,
LI,Long Island Rail Road,2017,EQ20170405,17,04,LI,Long Island Rail Road,EQ20170405,17,04,16,2017-04-16,7:47 PM,12,Other impacts,0.0,0.0,0.0,0.0,,,SYOSSET,29.1,36,NY,NEW YORK,103,SUFFOLK,1,64.0,4,Dark,1,Clear,1,Main,PORT JEFFERSON 2,4,3,East,D,EMU,Yes,7728,35,Recorded,35,0.0,,LI,007758,1,Yes,,,0,No,Yes,0.0,0.0,0.0,0.0,0.0,0.0,0.0,0.0,0.0,0.0,0.0,1.0,0.0,0.0,0.0,0.0,0.0,0.0,0.0,0.0,27502.0,6500.0,34002.0,E85C,Bottom outlet car door open,E85C,Bottom outlet car door open,1,1,1,2,59,2,59,0.0,0.0,0.0,0.0,0.0,0.0,0.0,0.0,0.0,0.0,0.0,0.0,CAR 7758 OF TRAIN 7728 CAME INTO CONTACT WITH THE WEST END OF THE SYOSSET STATION PLATFORM ON PORT JEFFERSON 2.,Main,4,No,No,1,LIEQ20170405201704,LIEQ20170405201704,Passenger (Formerly Commuter),Class 3,"SMT-1 - Amtrak and Commuter East, some Tourist/Historic",LI,Long Island Rail Road,Not Assigned,Passenger (Formerly Commuter),Class 3,"SMT-1 - Amtrak and Commuter East, some Tourist/Historic",LI,Long Island Rail Road,Not Assigned,,,,,,SYSTEM,1,Signaled,Direct Train Control,,,0,Not a remotely controlled operation,CWR,40.824043,-73.501928,,,,,000-000-000,,,,,,,,,,,,,