reportingrailroadcode,reportingrailroadname,report_year,incidentnumber,accidentyear,accidentmonth,maintenancerailroadcode,maintenancerailroadname,maintenanceaccidentnumber,maintenanceaccidentyear,maintenanceaccidentmonth,day,date,time,accident_type_code,accidenttype,hazmatcars,hazmatcarsdamaged,hazmatreleasedcars,personsevacuated,divisioncode,division,station,milepost,statecode,stateabbr,statename,countycode,countyname,district,temperature,visibilitycode,visibility,weather_condition_code,weathercondition,track_type_code,tracktype,trackname,trackclass,train_direction_code,traindirection,equipment_type_code,equipmenttype,equipmentattended,trainnumber,trainspeed,recordedestimatedspeed,maximumspeed,grosstonnage,method_of_operation_code,firstcarinitials,firstcarnumber,firstcarposition,firstcarloaded,causingcarinitials,causingcarnumber,causingcarposition,causingcarloaded,passengerstransported,headendlocomotives,midtrainmanuallocomotives,midtrainremotelocomotives,rearendmanuallocomotives,rearendremotelocomotives,derailedheadendlocomotives,derailedmidtrainmanuallo,derailedmidtrainremotelo,derailedrearendmanualloc,derailedrearendremoteloc,loadedfreightcars,loadedpassengercars,emptyfreightcars,emptypassengercars,cabooses,derailedloadedfreightcars,derailedloadedpassengercars,derailedemptyfreightcars,derailedemptypassengercars,derailedcabooses,equipmentdamagecost,trackdamagecost,totaldamagecost,primaryaccidentcausecode,primaryaccidentcause,accidentcausecode,accidentcause,engineersonduty,conductorsonduty,brakemenonduty,hoursengineersonduty,minutesengineersonduty,hoursconductorsonduty,minutesconductorsonduty,railroademployeeskilled,railroademployeesinjured,passengerskilled,passengersinjured,otherskilled,othersinjured,personskilledforreportin,personsinjuredforreporti,totalpersonskilled,totalpersonsinjured,totalkilledform54,totalinjuredform54,narrative,jointtracktype,jointtrackclass,classcode,class,jointcd,incidentkey,reportkey,reporting_railroad_company_grouping,reporting_railroad_class,reporting_railroad_smt_grouping,reporting_parent_railroad_company_code,reporting_parent_railroad_company_name,reporting_railroad_holding_company,maintenance_railroad_company_grouping,maintenance_railroad_class,maintenance_railroad_smt_grouping,maintenance_parent_railroad_company_code,maintenance_parent_railroad_company_name,maintenance_railroad_holding_company,trackdensity,firemenonduty,gxid,contributingaccidentcausecode,contributingaccidentcause,subdivision,signalization_code,signalization,methodofoperation,adjunct_1,adjunctcode1,remote_control_locomotive_code,remotecontrollocomotive,specialstudy1,latitude,longitude,adjunct_2,adjunctcode2,positivealcoholtests,positivedrugtests,specialstudy2,adjunct_3,adjunctcode3,otherrailroadcode,otherrailroadname,otheraccidentnumber,accidentyearother,accidentmonthother,other_railroad_company_grouping,other_railroad_class,other_railroad_smt_grouping,other_parent_railroad_company_code,other_parent_railroad_company_name,other_railroad_holding_company
LI,Long Island Rail Road,2021,75572,21,09,LI,Long Island Rail Road,75572,21,09,02,2021-09-02,4:57 AM,09,Obstruction,0.0,0.0,0.0,0.0,,,RIVERHEAD,77,36,NY,NEW YORK,103,SUFFOLK,1,62.0,4,Dark,2,Cloudy,1,Main,SINGLE MAIN TRACK,3,3,East,2,Passenger Train - Pulling,Yes,LI 2,40,Estimated,40,0.0,,LI,000411,1,No,,,0,,Yes,1.0,0.0,0.0,0.0,0.0,0.0,0.0,0.0,0.0,0.0,0.0,2.0,0.0,0.0,0.0,0.0,0.0,0.0,0.0,0.0,14370.0,0.0,14370.0,M404,"Object or equipment on or fouling track - other than above (for  vandalism, see code M503)",M404,"Object or equipment on or fouling track - other than above (for  vandalism, see code M503)",1,1,1,1,42,1,42,0.0,0.0,0.0,0.0,0.0,0.0,0.0,0.0,0.0,0.0,0.0,0.0,"TRAIN NO. 200 REPORTS STRIKING A TREE AND OTHER DEBRIS, JUST EAST OF RIVERHEAD.",Main,3,No,No,1,LI75572202109,LI75572202109,Passenger (Formerly Commuter),Class 3,"SMT-1 - Amtrak and Commuter East, some Tourist/Historic",LI,Long Island Rail Road,Not Assigned,Passenger (Formerly Commuter),Class 3,"SMT-1 - Amtrak and Commuter East, some Tourist/Historic",LI,Long Island Rail Road,Not Assigned,9.2,,,,,LIRR MAINLINE,2,Not Signaled,Block Register Territory,,,0,Not a remotely controlled operation,CWR,40.940818,-72.614826,,,,,000-000-000,,,,,,,,,,,,,
LI,Long Island Rail Road,1996,EQ960416,96,04,LI,Long Island Rail Road,EQ960416,96,04,27,1996-04-27,11:54 AM,01,Derailment,0.0,0.0,0.0,0.0,SYSTEM,SYSTEM,GREENPORT,94.3,36,NY,NEW YORK,103,SUFFOLK,1,60.0,2,Day,1,Clear,1,Main,MAIN,3,3,East,2,Passenger Train - Pulling,Yes,6200,15,Estimated,15,0.0,OI,ENG,000150,1,Yes,,,,,Yes,1.0,0.0,0.0,1.0,0.0,1.0,0.0,0.0,0.0,0.0,0.0,2.0,0.0,0.0,0.0,0.0,0.0,0.0,0.0,0.0,16559.0,370.0,16929.0,H703,Switch not latched or locked,H703,Switch not latched or locked,1,1,0,1,48,1,48,0.0,0.0,0.0,0.0,0.0,0.0,0.0,0.0,0.0,0.0,0.0,0.0,R-1 WHEEL OF ENGINE #150 PICKED UNLOCKED SWITCH.NoneNoneNoneNoneNoneNoneNoneNoneNoneNoneNoneNoneNoneNone,Main,3,3L,3L,1,LIEQ960416199604,LIEQ960416199604,Passenger (Formerly Commuter),Class 3,"SMT-1 - Amtrak and Commuter East, some Tourist/Historic",LI,Long Island Rail Road,Not Assigned,Passenger (Formerly Commuter),Class 3,"SMT-1 - Amtrak and Commuter East, some Tourist/Historic",LI,Long Island Rail Road,Not Assigned,,0,,,,,,,,,,,,,,,,,,,,,,,,,,,,,,,,
LI,Long Island Rail Road,1996,EQ960308,96,03,LI,Long Island Rail Road,EQ960308,96,03,16,1996-03-16,4:28 PM,09,Obstruction,0.0,0.0,0.0,0.0,SYSTEM,SYSTEM,MINEOLA,19.0,36,NY,NEW YORK,59,NASSAU,1,40.0,2,Day,1,Clear,1,Main,MAIN LINE #1,4,4,West,2,Passenger Train - Pulling,Yes,9339,45,Estimated,45,0.0,DGI,MU,009339,1,No,,,,,No,1.0,0.0,7.0,0.0,0.0,0.0,0.0,0.0,0.0,0.0,0.0,0.0,0.0,8.0,0.0,0.0,0.0,0.0,0.0,0.0,74057.0,0.0,74057.0,M503,"Vandalism of track or track appliances, e.g., objects  placed on track, switch thrown, etc.",M503,"Vandalism of track or track appliances, e.g., objects  placed on track, switch thrown, etc.",1,1,1,6,20,6,20,0.0,0.0,0.0,0.0,0.0,0.0,0.0,0.0,0.0,0.0,0.0,0.0,VANDALS PLACED CHROME BAR STOOL ON TRACKS WHICH TRAIN 9339 STRUCK.NoneNoneNoneNoneNoneNoneNoneNoneNoneNoneNoneNoneNoneNone,Main,4,3L,3L,1,LIEQ960308199603,LIEQ960308199603,Passenger (Formerly Commuter),Class 3,"SMT-1 - Amtrak and Commuter East, some Tourist/Historic",LI,Long Island Rail Road,Not Assigned,Passenger (Formerly Commuter),Class 3,"SMT-1 - Amtrak and Commuter East, some Tourist/Historic",LI,Long Island Rail Road,Not Assigned,,0,,,,,,,,,,,,,,,,,,,,,,,,,,,,,,,,
LI,Long Island Rail Road,1996,EQ960309,96,03,LI,Long Island Rail Road,EQ960309,96,03,15,1996-03-15,7:01 AM,09,Obstruction,0.0,0.0,0.0,0.0,SYSTEM,SYSTEM,CARLE PLACE,21.5,36,NY,NEW YORK,59,NASSAU,1,45.0,2,Day,2,Cloudy,1,Main,MAIN LINE 2,4,4,West,2,Passenger Train - Pulling,Yes,1619,50,Estimated,50,0.0,DGI,LI,009348,2,Yes,LI,009833,3,Yes,Yes,1.0,0.0,7.0,0.0,0.0,0.0,0.0,0.0,0.0,0.0,0.0,8.0,0.0,0.0,0.0,0.0,0.0,0.0,0.0,0.0,19371.0,0.0,19371.0,M404,"Object or equipment on or fouling track - other than above (for  vandalism, see code M503)",M404,"Object or equipment on or fouling track - other than above (for  vandalism, see code M503)",1,1,1,6,8,6,8,0.0,0.0,0.0,0.0,0.0,0.0,0.0,0.0,0.0,0.0,0.0,0.0,TRAIN 1619 STRUCK DEBRIS PLACED ON TRACKS WEST OF HICKSVILLE STATION.NoneNoneNoneNoneNoneNoneNoneNoneNoneNoneNoneNoneNoneNone,Main,4,3L,3L,1,LIEQ960309199603,LIEQ960309199603,Passenger (Formerly Commuter),Class 3,"SMT-1 - Amtrak and Commuter East, some Tourist/Historic",LI,Long Island Rail Road,Not Assigned,Passenger (Formerly Commuter),Class 3,"SMT-1 - Amtrak and Commuter East, some Tourist/Historic",LI,Long Island Rail Road,Not Assigned,,0,,,,,,,,,,,,,,,,,,,,,,,,,,,,,,,,
LI,Long Island Rail Road,1996,EQ960211,96,02,LI,Long Island Rail Road,EQ960211,96,02,20,1996-02-20,11:35 PM,09,Obstruction,0.0,0.0,0.0,0.0,SYSTEM,SYSTEM,BRENTWOOD,40.1,36,NY,NEW YORK,103,SUFFOLK,1,32.0,4,Dark,2,Cloudy,1,Main,MAIN LINE #1,4,3,East,2,Passenger Train - Pulling,Yes,2084,60,Estimated,60,0.0,DGI,LI,009908,1,Yes,,,,,Yes,1.0,0.0,0.0,0.0,0.0,0.0,0.0,0.0,0.0,0.0,0.0,6.0,0.0,6.0,0.0,0.0,0.0,0.0,0.0,0.0,35560.0,0.0,35560.0,M503,"Vandalism of track or track appliances, e.g., objects  placed on track, switch thrown, etc.",M503,"Vandalism of track or track appliances, e.g., objects  placed on track, switch thrown, etc.",1,1,1,5,14,5,14,0.0,0.0,0.0,0.0,0.0,0.0,0.0,0.0,0.0,0.0,0.0,0.0,TRAIN 2084 STRUCK METAL DEBRIS CAUSING ELECTRICAL FIRE UNDER LEAD CAR NUMBER 9908.NoneNoneNoneNoneNoneNoneNoneNoneNoneNoneNoneNoneNoneNone,Main,4,3L,3L,1,LIEQ960211199602,LIEQ960211199602,Passenger (Formerly Commuter),Class 3,"SMT-1 - Amtrak and Commuter East, some Tourist/Historic",LI,Long Island Rail Road,Not Assigned,Passenger (Formerly Commuter),Class 3,"SMT-1 - Amtrak and Commuter East, some Tourist/Historic",LI,Long Island Rail Road,Not Assigned,,0,,,,,,,,,,,,,,,,,,,,,,,,,,,,,,,,
LI,Long Island Rail Road,1996,EQ960204,96,02,LI,Long Island Rail Road,EQ960204,96,02,24,1996-02-24,9:27 PM,09,Obstruction,0.0,0.0,0.0,0.0,SYSTEM,SYSTEM,ROCKVILLE CENTRE,19.3,36,NY,NEW YORK,59,NASSAU,1,30.0,4,Dark,1,Clear,1,Main,MONTAUK #1,4,4,West,2,Passenger Train - Pulling,Yes,6141,70,Estimated,70,0.0,DGI,LI,009415,1,No,,,,,Yes,1.0,0.0,0.0,0.0,0.0,0.0,0.0,0.0,0.0,0.0,0.0,9.0,0.0,0.0,0.0,0.0,0.0,0.0,0.0,0.0,130253.0,825.0,131078.0,M503,"Vandalism of track or track appliances, e.g., objects  placed on track, switch thrown, etc.",M503,"Vandalism of track or track appliances, e.g., objects  placed on track, switch thrown, etc.",1,1,1,3,22,3,22,0.0,0.0,0.0,0.0,0.0,0.0,0.0,0.0,0.0,0.0,0.0,0.0,VANDALS PLACED LARGE PIECES OF TREE TRUNKS ON TRACK.NoneNoneNoneNoneNoneNoneNoneNoneNoneNoneNoneNoneNoneNone,Main,4,3L,3L,1,LIEQ960204199602,LIEQ960204199602,Passenger (Formerly Commuter),Class 3,"SMT-1 - Amtrak and Commuter East, some Tourist/Historic",LI,Long Island Rail Road,Not Assigned,Passenger (Formerly Commuter),Class 3,"SMT-1 - Amtrak and Commuter East, some Tourist/Historic",LI,Long Island Rail Road,Not Assigned,,0,,,,,,,,,,,,,,,,,,,,,,,,,,,,,,,,
LI,Long Island Rail Road,1996,EQ960114,96,01,LI,Long Island Rail Road,EQ960114,96,01,28,1996-01-28,1:50 PM,11,Fire/violent rupture,0.0,0.0,0.0,0.0,SYSTEM,SYSTEM,CARLE PLACE,20.4,36,NY,NEW YORK,59,NASSAU,1,30.0,2,Day,1,Clear,1,Main,MAIN LINE 2,4,3,East,2,Passenger Train - Pulling,Yes,7702,25,Estimated,25,0.0,DGI,LI,009179,6,Yes,LI,009179,6,Yes,Yes,1.0,0.0,0.0,0.0,0.0,0.0,0.0,0.0,0.0,0.0,0.0,7.0,0.0,0.0,0.0,0.0,0.0,0.0,0.0,0.0,77191.0,2936.0,80127.0,E49C,"Other truck component defects, including mismatched side frames  (CAR) (Provide detailed description",E49C,"Other truck component defects, including mismatched side frames  (CAR) (Provide detailed description",1,1,1,0,36,0,36,0.0,1.0,0.0,1.0,0.0,0.0,0.0,2.0,0.0,2.0,0.0,2.0,"HEAVY ARCING/FLASHING BY SHOE BEAM CAUSED FIRE/DAMAGE TO CAR 9179, DUE TO BREAKDOWN OF INSULATING PROTECTION OF R2 SHOE BEAM.NoneNoneNoneNoneNoneNoneNoneNoneNoneNoneNoneNoneNone",Main,4,3L,3L,1,LIEQ960114199601,LIEQ960114199601,Passenger (Formerly Commuter),Class 3,"SMT-1 - Amtrak and Commuter East, some Tourist/Historic",LI,Long Island Rail Road,Not Assigned,Passenger (Formerly Commuter),Class 3,"SMT-1 - Amtrak and Commuter East, some Tourist/Historic",LI,Long Island Rail Road,Not Assigned,,0,,,,,,,,,,,,,,,,,,,,,,,,,,,,,,,,
LI,Long Island Rail Road,1996,EQ960102,96,01,LI,Long Island Rail Road,EQ960102,96,01,08,1996-01-08,9:25 AM,01,Derailment,0.0,0.0,0.0,0.0,SYSTEM,SYSTEM,GREAT NECK,14.0,36,NY,NEW YORK,59,NASSAU,1,18.0,2,Day,6,Snow,3,Siding,POCKET TRACK,4,3,East,2,Passenger Train - Pulling,Yes,9738,5,Estimated,5,0.0,F,LI,009016,7,No,,,,,No,1.0,0.0,0.0,0.0,0.0,0.0,0.0,0.0,0.0,0.0,0.0,0.0,0.0,7.0,0.0,0.0,0.0,0.0,2.0,0.0,13414.0,3309.0,16723.0,T002,Washout/rain/slide/flood/snow/ice damage to track,T002,Washout/rain/slide/flood/snow/ice damage to track,1,1,1,6,39,6,39,0.0,0.0,0.0,0.0,0.0,0.0,0.0,0.0,0.0,0.0,0.0,0.0,ICE/SNOW ON RAIL AND BRAKE TREAD UNITS CAUSED CONSIST TO SLIDE BACKWARD.NoneNoneNoneNoneNoneNoneNoneNoneNoneNoneNoneNoneNoneNone,Siding,4,3L,3L,1,LIEQ960102199601,LIEQ960102199601,Passenger (Formerly Commuter),Class 3,"SMT-1 - Amtrak and Commuter East, some Tourist/Historic",LI,Long Island Rail Road,Not Assigned,Passenger (Formerly Commuter),Class 3,"SMT-1 - Amtrak and Commuter East, some Tourist/Historic",LI,Long Island Rail Road,Not Assigned,,0,,M101,"Snow, ice, mud, gravel, coal, sand, etc. on track",,,,,,,,,,,,,,,,,,,,,,,,,,,,,
LI,Long Island Rail Road,1995,GR951201,95,12,LI,Long Island Rail Road,GR951201,95,12,01,1995-12-01,12:26 AM,07,Hwy-rail crossing,0.0,0.0,0.0,0.0,SYSTEM,SYSTEM,BELLPORT,57.8,36,NY,NEW YORK,103,SUFFOLK,1,40.0,4,Dark,1,Clear,1,Main,MONTAUK SINGLE TRACK,4,4,West,2,Passenger Train - Pulling,Yes,2711,60,Estimated,60,0.0,O,LI,002923,2,No,,,,,Yes,1.0,0.0,0.0,0.0,0.0,0.0,0.0,0.0,0.0,0.0,0.0,5.0,0.0,0.0,0.0,0.0,0.0,0.0,0.0,0.0,26552.0,173.0,26725.0,M302,Highway user inattentiveness,M302,Highway user inattentiveness,1,1,1,7,9,7,9,0.0,0.0,0.0,0.0,0.0,1.0,0.0,1.0,0.0,1.0,0.0,0.0,MOTORIST WENT AROUND GATES AND STRUCK TRAIN.NoneNoneNoneNoneNoneNoneNoneNoneNoneNoneNoneNoneNoneNone,Main,4,3L,3L,1,LIGR951201199512,LIGR951201199512,Passenger (Formerly Commuter),Class 3,"SMT-1 - Amtrak and Commuter East, some Tourist/Historic",LI,Long Island Rail Road,Not Assigned,Passenger (Formerly Commuter),Class 3,"SMT-1 - Amtrak and Commuter East, some Tourist/Historic",LI,Long Island Rail Road,Not Assigned,,0,338063S,,,,,,,,,,,,,,,,,,,,,,,,,,,,,,,
LI,Long Island Rail Road,1995,GR951203,95,12,LI,Long Island Rail Road,GR951203,95,12,21,1995-12-21,9:48 AM,07,Hwy-rail crossing,0.0,0.0,0.0,0.0,SYSTEM,SYSTEM,PATCHOGUE,53.0,36,NY,NEW YORK,103,SUFFOLK,1,25.0,2,Day,2,Cloudy,1,Main,MONTAUK SINGLE TRACK,4,4,West,2,Passenger Train - Pulling,Yes,2765,35,Estimated,35,0.0,O,ENG,000165,1,,,,,,Yes,1.0,0.0,0.0,0.0,1.0,0.0,0.0,0.0,0.0,0.0,0.0,7.0,0.0,0.0,0.0,0.0,0.0,0.0,0.0,0.0,0.0,7300.0,7300.0,M302,Highway user inattentiveness,M302,Highway user inattentiveness,1,1,1,0,43,0,43,0.0,0.0,0.0,0.0,1.0,0.0,1.0,0.0,1.0,0.0,0.0,0.0,MOTORIST DROVE AROUND GATES AND WAS STRUCK BY TRAIN.NoneNoneNoneNoneNoneNoneNoneNoneNoneNoneNoneNoneNoneNone,Main,4,3L,3L,1,LIGR951203199512,LIGR951203199512,Passenger (Formerly Commuter),Class 3,"SMT-1 - Amtrak and Commuter East, some Tourist/Historic",LI,Long Island Rail Road,Not Assigned,Passenger (Formerly Commuter),Class 3,"SMT-1 - Amtrak and Commuter East, some Tourist/Historic",LI,Long Island Rail Road,Not Assigned,,0,338047H,,,,,,,,,,,,,,,,,,,,,,,,,,,,,,,
LI,Long Island Rail Road,1995,EQ951201,95,12,LI,Long Island Rail Road,EQ951201,95,12,03,1995-12-03,7:50 PM,11,Fire/violent rupture,0.0,0.0,0.0,0.0,SYSTEM,SYSTEM,PORT JEFFERSON,57.5,36,NY,NEW YORK,103,SUFFOLK,1,38.0,4,Dark,1,Clear,2,Yard,TRACK #1 WEST YARD,1,3,East,2,Passenger Train - Pulling,No,656,0,Estimated,0,0.0,N,LI,002963,5,No,,,,,No,1.0,0.0,0.0,0.0,0.0,0.0,0.0,0.0,0.0,0.0,0.0,0.0,0.0,8.0,0.0,0.0,0.0,0.0,0.0,0.0,1000000.0,0.0,1000000.0,M505,Cause under active investigation by reporting railroad  (Amended report will be forwarded when repor,M505,Cause under active investigation by reporting railroad  (Amended report will be forwarded when repor,0,0,0,,,,,0.0,0.0,0.0,0.0,1.0,0.0,1.0,0.0,1.0,0.0,0.0,0.0,THE EXACT ORIGIN OF THE FIRE IS STILL UNDER INVESTIGATION BY THE FIRE MARSHAL'S OFFICE. THE FIRE WASCAUSED BY THE ACTIVITIES OF THE DECEASED AS DETERMINED BY FIRE MARSHAL INVESTIGATION.NoneNoneNoneNoneNoneNoneNoneNoneNoneNoneNoneNoneNone,Yard,1,3L,3L,1,LIEQ951201199512,LIEQ951201199512,Passenger (Formerly Commuter),Class 3,"SMT-1 - Amtrak and Commuter East, some Tourist/Historic",LI,Long Island Rail Road,Not Assigned,Passenger (Formerly Commuter),Class 3,"SMT-1 - Amtrak and Commuter East, some Tourist/Historic",LI,Long Island Rail Road,Not Assigned,,0,,,,,,,,,,,,,,,,,,,,,,,,,,,,,,,,
LI,Long Island Rail Road,1995,EQ951111,95,11,LI,Long Island Rail Road,EQ951111,95,11,20,1995-11-20,2:30 PM,09,Obstruction,0.0,0.0,0.0,0.0,SYSTEM,SYSTEM,SMITHTOWN,47.1,36,NY,NEW YORK,103,SUFFOLK,1,45.0,2,Day,2,Cloudy,3,Siding,PORT JEFF SINGLE TRK,1,3,East,5,Single Car,No,90T,0,Estimated,0,0.0,G,BOOM,000090,,No,,,,,No,0.0,0.0,0.0,0.0,0.0,0.0,0.0,0.0,0.0,0.0,0.0,0.0,1.0,0.0,0.0,0.0,0.0,0.0,0.0,0.0,600.0,14575.0,15175.0,H999,Other train operation/human factors (Provide detailed description in narrative),H999,Other train operation/human factors (Provide detailed description in narrative),0,0,0,,,,,0.0,0.0,0.0,0.0,0.0,0.0,0.0,0.0,0.0,0.0,0.0,0.0,"EMPLOYEE CHARGED WITH OPERATING BOOM IN CLOSE PROXIMITY TO HIGH TENSION POWER LINES CAUSING ARC, OBSTRUCTION WITH TELEPHONE LINE BOOM OPERATOR HUMAN ERROR.NoneNoneNoneNoneNoneNoneNoneNoneNoneNoneNoneNoneNone",Siding,1,3L,3L,1,LIEQ951111199511,LIEQ951111199511,Passenger (Formerly Commuter),Class 3,"SMT-1 - Amtrak and Commuter East, some Tourist/Historic",LI,Long Island Rail Road,Not Assigned,Passenger (Formerly Commuter),Class 3,"SMT-1 - Amtrak and Commuter East, some Tourist/Historic",LI,Long Island Rail Road,Not Assigned,,0,,,,,,,,,,,,,,,,,,,,,,,,,,,,,,,,
LI,Long Island Rail Road,1995,EQ950702,95,07,LI,Long Island Rail Road,EQ950702,95,07,22,1995-07-22,2:00 AM,09,Obstruction,0.0,0.0,0.0,0.0,SYSTEM,SYSTEM,HEMPSTEAD,19.8,36,NY,NEW YORK,59,NASSAU,1,80.0,4,Dark,1,Clear,2,Yard,#6 TRACK HEMPSTEAD,4,3,East,2,Passenger Train - Pulling,Yes,6705,5,Estimated,5,0.0,N,LI,009630,6,No,,,,,No,1.0,0.0,0.0,0.0,0.0,0.0,0.0,0.0,0.0,0.0,0.0,0.0,0.0,5.0,0.0,0.0,0.0,0.0,1.0,0.0,52946.0,873.0,53819.0,H306,"Shoving movement, absence of man on or at leading end of movement",H306,"Shoving movement, absence of man on or at leading end of movement",1,1,1,1,38,1,38,0.0,2.0,0.0,0.0,0.0,0.0,0.0,2.0,0.0,2.0,0.0,2.0,CONDUCTOR FAILED TO CONTROL SHOVING MOVEMENT.NoneNoneNoneNoneNoneNoneNoneNoneNoneNoneNoneNoneNoneNone,Yard,4,3L,3L,1,LIEQ950702199507,LIEQ950702199507,Passenger (Formerly Commuter),Class 3,"SMT-1 - Amtrak and Commuter East, some Tourist/Historic",LI,Long Island Rail Road,Not Assigned,Passenger (Formerly Commuter),Class 3,"SMT-1 - Amtrak and Commuter East, some Tourist/Historic",LI,Long Island Rail Road,Not Assigned,,0,,,,,,,,,,,,,,,,,,,,,,,,,,,,,,,,
LI,Long Island Rail Road,1995,EQ950607,95,06,LI,Long Island Rail Road,EQ950607,95,06,28,1995-06-28,7:40 PM,04,Side collision,0.0,0.0,0.0,0.0,SYSTEM,SYSTEM,PORT JEFFERSON,58.0,36,NY,NEW YORK,103,SUFFOLK,1,70.0,4,Dark,1,Clear,2,Yard,OLD MAIN - PORT JEFF,1,3,East,8,Light loco(s),Yes,260,5,Estimated,5,0.0,N,ENG,000260,1,No,,,,,No,1.0,0.0,0.0,0.0,0.0,0.0,0.0,0.0,0.0,0.0,0.0,0.0,0.0,0.0,0.0,0.0,0.0,0.0,0.0,0.0,0.0,0.0,10166.0,H008,Improper operation of train line air connections  (bottling the air),H008,Improper operation of train line air connections  (bottling the air),1,1,0,7,22,4,10,0.0,0.0,0.0,0.0,0.0,0.0,0.0,0.0,0.0,0.0,0.0,0.0,FAILURE TO PROPERLY CUT AWAY FROM STANDING DRAFT OF CARS CAUSED CARS TO ROLL AND STRIKE LOCOMOTIVE.NoneNoneNoneNoneNoneNoneNoneNoneNoneNoneNoneNoneNoneNone,Yard,1,3L,3L,3,LIEQ950607199506,LIEQ950607199506,Passenger (Formerly Commuter),Class 3,"SMT-1 - Amtrak and Commuter East, some Tourist/Historic",LI,Long Island Rail Road,Not Assigned,Passenger (Formerly Commuter),Class 3,"SMT-1 - Amtrak and Commuter East, some Tourist/Historic",LI,Long Island Rail Road,Not Assigned,,0,,,,,,,,,,,,,,,,,,,,,,,,,,,,,,,,
LI,Long Island Rail Road,1995,EQ950604,95,06,LI,Long Island Rail Road,EQ950604,95,06,18,1995-06-18,7:47 PM,09,Obstruction,0.0,0.0,0.0,0.0,SYSTEM,SYSTEM,FREEPORT,22.7,36,NY,NEW YORK,59,NASSAU,1,80.0,3,Dusk,1,Clear,1,Main,MONTAUK #1,4,4,West,2,Passenger Train - Pulling,Yes,6133,50,Estimated,50,0.0,DGI,LI,009519,1,Yes,,,,,Yes,1.0,0.0,0.0,0.0,0.0,0.0,0.0,0.0,0.0,0.0,0.0,7.0,0.0,0.0,0.0,0.0,0.0,0.0,0.0,0.0,71816.0,11367.0,83183.0,M503,"Vandalism of track or track appliances, e.g., objects  placed on track, switch thrown, etc.",M503,"Vandalism of track or track appliances, e.g., objects  placed on track, switch thrown, etc.",1,1,1,3,55,3,55,0.0,0.0,0.0,0.0,0.0,0.0,0.0,0.0,0.0,0.0,0.0,0.0,TRAIN 6133 STRUCK DEBRIS (RAILROAD TIE) PLACED ON TRACK BY VANDALS.NoneNoneNoneNoneNoneNoneNoneNoneNoneNoneNoneNoneNoneNone,Main,4,3L,3L,1,LIEQ950604199506,LIEQ950604199506,Passenger (Formerly Commuter),Class 3,"SMT-1 - Amtrak and Commuter East, some Tourist/Historic",LI,Long Island Rail Road,Not Assigned,Passenger (Formerly Commuter),Class 3,"SMT-1 - Amtrak and Commuter East, some Tourist/Historic",LI,Long Island Rail Road,Not Assigned,,0,,,,,,,,,,,,,,,,,,,,,,,,,,,,,,,,
LI,Long Island Rail Road,1995,EQ950606,95,06,LI,Long Island Rail Road,EQ950606,95,06,19,1995-06-19,3:14 PM,09,Obstruction,0.0,0.0,0.0,0.0,SYSTEM,SYSTEM,FREEPORT,22.9,36,NY,NEW YORK,59,NASSAU,1,85.0,2,Day,1,Clear,1,Main,MONTAUK #1,4,4,West,2,Passenger Train - Pulling,Yes,119,50,Estimated,50,0.0,DGI,LI,009317,1,Yes,,,,,Yes,1.0,0.0,0.0,0.0,0.0,0.0,0.0,0.0,0.0,0.0,0.0,9.0,0.0,0.0,0.0,0.0,0.0,0.0,0.0,0.0,19496.0,132.0,19628.0,M503,"Vandalism of track or track appliances, e.g., objects  placed on track, switch thrown, etc.",M503,"Vandalism of track or track appliances, e.g., objects  placed on track, switch thrown, etc.",1,1,1,0,53,0,53,0.0,0.0,0.0,0.0,0.0,0.0,0.0,0.0,0.0,0.0,0.0,0.0,TRAIN 119 STRUCK DEBRIS PLACED ON TRACK BY VANDALS.NoneNoneNoneNoneNoneNoneNoneNoneNoneNoneNoneNoneNoneNone,Main,4,3L,3L,1,LIEQ950606199506,LIEQ950606199506,Passenger (Formerly Commuter),Class 3,"SMT-1 - Amtrak and Commuter East, some Tourist/Historic",LI,Long Island Rail Road,Not Assigned,Passenger (Formerly Commuter),Class 3,"SMT-1 - Amtrak and Commuter East, some Tourist/Historic",LI,Long Island Rail Road,Not Assigned,,0,,,,,,,,,,,,,,,,,,,,,,,,,,,,,,,,
LI,Long Island Rail Road,1995,EQ950607,95,06,LI,Long Island Rail Road,EQ950607,95,06,28,1995-06-28,7:40 PM,04,Side collision,0.0,0.0,0.0,0.0,SYSTEM,SYSTEM,PORT JEFFERSON,58.0,36,NY,NEW YORK,103,SUFFOLK,1,70.0,4,Dark,1,Clear,2,Yard,OLD MAIN - PORT JEFF,1,3,East,6,Cut of cars,No,664,5,Estimated,5,0.0,N,LI,002950,1,No,,,,,No,0.0,0.0,0.0,0.0,0.0,0.0,0.0,0.0,0.0,0.0,0.0,0.0,0.0,11.0,0.0,0.0,0.0,0.0,0.0,0.0,9790.0,376.0,10166.0,H008,Improper operation of train line air connections  (bottling the air),H008,Improper operation of train line air connections  (bottling the air),0,0,0,,,,,0.0,0.0,0.0,0.0,0.0,0.0,0.0,0.0,0.0,0.0,0.0,0.0,FAILURE TO PROPERLY CUT AWAY FROM STANDING DRAFT OF CARS CAUSED CARS TO ROLL AND STRIKE ENGINE.NoneNoneNoneNoneNoneNoneNoneNoneNoneNoneNoneNoneNoneNone,Yard,1,3L,3L,1,LIEQ950607199506,LIEQ950607199506,Passenger (Formerly Commuter),Class 3,"SMT-1 - Amtrak and Commuter East, some Tourist/Historic",LI,Long Island Rail Road,Not Assigned,Passenger (Formerly Commuter),Class 3,"SMT-1 - Amtrak and Commuter East, some Tourist/Historic",LI,Long Island Rail Road,Not Assigned,,0,,,,,,,,,,,,,,,,,,,,,,,,,,,,,,,,