reportingrailroadcode,reportingrailroadname,report_year,incidentnumber,accidentyear,accidentmonth,maintenancerailroadcode,maintenancerailroadname,maintenanceaccidentnumber,maintenanceaccidentyear,maintenanceaccidentmonth,day,date,time,accident_type_code,accidenttype,hazmatcars,hazmatcarsdamaged,hazmatreleasedcars,personsevacuated,divisioncode,division,station,milepost,statecode,stateabbr,statename,countycode,countyname,district,temperature,visibilitycode,visibility,weather_condition_code,weathercondition,track_type_code,tracktype,trackname,trackclass,train_direction_code,traindirection,equipment_type_code,equipmenttype,equipmentattended,trainnumber,trainspeed,recordedestimatedspeed,maximumspeed,grosstonnage,method_of_operation_code,firstcarinitials,firstcarnumber,firstcarposition,firstcarloaded,causingcarinitials,causingcarnumber,causingcarposition,causingcarloaded,passengerstransported,headendlocomotives,midtrainmanuallocomotives,midtrainremotelocomotives,rearendmanuallocomotives,rearendremotelocomotives,derailedheadendlocomotives,derailedmidtrainmanuallo,derailedmidtrainremotelo,derailedrearendmanualloc,derailedrearendremoteloc,loadedfreightcars,loadedpassengercars,emptyfreightcars,emptypassengercars,cabooses,derailedloadedfreightcars,derailedloadedpassengercars,derailedemptyfreightcars,derailedemptypassengercars,derailedcabooses,equipmentdamagecost,trackdamagecost,totaldamagecost,primaryaccidentcausecode,primaryaccidentcause,accidentcausecode,accidentcause,engineersonduty,conductorsonduty,brakemenonduty,hoursengineersonduty,minutesengineersonduty,hoursconductorsonduty,minutesconductorsonduty,railroademployeeskilled,railroademployeesinjured,passengerskilled,passengersinjured,otherskilled,othersinjured,personskilledforreportin,personsinjuredforreporti,totalpersonskilled,totalpersonsinjured,totalkilledform54,totalinjuredform54,narrative,jointtracktype,jointtrackclass,classcode,class,jointcd,incidentkey,reportkey,reporting_railroad_company_grouping,reporting_railroad_class,reporting_railroad_smt_grouping,reporting_parent_railroad_company_code,reporting_parent_railroad_company_name,reporting_railroad_holding_company,maintenance_railroad_company_grouping,maintenance_railroad_class,maintenance_railroad_smt_grouping,maintenance_parent_railroad_company_code,maintenance_parent_railroad_company_name,maintenance_railroad_holding_company,trackdensity,firemenonduty,gxid,contributingaccidentcausecode,contributingaccidentcause,subdivision,signalization_code,signalization,methodofoperation,adjunct_1,adjunctcode1,remote_control_locomotive_code,remotecontrollocomotive,specialstudy1,latitude,longitude,adjunct_2,adjunctcode2,positivealcoholtests,positivedrugtests,specialstudy2,adjunct_3,adjunctcode3,otherrailroadcode,otherrailroadname,otheraccidentnumber,accidentyearother,accidentmonthother,other_railroad_company_grouping,other_railroad_class,other_railroad_smt_grouping,other_parent_railroad_company_code,other_parent_railroad_company_name,other_railroad_holding_company
LI,Long Island Rail Road,1995,EQ950505,95,05,LI,Long Island Rail Road,EQ950505,95,05,16,1995-05-16,10:00 PM,01,Derailment,0.0,0.0,0.0,0.0,SYSTEM,SYSTEM,PINELAWN,32.4,36,NY,NEW YORK,103,SUFFOLK,1,60.0,4,Dark,1,Clear,3,Siding,PINE-AIRE SIDING,1,4,West,1,Freight Train,Yes,RF60,5,Estimated,5,0.0,N,BN,222866,6,Yes,,,,,No,2.0,0.0,0.0,0.0,0.0,0.0,0.0,0.0,0.0,0.0,9.0,0.0,0.0,0.0,0.0,2.0,0.0,0.0,0.0,0.0,999.0,18099.0,19098.0,H702,Switch improperly lined,H702,Switch improperly lined,1,1,1,1,0,1,0,0.0,0.0,0.0,0.0,0.0,0.0,0.0,0.0,0.0,0.0,0.0,0.0,"RF-60 WHILE MAKING YARD MOVE IN PINE-AIRE SIDING, ENGINEER CHARGED WITH FAILURE TO OBSERVE IMPROPERLY LINED SWITCH.NoneNoneNoneNoneNoneNoneNoneNoneNoneNoneNoneNoneNone",Siding,1,3L,3L,1,LIEQ950505199505,LIEQ950505199505,Passenger (Formerly Commuter),Class 3,"SMT-1 - Amtrak and Commuter East, some Tourist/Historic",LI,Long Island Rail Road,Not Assigned,Passenger (Formerly Commuter),Class 3,"SMT-1 - Amtrak and Commuter East, some Tourist/Historic",LI,Long Island Rail Road,Not Assigned,,0,,,,,,,,,,,,,,,,,,,,,,,,,,,,,,,,
LI,Long Island Rail Road,1995,EQ950403,95,04,LI,Long Island Rail Road,EQ950403,95,04,08,1995-04-08,4:58 PM,09,Obstruction,0.0,0.0,0.0,0.0,SYSTEM,SYSTEM,LONG BEACH,6.9,36,NY,NEW YORK,59,NASSAU,1,40.0,2,Day,3,Rain,2,Yard,TRACK #3,1,3,East,2,Passenger Train - Pulling,Yes,6858,5,Estimated,5,0.0,N,LI,009776,1,No,,,,,Yes,1.0,0.0,0.0,0.0,0.0,1.0,0.0,0.0,0.0,0.0,0.0,7.0,0.0,0.0,0.0,0.0,0.0,0.0,0.0,0.0,21.0,10281.0,10302.0,H605,Failure to comply with restricted speed in connection with the restrictive indication of a block or,H605,Failure to comply with restricted speed in connection with the restrictive indication of a block or,1,1,1,7,54,7,54,0.0,0.0,0.0,1.0,0.0,0.0,0.0,1.0,0.0,1.0,0.0,1.0,FAILURE OF ENGINEER TO CONTROL MOVEMENT OF TRAIN.NoneNoneNoneNoneNoneNoneNoneNoneNoneNoneNoneNoneNoneNone,Yard,1,3L,3L,1,LIEQ950403199504,LIEQ950403199504,Passenger (Formerly Commuter),Class 3,"SMT-1 - Amtrak and Commuter East, some Tourist/Historic",LI,Long Island Rail Road,Not Assigned,Passenger (Formerly Commuter),Class 3,"SMT-1 - Amtrak and Commuter East, some Tourist/Historic",LI,Long Island Rail Road,Not Assigned,,0,,,,,,,,,,,,,,,,,,,,,,,,,,,,,,,,
LI,Long Island Rail Road,1995,EQ950216,95,02,LI,Long Island Rail Road,EQ950216,95,02,26,1995-02-26,12:45 AM,09,Obstruction,0.0,0.0,0.0,0.0,SYSTEM,SYSTEM,HEMPSTEAD,19.8,36,NY,NEW YORK,59,NASSAU,1,20.0,4,Dark,6,Snow,2,Yard,HEMPSTEAD YARD #1 TK,1,3,East,7,Yard/switching,Yes,6702,5,Estimated,5,0.0,N,LI,009848,1,No,,,,,No,1.0,0.0,0.0,0.0,0.0,1.0,0.0,0.0,0.0,0.0,0.0,0.0,0.0,7.0,0.0,0.0,0.0,0.0,0.0,0.0,60833.0,4729.0,65562.0,H307,"Shoving movement, man on or at leading end of movement, failure to control",H307,"Shoving movement, man on or at leading end of movement, failure to control",1,1,1,6,0,6,0,0.0,0.0,0.0,0.0,0.0,0.0,0.0,0.0,0.0,0.0,0.0,0.0,FAILURE OF CONDUCTOR TO CONTROL SHOVING MOVEMENT CAUSING TRAIN TO STRIKE BUMPER BLOCK & DERAIL.NoneNoneNoneNoneNoneNoneNoneNoneNoneNoneNoneNoneNoneNone,Yard,1,3L,3L,1,LIEQ950216199502,LIEQ950216199502,Passenger (Formerly Commuter),Class 3,"SMT-1 - Amtrak and Commuter East, some Tourist/Historic",LI,Long Island Rail Road,Not Assigned,Passenger (Formerly Commuter),Class 3,"SMT-1 - Amtrak and Commuter East, some Tourist/Historic",LI,Long Island Rail Road,Not Assigned,,0,,,,,,,,,,,,,,,,,,,,,,,,,,,,,,,,
LI,Long Island Rail Road,1995,GR950203,95,02,LI,Long Island Rail Road,GR950203,95,02,10,1995-02-10,2:46 PM,07,Hwy-rail crossing,0.0,0.0,0.0,0.0,SYSTEM,SYSTEM,SAYVILLE,49.8,36,NY,NEW YORK,103,SUFFOLK,1,40.0,2,Day,1,Clear,1,Main,MONTAUK #1,4,4,West,2,Passenger Train - Pulling,Yes,2741,50,Estimated,50,0.0,OI,LI,000171,1,No,,,,,Yes,1.0,0.0,0.0,0.0,0.0,0.0,0.0,0.0,0.0,0.0,0.0,6.0,0.0,0.0,0.0,0.0,0.0,0.0,0.0,0.0,16020.0,3031.0,19051.0,M304,Highway user cited for violation of highway-rail grade crossing traffic laws,M304,Highway user cited for violation of highway-rail grade crossing traffic laws,1,1,1,1,11,1,11,0.0,0.0,0.0,0.0,0.0,0.0,0.0,0.0,0.0,0.0,0.0,0.0,TRAIN 2741 STRUCK TRACTOR-TRAILER TRUCK WHICH HAD BECOME STUCK ON GRADE CROSSING.NoneNoneNoneNoneNoneNoneNoneNoneNoneNoneNoneNoneNoneNone,Main,4,3L,3L,1,LIGR950203199502,LIGR950203199502,Passenger (Formerly Commuter),Class 3,"SMT-1 - Amtrak and Commuter East, some Tourist/Historic",LI,Long Island Rail Road,Not Assigned,Passenger (Formerly Commuter),Class 3,"SMT-1 - Amtrak and Commuter East, some Tourist/Historic",LI,Long Island Rail Road,Not Assigned,,0,338040K,,,,,,,,,,,,,,,,,,,,,,,,,,,,,,,
LI,Long Island Rail Road,1994,EQ941102,94,11,LI,Long Island Rail Road,EQ941102,94,11,09,1994-11-09,7:15 PM,03,Rear end collision,0.0,0.0,0.0,0.0,SYSTEM,SYSTEM,PORT JEFFERSON,57.0,36,NY,NEW YORK,103,SUFFOLK,1,50.0,4,Dark,1,Clear,2,Yard,YARD TRACK,4,3,East,2,Passenger Train - Pulling,Yes,662,10,Estimated,10,0.0,N,LI,000274,1,No,,,,,No,1.0,0.0,0.0,0.0,0.0,0.0,0.0,0.0,0.0,0.0,0.0,0.0,0.0,7.0,0.0,0.0,0.0,0.0,0.0,0.0,1012270.0,3227.0,1016490.0,H307,"Shoving movement, man on or at leading end of movement, failure to control",H307,"Shoving movement, man on or at leading end of movement, failure to control",1,1,1,4,0,4,0,0.0,0.0,0.0,0.0,0.0,0.0,0.0,0.0,0.0,0.0,0.0,0.0,"CREW FROM TRAIN 662 FAILED TO CONTROL YARD MOVE, CAUSING COLLISION WITH TRAIN 660.NoneNoneNoneNoneNoneNoneNoneNoneNoneNoneNoneNoneNoneNone",Yard,4,3L,3L,1,LIEQ941102199411,LIEQ941102199411,Passenger (Formerly Commuter),Class 3,"SMT-1 - Amtrak and Commuter East, some Tourist/Historic",LI,Long Island Rail Road,Not Assigned,Passenger (Formerly Commuter),Class 3,"SMT-1 - Amtrak and Commuter East, some Tourist/Historic",LI,Long Island Rail Road,Not Assigned,,0,,,,,,,,,,,,,,,,,,,,,,,,,,,,,,,,
LI,Long Island Rail Road,1994,EQ941102,94,11,LI,Long Island Rail Road,EQ941102,94,11,09,1994-11-09,7:15 PM,03,Rear end collision,0.0,0.0,0.0,0.0,SYSTEM,SYSTEM,PORT JEFFERSON,57.0,36,NY,NEW YORK,103,SUFFOLK,1,50.0,4,Dark,1,Clear,2,Yard,YARD TRACK,4,3,East,2,Passenger Train - Pulling,No,660,0,Estimated,10,0.0,N,LI,000301,1,No,,,,,No,1.0,0.0,0.0,1.0,0.0,0.0,0.0,0.0,0.0,0.0,0.0,0.0,0.0,8.0,0.0,0.0,0.0,0.0,0.0,0.0,1000.0,0.0,1016490.0,H307,"Shoving movement, man on or at leading end of movement, failure to control",H307,"Shoving movement, man on or at leading end of movement, failure to control",0,0,0,,,,,0.0,0.0,0.0,0.0,0.0,0.0,0.0,0.0,0.0,0.0,0.0,0.0,"TRAIN 660 WAS LAYED UP IN PORT JEFFERSON YARD, UNATTENDED. TRAIN 662 FAILED TO CONTROL YARD MOVEMENT& SUBSEQUENTLY COLLIDED INTO TRAIN 660.NoneNoneNoneNoneNoneNoneNoneNoneNoneNoneNoneNoneNone",Yard,4,3L,3L,3,LIEQ941102199411,LIEQ941102199411,Passenger (Formerly Commuter),Class 3,"SMT-1 - Amtrak and Commuter East, some Tourist/Historic",LI,Long Island Rail Road,Not Assigned,Passenger (Formerly Commuter),Class 3,"SMT-1 - Amtrak and Commuter East, some Tourist/Historic",LI,Long Island Rail Road,Not Assigned,,0,,,,,,,,,,,,,,,,,,,,,,,,,,,,,,,,
LI,Long Island Rail Road,1994,GR941101,94,11,LI,Long Island Rail Road,GR941101,94,11,19,1994-11-19,3:01 AM,07,Hwy-rail crossing,0.0,0.0,0.0,0.0,SYSTEM,SYSTEM,CEDARHURST,3.2,36,NY,NEW YORK,59,NASSAU,1,40.0,4,Dark,1,Clear,1,Main,MAIN TRACK,4,4,West,2,Passenger Train - Pulling,Yes,5881,35,Estimated,35,0.0,I,LI,009936,2,No,,,,,No,1.0,0.0,0.0,0.0,0.0,0.0,0.0,0.0,0.0,0.0,0.0,0.0,0.0,5.0,0.0,0.0,0.0,0.0,0.0,0.0,8721.0,110.0,8831.0,M304,Highway user cited for violation of highway-rail grade crossing traffic laws,M304,Highway user cited for violation of highway-rail grade crossing traffic laws,1,1,1,2,56,2,56,0.0,0.0,0.0,0.0,0.0,0.0,0.0,0.0,0.0,0.0,0.0,0.0,"HWY USER INATTENTIVENESS (FELL ASLEEP AT WHEEL) AT GRADE CROSSING CAUSED AUTO TO GO THRU CROSSING &ULTIMATELY STRUCK TRAIN 5881, CAR 9936. (HWY USER HAD NON-REPORTABLE INJURY).NoneNoneNoneNoneNoneNoneNoneNoneNoneNoneNoneNoneNone",Main,4,3L,3L,1,LIGR941101199411,LIGR941101199411,Passenger (Formerly Commuter),Class 3,"SMT-1 - Amtrak and Commuter East, some Tourist/Historic",LI,Long Island Rail Road,Not Assigned,Passenger (Formerly Commuter),Class 3,"SMT-1 - Amtrak and Commuter East, some Tourist/Historic",LI,Long Island Rail Road,Not Assigned,,0,338379C,,,,,,,,,,,,,,,,,,,,,,,,,,,,,,,
LI,Long Island Rail Road,1994,EQ941101,94,11,LI,Long Island Rail Road,EQ941101,94,11,08,1994-11-08,3:38 PM,01,Derailment,0.0,0.0,0.0,0.0,SYSTEM,SYSTEM,CENTER MORICHES,64.6,36,NY,NEW YORK,103,SUFFOLK,1,55.0,3,Dusk,2,Cloudy,1,Main,MAIN,4,3,East,5,Single Car,No,TC06,5,Estimated,5,0.0,O,LIRR,000060,1,,LIRR,000060,1,,No,0.0,0.0,0.0,0.0,0.0,0.0,0.0,0.0,0.0,0.0,0.0,0.0,0.0,1.0,0.0,0.0,0.0,0.0,1.0,0.0,0.0,6300.0,6300.0,E99C,"Other mechanical and electrical failures, (CAR) (Provide detailed description in narrative)",E99C,"Other mechanical and electrical failures, (CAR) (Provide detailed description in narrative)",0,0,0,,,,,0.0,1.0,0.0,0.0,0.0,0.0,0.0,1.0,0.0,1.0,0.0,1.0,"THE ""GAGE COMP"" ROLLER PORTION OF THE MACHINE (TRK CAR TC-060) LOWERED BELOW THE RUNNING RAIL, CAUSING TRK CAR TO HIT CROSSING END APPROACH PLATE. TRK CAR SUBSEQUENTLY DERAILED, CAUSING TRK DAMAGE.NoneNoneNoneNoneNoneNoneNoneNoneNoneNoneNoneNoneNone",Main,4,3L,3L,1,LIEQ941101199411,LIEQ941101199411,Passenger (Formerly Commuter),Class 3,"SMT-1 - Amtrak and Commuter East, some Tourist/Historic",LI,Long Island Rail Road,Not Assigned,Passenger (Formerly Commuter),Class 3,"SMT-1 - Amtrak and Commuter East, some Tourist/Historic",LI,Long Island Rail Road,Not Assigned,,0,,,,,,,,,,,,,,,,,,,,,,,,,,,,,,,,
LI,Long Island Rail Road,1994,EQ941009,94,10,LI,Long Island Rail Road,EQ941009,94,10,30,1994-10-30,8:18 PM,09,Obstruction,0.0,0.0,0.0,0.0,SYSTEM,SYSTEM,BRENTWOOD,41.0,36,NY,NEW YORK,103,SUFFOLK,1,60.0,4,Dark,1,Clear,1,Main,MAIN LINE TRACK 2,4,3,East,2,Passenger Train - Pulling,Yes,8064,60,Estimated,60,0.0,DGI,LI,009922,1,Yes,,,,,Yes,1.0,0.0,0.0,0.0,0.0,0.0,0.0,0.0,0.0,0.0,0.0,7.0,0.0,0.0,0.0,0.0,0.0,0.0,0.0,0.0,106355.0,132.0,106487.0,M503,"Vandalism of track or track appliances, e.g., objects  placed on track, switch thrown, etc.",M503,"Vandalism of track or track appliances, e.g., objects  placed on track, switch thrown, etc.",1,1,1,4,0,4,0,0.0,0.0,0.0,0.0,0.0,0.0,0.0,0.0,0.0,0.0,0.0,0.0,TRAIN 8064 STRUCK DEBRIS PLACED ON TRACKS BY VANDALS.NoneNoneNoneNoneNoneNoneNoneNoneNoneNoneNoneNoneNoneNone,Main,4,3L,3L,1,LIEQ941009199410,LIEQ941009199410,Passenger (Formerly Commuter),Class 3,"SMT-1 - Amtrak and Commuter East, some Tourist/Historic",LI,Long Island Rail Road,Not Assigned,Passenger (Formerly Commuter),Class 3,"SMT-1 - Amtrak and Commuter East, some Tourist/Historic",LI,Long Island Rail Road,Not Assigned,,0,,,,,,,,,,,,,,,,,,,,,,,,,,,,,,,,
LI,Long Island Rail Road,1994,EQ941007,94,10,LI,Long Island Rail Road,EQ941007,94,10,24,1994-10-24,4:08 PM,01,Derailment,0.0,0.0,0.0,0.0,SYSTEM,SYSTEM,PATCHOGUE,54.0,36,NY,NEW YORK,103,SUFFOLK,1,65.0,2,Day,1,Clear,3,Siding,SCHOOLHOUSE TRACK,1,4,West,5,Single Car,No,030,5,Estimated,5,0.0,N,LI,000030,1,No,,,,,No,0.0,0.0,0.0,0.0,0.0,0.0,0.0,0.0,0.0,0.0,0.0,0.0,1.0,0.0,0.0,0.0,0.0,1.0,0.0,0.0,10766.0,0.0,10766.0,T101,Cross level of track irregular (at joints),T101,Cross level of track irregular (at joints),0,0,0,,,,,0.0,0.0,0.0,0.0,0.0,0.0,0.0,0.0,0.0,0.0,0.0,0.0,TRACK CONDITION OF LOW RAIL JOINT CAUSED WHEEL LIFT ON TRACK CAR 030 AND TRUCK TO DROP INSIDE RAIL.NoneNoneNoneNoneNoneNoneNoneNoneNoneNoneNoneNoneNoneNone,Siding,1,3L,3L,1,LIEQ941007199410,LIEQ941007199410,Passenger (Formerly Commuter),Class 3,"SMT-1 - Amtrak and Commuter East, some Tourist/Historic",LI,Long Island Rail Road,Not Assigned,Passenger (Formerly Commuter),Class 3,"SMT-1 - Amtrak and Commuter East, some Tourist/Historic",LI,Long Island Rail Road,Not Assigned,,0,,,,,,,,,,,,,,,,,,,,,,,,,,,,,,,,
LI,Long Island Rail Road,1994,EQ940911,94,09,LI,Long Island Rail Road,EQ940911,94,09,25,1994-09-25,7:19 PM,09,Obstruction,0.0,0.0,0.0,0.0,SYSTEM,SYSTEM,CENTRAL ISLIP,43.0,36,NY,NEW YORK,103,SUFFOLK,1,62.0,4,Dark,1,Clear,1,Main,MAIN LINE,4,4,West,2,Passenger Train - Pulling,Yes,8065,60,Estimated,60,0.0,DGI,LI,009644,4,Yes,,,,,Yes,1.0,0.0,0.0,0.0,0.0,0.0,0.0,0.0,0.0,0.0,0.0,7.0,0.0,0.0,0.0,0.0,0.0,0.0,0.0,0.0,153418.0,0.0,153418.0,M503,"Vandalism of track or track appliances, e.g., objects  placed on track, switch thrown, etc.",M503,"Vandalism of track or track appliances, e.g., objects  placed on track, switch thrown, etc.",1,1,1,8,39,8,39,0.0,3.0,0.0,1.0,0.0,0.0,0.0,4.0,0.0,4.0,0.0,4.0,"TRAIN STRUCK DEBRIS PLACED ON TRACK BY VANDALS, CAUSING FIRE TO CAR 9644.NoneNoneNoneNoneNoneNoneNoneNoneNoneNoneNoneNoneNoneNone",Main,4,3L,3L,1,LIEQ940911199409,LIEQ940911199409,Passenger (Formerly Commuter),Class 3,"SMT-1 - Amtrak and Commuter East, some Tourist/Historic",LI,Long Island Rail Road,Not Assigned,Passenger (Formerly Commuter),Class 3,"SMT-1 - Amtrak and Commuter East, some Tourist/Historic",LI,Long Island Rail Road,Not Assigned,,0,,,,,,,,,,,,,,,,,,,,,,,,,,,,,,,,
LI,Long Island Rail Road,1994,EQ940805,94,08,LI,Long Island Rail Road,EQ940805,94,08,17,1994-08-17,6:30 PM,09,Obstruction,0.0,0.0,0.0,0.0,SYSTEM,SYSTEM,PORT JEFFERSON,57.5,36,NY,NEW YORK,103,SUFFOLK,1,60.0,4,Dark,1,Clear,2,Yard,WEST LEG OF WYE,1,3,East,8,Light loco(s),Yes,254,5,Estimated,5,0.0,N,LI,000254,1,No,,,,,No,1.0,0.0,0.0,0.0,0.0,0.0,0.0,0.0,0.0,0.0,0.0,0.0,0.0,0.0,0.0,0.0,0.0,0.0,0.0,0.0,4826.0,2202.0,7028.0,H605,Failure to comply with restricted speed in connection with the restrictive indication of a block or,H605,Failure to comply with restricted speed in connection with the restrictive indication of a block or,1,1,1,4,48,4,48,0.0,0.0,0.0,0.0,0.0,0.0,0.0,0.0,0.0,0.0,0.0,0.0,"ENGINEER FAILED TO CONTROL MOVEMENT OF LOCOMOTIVE UNDER RESTRICTED SPEED, CAUSING IT TO STRIKE BUMPER BLOCK.NoneNoneNoneNoneNoneNoneNoneNoneNoneNoneNoneNoneNone",Yard,1,3L,3L,1,LIEQ940805199408,LIEQ940805199408,Passenger (Formerly Commuter),Class 3,"SMT-1 - Amtrak and Commuter East, some Tourist/Historic",LI,Long Island Rail Road,Not Assigned,Passenger (Formerly Commuter),Class 3,"SMT-1 - Amtrak and Commuter East, some Tourist/Historic",LI,Long Island Rail Road,Not Assigned,,0,,,,,,,,,,,,,,,,,,,,,,,,,,,,,,,,
LI,Long Island Rail Road,1994,EQ940507,94,05,LI,Long Island Rail Road,EQ940507,94,05,18,1994-05-18,9:40 PM,02,Head on collision,0.0,0.0,0.0,0.0,SYSTEM,SYSTEM,BABYLON,36.6,36,NY,NEW YORK,103,SUFFOLK,1,55.0,4,Dark,3,Rain,2,Yard,YARD TRACK #12,1,3,East,6,Cut of cars,Yes,YE31,5,Estimated,5,0.0,N,LI,009500,1,No,,,,,No,0.0,0.0,0.0,0.0,0.0,0.0,0.0,0.0,0.0,0.0,0.0,0.0,0.0,6.0,0.0,0.0,0.0,0.0,0.0,0.0,0.0,0.0,20000.0,H307,"Shoving movement, man on or at leading end of movement, failure to control",H307,"Shoving movement, man on or at leading end of movement, failure to control",1,1,0,5,40,5,40,0.0,1.0,0.0,0.0,0.0,0.0,0.0,1.0,0.0,1.0,0.0,1.0,"CONDUCTOR FAILED TO CONTROL SHOVING MOVEMENT IN YARD, WHILE IN PROCESS OF COUPLING EQUIPMENT, CONDUCTOR CLAIMED INJURY AS RESULT OF INCIDENT.NoneNoneNoneNoneNoneNoneNoneNoneNoneNoneNoneNoneNone",Yard,1,3L,3L,1,LIEQ940507199405,LIEQ940507199405,Passenger (Formerly Commuter),Class 3,"SMT-1 - Amtrak and Commuter East, some Tourist/Historic",LI,Long Island Rail Road,Not Assigned,Passenger (Formerly Commuter),Class 3,"SMT-1 - Amtrak and Commuter East, some Tourist/Historic",LI,Long Island Rail Road,Not Assigned,,0,,,,,,,,,,,,,,,,,,,,,,,,,,,,,,,,
LI,Long Island Rail Road,1994,EQ940507,94,05,LI,Long Island Rail Road,EQ940507,94,05,18,1994-05-18,9:40 PM,02,Head on collision,0.0,0.0,0.0,0.0,SYSTEM,SYSTEM,BABYLON,36.6,36,NY,NEW YORK,103,SUFFOLK,1,55.0,4,Dark,3,Rain,2,Yard,YARD TRACK #12,1,3,East,6,Cut of cars,Yes,YE31,5,Estimated,5,0.0,N,LI,009941,1,No,,,,,No,0.0,0.0,0.0,0.0,0.0,0.0,0.0,0.0,0.0,0.0,0.0,0.0,0.0,6.0,0.0,0.0,0.0,0.0,0.0,0.0,20000.0,0.0,20000.0,H307,"Shoving movement, man on or at leading end of movement, failure to control",H307,"Shoving movement, man on or at leading end of movement, failure to control",1,1,0,5,40,5,40,0.0,0.0,0.0,0.0,0.0,0.0,0.0,1.0,0.0,1.0,0.0,0.0,"CONDUCTOR FAILED TO CONTROL SHOVING MOVEMENT IN YARD, WHILE IN PROCESS OF COUPLING EQUIPMENT, CONDUCTOR CLAIMED INJURY AS RESULT OF INCIDENT.NoneNoneNoneNoneNoneNoneNoneNoneNoneNoneNoneNoneNone",Yard,1,3L,3L,3,LIEQ940507199405,LIEQ940507199405,Passenger (Formerly Commuter),Class 3,"SMT-1 - Amtrak and Commuter East, some Tourist/Historic",LI,Long Island Rail Road,Not Assigned,Passenger (Formerly Commuter),Class 3,"SMT-1 - Amtrak and Commuter East, some Tourist/Historic",LI,Long Island Rail Road,Not Assigned,,0,,,,,,,,,,,,,,,,,,,,,,,,,,,,,,,,
LI,Long Island Rail Road,1994,GR940401,94,04,LI,Long Island Rail Road,GR940401,94,04,29,1994-04-29,6:25 PM,07,Hwy-rail crossing,0.0,0.0,0.0,0.0,SYSTEM,SYSTEM,OCEANSIDE,3.4,36,NY,NEW YORK,59,NASSAU,1,60.0,2,Day,3,Rain,1,Main,LONG BEACH #1 TRACK,3,4,West,2,Passenger Train - Pulling,Yes,3857,50,Estimated,50,0.0,DGI,LI,009445,1,No,,,,,Yes,9.0,1.0,0.0,0.0,0.0,0.0,0.0,0.0,0.0,0.0,0.0,0.0,0.0,0.0,0.0,0.0,0.0,0.0,0.0,0.0,57545.0,11150.0,68695.0,M302,Highway user inattentiveness,M302,Highway user inattentiveness,1,1,1,2,0,2,0,0.0,0.0,0.0,0.0,1.0,0.0,1.0,0.0,1.0,0.0,0.0,0.0,MOTOR VEHICLE WENT AROUND LOWERED GATES AND WAS STRUCK BY TRAIN.NoneNoneNoneNoneNoneNoneNoneNoneNoneNoneNoneNoneNoneNone,Main,3,3L,3L,1,LIGR940401199404,LIGR940401199404,Passenger (Formerly Commuter),Class 3,"SMT-1 - Amtrak and Commuter East, some Tourist/Historic",LI,Long Island Rail Road,Not Assigned,Passenger (Formerly Commuter),Class 3,"SMT-1 - Amtrak and Commuter East, some Tourist/Historic",LI,Long Island Rail Road,Not Assigned,,0,338359R,,,,,,,,,,,,,,,,,,,,,,,,,,,,,,,
LI,Long Island Rail Road,1994,EQ940211,94,02,LI,Long Island Rail Road,EQ940211,94,02,14,1994-02-14,4:02 AM,01,Derailment,0.0,0.0,0.0,0.0,SYSTEM,SYSTEM,FARMINGDALE,30.6,36,NY,NEW YORK,59,NASSAU,1,28.0,4,Dark,1,Clear,3,Siding,FARMINGDALE SIDING,4,3,East,4,Work train,Yes,SNOW,5,Estimated,5,0.0,F,LI,009590,1,No,,,,,No,6.0,0.0,0.0,0.0,0.0,1.0,0.0,0.0,0.0,0.0,0.0,0.0,0.0,0.0,0.0,0.0,0.0,0.0,0.0,0.0,760.0,6247.0,7007.0,M101,"Snow, ice, mud, gravel, coal, sand, etc. on track",M101,"Snow, ice, mud, gravel, coal, sand, etc. on track",1,1,0,4,0,4,0,0.0,0.0,0.0,0.0,0.0,0.0,0.0,0.0,0.0,0.0,0.0,0.0,ICE AND SNOW BUILD-UP BETWEEN RUNNING RAILS AND WHEELS CAUSED TRAIN TO SLIDE OVER DERAIL.NoneNoneNoneNoneNoneNoneNoneNoneNoneNoneNoneNoneNoneNone,Siding,4,3L,3L,1,LIEQ940211199402,LIEQ940211199402,Passenger (Formerly Commuter),Class 3,"SMT-1 - Amtrak and Commuter East, some Tourist/Historic",LI,Long Island Rail Road,Not Assigned,Passenger (Formerly Commuter),Class 3,"SMT-1 - Amtrak and Commuter East, some Tourist/Historic",LI,Long Island Rail Road,Not Assigned,,0,,,,,,,,,,,,,,,,,,,,,,,,,,,,,,,,