reportingrailroadcode,reportingrailroadname,report_year,incidentnumber,accidentyear,accidentmonth,maintenancerailroadcode,maintenancerailroadname,maintenanceaccidentnumber,maintenanceaccidentyear,maintenanceaccidentmonth,day,date,time,accident_type_code,accidenttype,hazmatcars,hazmatcarsdamaged,hazmatreleasedcars,personsevacuated,divisioncode,division,station,milepost,statecode,stateabbr,statename,countycode,countyname,district,temperature,visibilitycode,visibility,weather_condition_code,weathercondition,track_type_code,tracktype,trackname,trackclass,train_direction_code,traindirection,equipment_type_code,equipmenttype,equipmentattended,trainnumber,trainspeed,recordedestimatedspeed,maximumspeed,grosstonnage,method_of_operation_code,firstcarinitials,firstcarnumber,firstcarposition,firstcarloaded,causingcarinitials,causingcarnumber,causingcarposition,causingcarloaded,passengerstransported,headendlocomotives,midtrainmanuallocomotives,midtrainremotelocomotives,rearendmanuallocomotives,rearendremotelocomotives,derailedheadendlocomotives,derailedmidtrainmanuallo,derailedmidtrainremotelo,derailedrearendmanualloc,derailedrearendremoteloc,loadedfreightcars,loadedpassengercars,emptyfreightcars,emptypassengercars,cabooses,derailedloadedfreightcars,derailedloadedpassengercars,derailedemptyfreightcars,derailedemptypassengercars,derailedcabooses,equipmentdamagecost,trackdamagecost,totaldamagecost,primaryaccidentcausecode,primaryaccidentcause,accidentcausecode,accidentcause,engineersonduty,conductorsonduty,brakemenonduty,hoursengineersonduty,minutesengineersonduty,hoursconductorsonduty,minutesconductorsonduty,railroademployeeskilled,railroademployeesinjured,passengerskilled,passengersinjured,otherskilled,othersinjured,personskilledforreportin,personsinjuredforreporti,totalpersonskilled,totalpersonsinjured,totalkilledform54,totalinjuredform54,narrative,jointtracktype,jointtrackclass,classcode,class,jointcd,incidentkey,reportkey,reporting_railroad_company_grouping,reporting_railroad_class,reporting_railroad_smt_grouping,reporting_parent_railroad_company_code,reporting_parent_railroad_company_name,reporting_railroad_holding_company,maintenance_railroad_company_grouping,maintenance_railroad_class,maintenance_railroad_smt_grouping,maintenance_parent_railroad_company_code,maintenance_parent_railroad_company_name,maintenance_railroad_holding_company,trackdensity,firemenonduty,gxid,contributingaccidentcausecode,contributingaccidentcause,subdivision,signalization_code,signalization,methodofoperation,adjunct_1,adjunctcode1,remote_control_locomotive_code,remotecontrollocomotive,specialstudy1,latitude,longitude,adjunct_2,adjunctcode2,positivealcoholtests,positivedrugtests,specialstudy2,adjunct_3,adjunctcode3,otherrailroadcode,otherrailroadname,otheraccidentnumber,accidentyearother,accidentmonthother,other_railroad_company_grouping,other_railroad_class,other_railroad_smt_grouping,other_parent_railroad_company_code,other_parent_railroad_company_name,other_railroad_holding_company
LI,Long Island Rail Road,1994,O940202,94,02,LI,Long Island Rail Road,O940202,94,02,23,1994-02-23,12:55 AM,11,Fire/violent rupture,0.0,0.0,0.0,0.0,SYSTEM,SYSTEM,NEW HYDE PARK,17.0,36,NY,NEW YORK,59,NASSAU,1,36.0,4,Dark,1,Clear,1,Main,MAIN LINE #2,4,3,East,2,Passenger Train - Pulling,Yes,2000,80,Estimated,80,0.0,DG,LI,009435,2,Yes,LI,009435,2,Yes,Yes,8.0,0.0,0.0,0.0,0.0,0.0,0.0,0.0,0.0,0.0,0.0,0.0,0.0,0.0,0.0,0.0,0.0,0.0,0.0,0.0,116940.0,0.0,116940.0,E99C,"Other mechanical and electrical failures, (CAR) (Provide detailed description in narrative)",E99C,"Other mechanical and electrical failures, (CAR) (Provide detailed description in narrative)",1,1,1,9,19,9,19,0.0,0.0,0.0,0.0,0.0,0.0,0.0,0.0,0.0,0.0,0.0,0.0,"THE CAUSE OF THE FIRE IS UNDETERMINED AT THIS TIME. M OF E PERSONNEL ARE EXPLORING THEORY THAT ELECTRICAL CURRENT FROM THIRD RAIL ""TRACKING"" ALONG CONTACT SHOE BEAM ENERGIZED THE ENTIRE TRACK.NoneNoneNoneNoneNoneNoneNoneNoneNoneNoneNoneNoneNone",Main,4,3L,3L,1,LIO940202199402,LIO940202199402,Passenger (Formerly Commuter),Class 3,"SMT-1 - Amtrak and Commuter East, some Tourist/Historic",LI,Long Island Rail Road,Not Assigned,Passenger (Formerly Commuter),Class 3,"SMT-1 - Amtrak and Commuter East, some Tourist/Historic",LI,Long Island Rail Road,Not Assigned,,0,,,,,,,,,,,,,,,,,,,,,,,,,,,,,,,,
LI,Long Island Rail Road,1994,EQ940203,94,02,LI,Long Island Rail Road,EQ940203,94,02,11,1994-02-11,7:55 AM,01,Derailment,0.0,0.0,0.0,0.0,SYSTEM,SYSTEM,GREAT NECK,13.9,36,NY,NEW YORK,59,NASSAU,1,15.0,2,Day,6,Snow,3,Siding,POCKET TRACK,4,4,West,2,Passenger Train - Pulling,Yes,3304,0,Estimated,0,0.0,F,LI,009865,10,No,,,,,Yes,9.0,1.0,0.0,0.0,0.0,1.0,0.0,0.0,0.0,0.0,0.0,0.0,0.0,0.0,0.0,0.0,0.0,0.0,0.0,0.0,421.0,16863.0,17284.0,M101,"Snow, ice, mud, gravel, coal, sand, etc. on track",M101,"Snow, ice, mud, gravel, coal, sand, etc. on track",1,1,1,6,23,6,23,0.0,0.0,0.0,0.0,0.0,0.0,0.0,0.0,0.0,0.0,0.0,0.0,ICE AND SNOW BUILD-UP BETWEEN RUNNING RAILS AND WHEELS CAUSED EQUIPMENT TO SLIDE ON DESCENDING GRADE. CREW PROPERLY PLACED EQUIPMENT IN CLEAR AND PLACED IT IN EMERGENCY POSITION.NoneNoneNoneNoneNoneNoneNoneNoneNoneNoneNoneNoneNone,Siding,4,3L,3L,1,LIEQ940203199402,LIEQ940203199402,Passenger (Formerly Commuter),Class 3,"SMT-1 - Amtrak and Commuter East, some Tourist/Historic",LI,Long Island Rail Road,Not Assigned,Passenger (Formerly Commuter),Class 3,"SMT-1 - Amtrak and Commuter East, some Tourist/Historic",LI,Long Island Rail Road,Not Assigned,,0,,,,,,,,,,,,,,,,,,,,,,,,,,,,,,,,
LI,Long Island Rail Road,1994,EQ940204,94,02,LI,Long Island Rail Road,EQ940204,94,02,13,1994-02-13,1:00 AM,09,Obstruction,0.0,0.0,0.0,0.0,SYSTEM,SYSTEM,HEMPSTEAD,19.8,36,NY,NEW YORK,59,NASSAU,1,30.0,4,Dark,5,Sleet,1,Main,STATION TRACK #5,4,3,East,7,Yard/switching,Yes,XTRA,3,Estimated,3,0.0,N,LI,009332,8,No,,,,,No,8.0,0.0,0.0,0.0,0.0,1.0,0.0,0.0,0.0,0.0,0.0,0.0,0.0,0.0,0.0,0.0,0.0,0.0,0.0,0.0,51236.0,8606.0,59842.0,M101,"Snow, ice, mud, gravel, coal, sand, etc. on track",M101,"Snow, ice, mud, gravel, coal, sand, etc. on track",1,1,1,7,0,7,0,0.0,0.0,0.0,0.0,0.0,0.0,0.0,0.0,0.0,0.0,0.0,0.0,"DUE TO ICE CONDITIONS ON RUNNING RAILS CAUSED BY FREEZING RAIL, TRAIN SLID INTO BUMPING BLOCK WHILEBEING SHOVED EAST CAUSING REAR CAR 9332 TO DERAIL.NoneNoneNoneNoneNoneNoneNoneNoneNoneNoneNoneNoneNone",Main,4,3L,3L,1,LIEQ940204199402,LIEQ940204199402,Passenger (Formerly Commuter),Class 3,"SMT-1 - Amtrak and Commuter East, some Tourist/Historic",LI,Long Island Rail Road,Not Assigned,Passenger (Formerly Commuter),Class 3,"SMT-1 - Amtrak and Commuter East, some Tourist/Historic",LI,Long Island Rail Road,Not Assigned,,0,,,,,,,,,,,,,,,,,,,,,,,,,,,,,,,,
LI,Long Island Rail Road,1994,EQ940205,94,02,LI,Long Island Rail Road,EQ940205,94,02,11,1994-02-11,11:15 AM,01,Derailment,0.0,0.0,0.0,0.0,SYSTEM,SYSTEM,HUNTINGTON,35.4,36,NY,NEW YORK,103,SUFFOLK,1,20.0,2,Day,6,Snow,3,Siding,EXTENSION TRACK,4,3,East,2,Passenger Train - Pulling,Yes,1612,5,Estimated,5,0.0,F,LI,009610,1,No,,,,,Yes,8.0,0.0,0.0,0.0,0.0,1.0,0.0,0.0,0.0,0.0,0.0,0.0,0.0,0.0,0.0,0.0,0.0,0.0,0.0,0.0,2491.0,11635.0,14126.0,M101,"Snow, ice, mud, gravel, coal, sand, etc. on track",M101,"Snow, ice, mud, gravel, coal, sand, etc. on track",1,1,1,8,12,8,12,0.0,0.0,0.0,0.0,0.0,0.0,0.0,0.0,0.0,0.0,0.0,0.0,"DUE TO ICE AND SNOW BUILD-UP BETWEEN RUNNING RAILS AND WHEELS, TRAIN SLID OVER DERAIL. TRAIN HAD BEEN PLACED IN EMERGENCY PRIOR TO GOING OVER DERAIL. EXTENSION HAS DESCENDING GRADE EASTBOUND.NoneNoneNoneNoneNoneNoneNoneNoneNoneNoneNoneNoneNone",Siding,4,3L,3L,1,LIEQ940205199402,LIEQ940205199402,Passenger (Formerly Commuter),Class 3,"SMT-1 - Amtrak and Commuter East, some Tourist/Historic",LI,Long Island Rail Road,Not Assigned,Passenger (Formerly Commuter),Class 3,"SMT-1 - Amtrak and Commuter East, some Tourist/Historic",LI,Long Island Rail Road,Not Assigned,,0,,,,,,,,,,,,,,,,,,,,,,,,,,,,,,,,
LI,Long Island Rail Road,1993,EQ931103,93,11,LI,Long Island Rail Road,EQ931103,93,11,13,1993-11-13,5:08 AM,01,Derailment,0.0,0.0,0.0,0.0,SYSTEM,SYSTEM,SPEONK,71.8,36,NY,NEW YORK,103,SUFFOLK,1,39.0,4,Dark,4,Fog,2,Yard,#1 SPEONK YARD,4,3,East,2,Passenger Train - Pulling,Yes,8731,5,Estimated,5,0.0,N,LI,000254,,No,,,,,No,1.0,0.0,0.0,0.0,1.0,0.0,0.0,0.0,0.0,1.0,0.0,0.0,0.0,6.0,0.0,0.0,0.0,0.0,0.0,0.0,4450.0,4732.0,9182.0,H307,"Shoving movement, man on or at leading end of movement, failure to control",H307,"Shoving movement, man on or at leading end of movement, failure to control",1,1,1,0,25,0,25,0.0,0.0,0.0,0.0,0.0,0.0,0.0,0.0,0.0,0.0,0.0,0.0,CONDUCTOR AND ASS'T CONDUCTOR TOOK RESPONSIBILITY FOR FAILURE TO CONTROL SHOVING MOVE OUT OF YARD.NoneNoneNoneNoneNoneNoneNoneNoneNoneNoneNoneNoneNoneNone,Yard,4,3L,3L,1,LIEQ931103199311,LIEQ931103199311,Passenger (Formerly Commuter),Class 3,"SMT-1 - Amtrak and Commuter East, some Tourist/Historic",LI,Long Island Rail Road,Not Assigned,Passenger (Formerly Commuter),Class 3,"SMT-1 - Amtrak and Commuter East, some Tourist/Historic",LI,Long Island Rail Road,Not Assigned,,0,,,,,,,,,,,,,,,,,,,,,,,,,,,,,,,,
LI,Long Island Rail Road,1993,GR931102,93,11,LI,Long Island Rail Road,GR931102,93,11,25,1993-11-25,2:15 AM,07,Hwy-rail crossing,0.0,0.0,0.0,0.0,SYSTEM,SYSTEM,WYANDANCH,34.7,36,NY,NEW YORK,103,SUFFOLK,1,35.0,4,Dark,3,Rain,1,Main,MAIN LINE,4,3,East,2,Passenger Train - Pulling,Yes,8002,60,Estimated,60,0.0,DGI,LI,009138,1,Yes,,,,,Yes,9.0,1.0,0.0,0.0,0.0,0.0,0.0,0.0,0.0,0.0,0.0,0.0,0.0,0.0,0.0,0.0,0.0,0.0,0.0,0.0,7243.0,1813.0,9056.0,M399,Other causes (Provide detailed description in narrative),M399,Other causes (Provide detailed description in narrative),1,1,1,1,35,1,35,0.0,0.0,0.0,0.0,0.0,0.0,0.0,0.0,0.0,0.0,0.0,0.0,VAN PROCEEDING THROUGH RAILROAD GRADE CROSSING SKIDDED ON SLICK ROAD AND STALLED ON THE CROSSING CAUSING IT TO BE STRUCK BY TRAIN. DRIVER EXITED VAN PRIOR TO TRAIN STRIKING IT.NoneNoneNoneNoneNoneNoneNoneNoneNoneNoneNoneNoneNone,Main,4,3L,3L,1,LIGR931102199311,LIGR931102199311,Passenger (Formerly Commuter),Class 3,"SMT-1 - Amtrak and Commuter East, some Tourist/Historic",LI,Long Island Rail Road,Not Assigned,Passenger (Formerly Commuter),Class 3,"SMT-1 - Amtrak and Commuter East, some Tourist/Historic",LI,Long Island Rail Road,Not Assigned,,0,338160B,,,,,,,,,,,,,,,,,,,,,,,,,,,,,,,
LI,Long Island Rail Road,1994,EQ940108,94,01,LI,Long Island Rail Road,EQ940108,94,01,18,1994-01-18,4:37 AM,02,Head on collision,0.0,0.0,0.0,0.0,SYSTEM,SYSTEM,PORT JEFFERSON,57.5,36,NY,NEW YORK,103,SUFFOLK,1,10.0,4,Dark,6,Snow,2,Yard,#1 EAST YARD,4,3,East,7,Yard/switching,Yes,603,5,Estimated,5,0.0,N,LI,000270,1,No,,,,,No,1.0,0.0,0.0,0.0,1.0,0.0,0.0,0.0,0.0,0.0,0.0,0.0,0.0,3.0,0.0,0.0,0.0,0.0,0.0,0.0,16651.0,0.0,19640.0,H307,"Shoving movement, man on or at leading end of movement, failure to control",H307,"Shoving movement, man on or at leading end of movement, failure to control",1,1,1,0,12,0,12,0.0,0.0,0.0,0.0,0.0,0.0,0.0,2.0,0.0,2.0,0.0,0.0,CONDUCTOR FAILED TO CONTROL SHOVING MOVEMENT CAUSING ONE LOCOMOTIVE TO STRIKE ANOTHER THAT WAS LAYEDUP IN THE YARD.NoneNoneNoneNoneNoneNoneNoneNoneNoneNoneNoneNoneNone,Yard,4,3L,3L,3,LIEQ940108199401,LIEQ940108199401,Passenger (Formerly Commuter),Class 3,"SMT-1 - Amtrak and Commuter East, some Tourist/Historic",LI,Long Island Rail Road,Not Assigned,Passenger (Formerly Commuter),Class 3,"SMT-1 - Amtrak and Commuter East, some Tourist/Historic",LI,Long Island Rail Road,Not Assigned,,0,,,,,,,,,,,,,,,,,,,,,,,,,,,,,,,,
LI,Long Island Rail Road,1994,EQ940108,94,01,LI,Long Island Rail Road,EQ940108,94,01,18,1994-01-18,4:37 AM,02,Head on collision,0.0,0.0,0.0,0.0,SYSTEM,SYSTEM,PORT JEFFERSON,57.5,36,NY,NEW YORK,103,SUFFOLK,1,10.0,4,Dark,6,Snow,2,Yard,#1 EAST YARD,4,3,East,7,Yard/switching,Yes,603,5,Estimated,5,0.0,N,LI,000257,1,No,,,,,No,1.0,0.0,0.0,0.0,1.0,0.0,0.0,0.0,0.0,0.0,0.0,0.0,0.0,5.0,0.0,0.0,0.0,0.0,0.0,0.0,2989.0,0.0,19640.0,H307,"Shoving movement, man on or at leading end of movement, failure to control",H307,"Shoving movement, man on or at leading end of movement, failure to control",1,1,1,0,12,0,12,0.0,2.0,0.0,0.0,0.0,0.0,0.0,2.0,0.0,2.0,0.0,2.0,CONDUCTOR FAILED TO CONTROL SHOVING MOVEMENT CAUSING ONE LOCOMOTIVE TO STRIKE ANOTHER THAT WAS LAYEDUP IN THE YARD.NoneNoneNoneNoneNoneNoneNoneNoneNoneNoneNoneNoneNone,Yard,4,3L,3L,1,LIEQ940108199401,LIEQ940108199401,Passenger (Formerly Commuter),Class 3,"SMT-1 - Amtrak and Commuter East, some Tourist/Historic",LI,Long Island Rail Road,Not Assigned,Passenger (Formerly Commuter),Class 3,"SMT-1 - Amtrak and Commuter East, some Tourist/Historic",LI,Long Island Rail Road,Not Assigned,,0,,,,,,,,,,,,,,,,,,,,,,,,,,,,,,,,
LI,Long Island Rail Road,1993,EQ931003,93,10,LI,Long Island Rail Road,EQ931003,93,10,21,1993-10-21,8:05 AM,01,Derailment,0.0,0.0,0.0,0.0,SYSTEM,SYSTEM,YAPHANK,59.7,36,NY,NEW YORK,103,SUFFOLK,1,50.0,2,Day,3,Rain,3,Siding,ARRIVA SIDING,1,4,West,6,Cut of cars,No,,2,Estimated,2,0.0,N,RDG,484143,9,Yes,,,,,No,0.0,0.0,0.0,0.0,0.0,0.0,0.0,0.0,0.0,0.0,9.0,0.0,0.0,0.0,0.0,3.0,0.0,0.0,0.0,0.0,20000.0,7431.0,27431.0,M504,"Failure by non railroad employee, e.g., industry employee, to control speed of car using hand brake",M504,"Failure by non railroad employee, e.g., industry employee, to control speed of car using hand brake",0,0,0,,,,,0.0,0.0,0.0,0.0,0.0,0.0,0.0,0.0,0.0,0.0,0.0,0.0,EMPLOYEES OF ARRIVA SIDIING ATTEMPTING TO MOVE CARS FOR UNLOADING PURPOSES CAUSED CUT OF CARS TO ROLL OVER DERAILER CAUSING DERAILMENT.NoneNoneNoneNoneNoneNoneNoneNoneNoneNoneNoneNoneNone,Siding,1,3L,3L,1,LIEQ931003199310,LIEQ931003199310,Passenger (Formerly Commuter),Class 3,"SMT-1 - Amtrak and Commuter East, some Tourist/Historic",LI,Long Island Rail Road,Not Assigned,Passenger (Formerly Commuter),Class 3,"SMT-1 - Amtrak and Commuter East, some Tourist/Historic",LI,Long Island Rail Road,Not Assigned,,0,,,,,,,,,,,,,,,,,,,,,,,,,,,,,,,,
LI,Long Island Rail Road,1993,GR931001,93,10,LI,Long Island Rail Road,GR931001,93,10,21,1993-10-21,8:26 AM,07,Hwy-rail crossing,0.0,0.0,0.0,0.0,SYSTEM,SYSTEM,NEW HYDE PARK,16.2,36,NY,NEW YORK,59,NASSAU,1,60.0,2,Day,1,Clear,1,Main,MAIN LINE TRACK #1,4,4,West,2,Passenger Train - Pulling,Yes,1209,70,Estimated,70,0.0,DGI,LI,009593,1,Yes,,,,,Yes,1.0,0.0,0.0,0.0,0.0,0.0,0.0,0.0,0.0,0.0,0.0,8.0,0.0,0.0,0.0,0.0,0.0,0.0,0.0,0.0,26137.0,763.0,26900.0,M399,Other causes (Provide detailed description in narrative),M399,Other causes (Provide detailed description in narrative),1,1,1,2,53,2,53,0.0,0.0,0.0,0.0,1.0,0.0,1.0,0.0,1.0,0.0,0.0,0.0,CAR WAS STUCK AT CROSSING DUE TO HEAVY MOTOR VEHICLE TRAFFIC AT CROSSING (NEW HYDE PARK RD).NoneNoneNoneNoneNoneNoneNoneNoneNoneNoneNoneNoneNoneNone,Main,4,3L,3L,1,LIGR931001199310,LIGR931001199310,Passenger (Formerly Commuter),Class 3,"SMT-1 - Amtrak and Commuter East, some Tourist/Historic",LI,Long Island Rail Road,Not Assigned,Passenger (Formerly Commuter),Class 3,"SMT-1 - Amtrak and Commuter East, some Tourist/Historic",LI,Long Island Rail Road,Not Assigned,,0,338141W,,,,,,,,,,,,,,,,,,,,,,,,,,,,,,,
LI,Long Island Rail Road,1993,EQ931206,93,12,LI,Long Island Rail Road,EQ931206,93,12,13,1993-12-13,8:01 PM,01,Derailment,0.0,0.0,0.0,0.0,SYSTEM,SYSTEM,HUNTINGTON,34.5,36,NY,NEW YORK,59,NASSAU,1,33.0,4,Dark,1,Clear,3,Siding,NORTH SIDE,4,4,West,2,Passenger Train - Pulling,Yes,657,8,Estimated,8,0.0,F,ENG,000271,1,No,,,,,No,1.0,0.0,0.0,0.0,1.0,0.0,0.0,0.0,0.0,1.0,0.0,0.0,0.0,5.0,0.0,0.0,0.0,0.0,1.0,0.0,2483.0,29599.0,32082.0,T111,Wide gage (due to defective or missing spikes or other rail fasteners),T111,Wide gage (due to defective or missing spikes or other rail fasteners),1,1,1,4,31,4,31,0.0,0.0,0.0,0.0,0.0,0.0,0.0,0.0,0.0,0.0,0.0,0.0,DERAILMENT CAUSED BY WIDE GAUGE.NoneNoneNoneNoneNoneNoneNoneNoneNoneNoneNoneNoneNoneNone,Siding,4,3L,3L,1,LIEQ931206199312,LIEQ931206199312,Passenger (Formerly Commuter),Class 3,"SMT-1 - Amtrak and Commuter East, some Tourist/Historic",LI,Long Island Rail Road,Not Assigned,Passenger (Formerly Commuter),Class 3,"SMT-1 - Amtrak and Commuter East, some Tourist/Historic",LI,Long Island Rail Road,Not Assigned,,0,,,,,,,,,,,,,,,,,,,,,,,,,,,,,,,,
LI,Long Island Rail Road,1993,O931201,93,12,LI,Long Island Rail Road,O931201,93,12,28,1993-12-28,6:00 PM,11,Fire/violent rupture,0.0,0.0,0.0,0.0,SYSTEM,SYSTEM,VALLEY STREAM,16.1,36,NY,NEW YORK,59,NASSAU,1,20.0,4,Dark,6,Snow,1,Main,ATLANTIC TRACK #2,4,3,East,2,Passenger Train - Pulling,Yes,868,30,Estimated,30,0.0,F,LI,009318,5,Yes,,,,,Yes,9.0,1.0,0.0,0.0,0.0,0.0,0.0,0.0,0.0,0.0,0.0,0.0,0.0,0.0,0.0,0.0,0.0,0.0,0.0,0.0,10000.0,0.0,10000.0,M406,"Fire, other than vandalism, involving on-track equipment",M406,"Fire, other than vandalism, involving on-track equipment",1,1,1,1,30,1,30,0.0,0.0,0.0,0.0,0.0,0.0,0.0,0.0,0.0,0.0,0.0,0.0,SNOW STORM PRODUCED SIGNIFICANT ACCUMULATION OF SNOW WHICH COMPACTED INTO THE UNDER CARRIAGE ELECTRICAL COMPONENTS THUS CAUSING HEAVY ELECTRICAL ARCING AND FIRE UNDER CAR 9318.NoneNoneNoneNoneNoneNoneNoneNoneNoneNoneNoneNoneNone,Main,4,3L,3L,1,LIO931201199312,LIO931201199312,Passenger (Formerly Commuter),Class 3,"SMT-1 - Amtrak and Commuter East, some Tourist/Historic",LI,Long Island Rail Road,Not Assigned,Passenger (Formerly Commuter),Class 3,"SMT-1 - Amtrak and Commuter East, some Tourist/Historic",LI,Long Island Rail Road,Not Assigned,,0,,,,,,,,,,,,,,,,,,,,,,,,,,,,,,,,
LI,Long Island Rail Road,1993,EQ930802,93,08,LI,Long Island Rail Road,EQ930802,93,08,11,1993-08-11,4:10 AM,12,Other impacts,0.0,0.0,0.0,0.0,SYSTEM,SYSTEM,HEMPSTEAD,19.8,36,NY,NEW YORK,59,NASSAU,1,65.0,4,Dark,1,Clear,2,Yard,TRACK #8 HEMPSTEAD,4,4,West,2,Passenger Train - Pulling,Yes,707,5,Estimated,5,0.0,N,LI,009565,7,No,,,,,Yes,1.0,0.0,9.0,0.0,0.0,0.0,0.0,0.0,0.0,0.0,0.0,0.0,0.0,0.0,0.0,0.0,0.0,0.0,0.0,0.0,56119.0,0.0,56119.0,H307,"Shoving movement, man on or at leading end of movement, failure to control",H307,"Shoving movement, man on or at leading end of movement, failure to control",1,1,1,2,40,2,40,0.0,0.0,0.0,0.0,0.0,0.0,0.0,0.0,0.0,0.0,0.0,0.0,DRILL MOVE PROCEEDING FROM TRACK 5 TO TRACK 7 STRUCK TRAIN 707 AS IT PROCEEDED WESTBOUND OF TRACK #8.NoneNoneNoneNoneNoneNoneNoneNoneNoneNoneNoneNoneNone,Yard,4,3L,3L,1,LIEQ930802199308,LIEQ930802199308,Passenger (Formerly Commuter),Class 3,"SMT-1 - Amtrak and Commuter East, some Tourist/Historic",LI,Long Island Rail Road,Not Assigned,Passenger (Formerly Commuter),Class 3,"SMT-1 - Amtrak and Commuter East, some Tourist/Historic",LI,Long Island Rail Road,Not Assigned,,0,,,,,,,,,,,,,,,,,,,,,,,,,,,,,,,,
LI,Long Island Rail Road,1993,EQ930811,93,08,LI,Long Island Rail Road,EQ930811,93,08,31,1993-08-31,11:56 PM,01,Derailment,0.0,0.0,0.0,0.0,SYSTEM,SYSTEM,YAPHANK,58.6,36,NY,NEW YORK,103,SUFFOLK,1,68.0,4,Dark,1,Clear,3,Siding,GEORGIA PACIFIC SIDI,4,4,West,1,Freight Train,Yes,RF80,0,,0,0.0,N,BM,300859,20,Yes,,,,,No,2.0,0.0,0.0,0.0,0.0,0.0,0.0,0.0,0.0,0.0,18.0,0.0,0.0,0.0,0.0,1.0,0.0,0.0,0.0,0.0,4000.0,35000.0,39000.0,H307,"Shoving movement, man on or at leading end of movement, failure to control",H307,"Shoving movement, man on or at leading end of movement, failure to control",1,1,1,4,56,4,56,0.0,0.0,0.0,0.0,0.0,0.0,0.0,0.0,0.0,0.0,0.0,0.0,BOTH CONDUCTOR AND ENGINEER FAILED TO CONTROL SHOVING MOVEMENT OF TRAIN CAUSING DERAILMENT.NoneNoneNoneNoneNoneNoneNoneNoneNoneNoneNoneNoneNoneNone,Siding,4,3L,3L,1,LIEQ930811199308,LIEQ930811199308,Passenger (Formerly Commuter),Class 3,"SMT-1 - Amtrak and Commuter East, some Tourist/Historic",LI,Long Island Rail Road,Not Assigned,Passenger (Formerly Commuter),Class 3,"SMT-1 - Amtrak and Commuter East, some Tourist/Historic",LI,Long Island Rail Road,Not Assigned,,0,,,,,,,,,,,,,,,,,,,,,,,,,,,,,,,,
LI,Long Island Rail Road,1993,O930602,93,06,LI,Long Island Rail Road,O930602,93,06,07,1993-06-07,4:51 PM,11,Fire/violent rupture,0.0,0.0,0.0,0.0,SYSTEM,SYSTEM,MINEOLA,18.6,36,NY,NEW YORK,59,NASSAU,1,85.0,2,Day,1,Clear,1,Main,MAIN LINE #2,4,3,East,2,Passenger Train - Pulling,Yes,658,0,Estimated,0,0.0,DGIM,LI,002965,2,No,,,,,Yes,1.0,0.0,1.0,0.0,0.0,0.0,0.0,0.0,0.0,0.0,0.0,9.0,0.0,0.0,0.0,0.0,0.0,0.0,0.0,0.0,20000.0,0.0,20000.0,E99C,"Other mechanical and electrical failures, (CAR) (Provide detailed description in narrative)",E99C,"Other mechanical and electrical failures, (CAR) (Provide detailed description in narrative)",1,1,1,4,43,4,43,0.0,0.0,0.0,0.0,0.0,0.0,0.0,0.0,0.0,0.0,0.0,0.0,CAR 2965 (SECOND EAST CAR OF TEN CAR CONSIST) CAUGHT FIRE DUE TO A MALFUNCTION IN THE ENGINE COMPARTMENT (PROVIDES POWER TO CAR) LOCATED IN CAR.NoneNoneNoneNoneNoneNoneNoneNoneNoneNoneNoneNoneNone,Main,4,3L,3L,1,LIO930602199306,LIO930602199306,Passenger (Formerly Commuter),Class 3,"SMT-1 - Amtrak and Commuter East, some Tourist/Historic",LI,Long Island Rail Road,Not Assigned,Passenger (Formerly Commuter),Class 3,"SMT-1 - Amtrak and Commuter East, some Tourist/Historic",LI,Long Island Rail Road,Not Assigned,,0,,,,,,,,,,,,,,,,,,,,,,,,,,,,,,,,
LI,Long Island Rail Road,1993,O930602,93,06,LI,Long Island Rail Road,O930602,93,06,07,1993-06-07,4:51 PM,11,Fire/violent rupture,0.0,0.0,0.0,0.0,SYSTEM,SYSTEM,MINEOLA,18.6,36,NY,NEW YORK,59,NASSAU,1,85.0,2,Day,1,Clear,1,Main,MAIN LINE #2,4,3,East,2,Passenger Train - Pulling,Yes,658,0,Estimated,0,0.0,DGIM,LI,002965,2,No,,,,,Yes,1.0,0.0,1.0,0.0,0.0,0.0,0.0,0.0,0.0,0.0,0.0,9.0,0.0,0.0,0.0,0.0,0.0,0.0,0.0,0.0,20000.0,0.0,20000.0,E99C,"Other mechanical and electrical failures, (CAR) (Provide detailed description in narrative)",E99C,"Other mechanical and electrical failures, (CAR) (Provide detailed description in narrative)",1,1,1,4,43,4,43,0.0,0.0,0.0,0.0,0.0,0.0,0.0,0.0,0.0,0.0,0.0,0.0,CAR 2965 (SECOND EAST CAR OF TEN CAR CONSIST) CAUGHT FIRE DUE TO A MALFUNCTION IN THE ENGINE COMPARTMENT (PROVIDES POWER TO CAR) LOCATED IN CAR.NoneNoneNoneNoneNoneNoneNoneNoneNoneNoneNoneNoneNone,Main,4,3L,3L,1,LIO930602199306,LIO930602199306,Passenger (Formerly Commuter),Class 3,"SMT-1 - Amtrak and Commuter East, some Tourist/Historic",LI,Long Island Rail Road,Not Assigned,Passenger (Formerly Commuter),Class 3,"SMT-1 - Amtrak and Commuter East, some Tourist/Historic",LI,Long Island Rail Road,Not Assigned,,0,,,,,,,,,,,,,,,,,,,,,,,,,,,,,,,,