reportingrailroadcode,reportingrailroadname,report_year,incidentnumber,accidentyear,accidentmonth,maintenancerailroadcode,maintenancerailroadname,maintenanceaccidentnumber,maintenanceaccidentyear,maintenanceaccidentmonth,day,date,time,accident_type_code,accidenttype,hazmatcars,hazmatcarsdamaged,hazmatreleasedcars,personsevacuated,divisioncode,division,station,milepost,statecode,stateabbr,statename,countycode,countyname,district,temperature,visibilitycode,visibility,weather_condition_code,weathercondition,track_type_code,tracktype,trackname,trackclass,train_direction_code,traindirection,equipment_type_code,equipmenttype,equipmentattended,trainnumber,trainspeed,recordedestimatedspeed,maximumspeed,grosstonnage,method_of_operation_code,firstcarinitials,firstcarnumber,firstcarposition,firstcarloaded,causingcarinitials,causingcarnumber,causingcarposition,causingcarloaded,passengerstransported,headendlocomotives,midtrainmanuallocomotives,midtrainremotelocomotives,rearendmanuallocomotives,rearendremotelocomotives,derailedheadendlocomotives,derailedmidtrainmanuallo,derailedmidtrainremotelo,derailedrearendmanualloc,derailedrearendremoteloc,loadedfreightcars,loadedpassengercars,emptyfreightcars,emptypassengercars,cabooses,derailedloadedfreightcars,derailedloadedpassengercars,derailedemptyfreightcars,derailedemptypassengercars,derailedcabooses,equipmentdamagecost,trackdamagecost,totaldamagecost,primaryaccidentcausecode,primaryaccidentcause,accidentcausecode,accidentcause,engineersonduty,conductorsonduty,brakemenonduty,hoursengineersonduty,minutesengineersonduty,hoursconductorsonduty,minutesconductorsonduty,railroademployeeskilled,railroademployeesinjured,passengerskilled,passengersinjured,otherskilled,othersinjured,personskilledforreportin,personsinjuredforreporti,totalpersonskilled,totalpersonsinjured,totalkilledform54,totalinjuredform54,narrative,jointtracktype,jointtrackclass,classcode,class,jointcd,incidentkey,reportkey,reporting_railroad_company_grouping,reporting_railroad_class,reporting_railroad_smt_grouping,reporting_parent_railroad_company_code,reporting_parent_railroad_company_name,reporting_railroad_holding_company,maintenance_railroad_company_grouping,maintenance_railroad_class,maintenance_railroad_smt_grouping,maintenance_parent_railroad_company_code,maintenance_parent_railroad_company_name,maintenance_railroad_holding_company,trackdensity,firemenonduty,gxid,contributingaccidentcausecode,contributingaccidentcause,subdivision,signalization_code,signalization,methodofoperation,adjunct_1,adjunctcode1,remote_control_locomotive_code,remotecontrollocomotive,specialstudy1,latitude,longitude,adjunct_2,adjunctcode2,positivealcoholtests,positivedrugtests,specialstudy2,adjunct_3,adjunctcode3,otherrailroadcode,otherrailroadname,otheraccidentnumber,accidentyearother,accidentmonthother,other_railroad_company_grouping,other_railroad_class,other_railroad_smt_grouping,other_parent_railroad_company_code,other_parent_railroad_company_name,other_railroad_holding_company
LI,Long Island Rail Road,1988,EQ880803,88,08,LI,Long Island Rail Road,EQ880803,88,08,29,1988-08-29,7:30 PM,04,Side collision,0.0,0.0,0.0,0.0,SYSTEM,SYSTEM,FAR ROCKAWAY,0005.0,36,NY,NEW YORK,59,NASSAU,1,65.0,3,Dusk,1,Clear,2,Yard,# 3 YARD TRACK,1,3,East,2,Passenger Train - Pulling,Yes,3256,5,Estimated,5,0.0,N,LI,009003,1,No,,,,,Yes,8.0,0.0,0.0,0.0,0.0,0.0,0.0,0.0,0.0,0.0,0.0,0.0,0.0,0.0,0.0,0.0,0.0,0.0,0.0,0.0,44900.0,0.0,44900.0,H307,"Shoving movement, man on or at leading end of movement, failure to control",H307,"Shoving movement, man on or at leading end of movement, failure to control",1,1,0,8,12,8,12,0.0,0.0,0.0,0.0,0.0,0.0,0.0,0.0,0.0,0.0,0.0,0.0,"CONDUCTOR OF TRAIN 3256, WHILE . SHOVING EQUIPMENT INTO LAY-UP TRACK, FAILED TO CONTROL MOVEMENT CAUSING SIDE COLLISION WITH EQUIPMENT ON ADJACENT #2 LAY-UP TRACK.NoneNoneNoneNoneNoneNoneNoneNoneNoneNoneNoneNoneNone",Yard,1,3L,3L,3,LIEQ880803198808,LIEQ880803198808,Passenger (Formerly Commuter),Class 3,"SMT-1 - Amtrak and Commuter East, some Tourist/Historic",LI,Long Island Rail Road,Not Assigned,Passenger (Formerly Commuter),Class 3,"SMT-1 - Amtrak and Commuter East, some Tourist/Historic",LI,Long Island Rail Road,Not Assigned,,0,,,,,,,,,,,,,,,,,,,,,,,,,,,,,,,,
LI,Long Island Rail Road,1988,GR880804,88,08,LI,Long Island Rail Road,GR880804,88,08,25,1988-08-25,7:54 PM,07,Hwy-rail crossing,0.0,0.0,0.0,0.0,SYSTEM,SYSTEM,HUNTINGTON,003.54,36,NY,NEW YORK,103,SUFFOLK,1,70.0,3,Dusk,1,Clear,1,Main,# 1 PORT JEFFERSON,4,4,West,2,Passenger Train - Pulling,Yes,657,50,Estimated,50,0.0,GI,LI,000606,1,Yes,,,,,Yes,1.0,0.0,0.0,0.0,1.0,1.0,0.0,0.0,0.0,0.0,0.0,3.0,0.0,2.0,0.0,0.0,2.0,0.0,2.0,0.0,1305180.0,495000.0,2764840.0,M399,Other causes (Provide detailed description in narrative),M399,Other causes (Provide detailed description in narrative),1,1,0,6,14,6,14,0.0,3.0,0.0,4.0,0.0,1.0,0.0,8.0,0.0,8.0,0.0,7.0,"TRAIN 657 STRUCK TRACTOR-TRAILER THAT BECAME STUCK ON CROSSING, CAUSING ENGINE AND FIVE CARS TO DERAIL, STRIKING STORED CONSIST ON ADJACENT LAY-UP TRACK CAUSING TWO CARS TO DERAIL.NoneNoneNoneNoneNoneNoneNoneNoneNoneNoneNoneNoneNone",Main,4,3L,3L,1,LIGR880804198808,LIGR880804198808,Passenger (Formerly Commuter),Class 3,"SMT-1 - Amtrak and Commuter East, some Tourist/Historic",LI,Long Island Rail Road,Not Assigned,Passenger (Formerly Commuter),Class 3,"SMT-1 - Amtrak and Commuter East, some Tourist/Historic",LI,Long Island Rail Road,Not Assigned,,0,338317E,,,,,,,,,,,,,,,,,,,,,,,,,,,,,,,
LI,Long Island Rail Road,1988,GR880804,88,08,LI,Long Island Rail Road,GR880804,88,08,25,1988-08-25,7:54 PM,07,Hwy-rail crossing,0.0,0.0,0.0,0.0,SYSTEM,SYSTEM,HUNTINGTON,0035.4,36,NY,NEW YORK,103,SUFFOLK,1,70.0,3,Dusk,1,Clear,3,Siding,SOUTH SIDING,1,,,6,Cut of cars,No,,0,Recorded,50,0.0,NO,LI,009366,1,No,,,,,No,0.0,0.0,0.0,0.0,0.0,0.0,0.0,0.0,0.0,0.0,0.0,0.0,0.0,10.0,0.0,0.0,0.0,0.0,1.0,0.0,964661.0,0.0,2764840.0,M399,Other causes (Provide detailed description in narrative),M399,Other causes (Provide detailed description in narrative),0,0,0,,,,,0.0,0.0,0.0,0.0,0.0,0.0,0.0,8.0,0.0,8.0,0.0,1.0,"TRAIN 657 STRUCK TRACTOR-TRAILER AT CROSSING, CAUSING DERAILMENT OF ENGINE AND FIVE CARS WHICH SUBSEQUETLY STRUCK STORED CONSIST ON LAY-UP TRACK AND DERAILED TWO CARS.NoneNoneNoneNoneNoneNoneNoneNoneNoneNoneNoneNoneNone",Main,4,3L,3L,3,LIGR880804198808,LIGR880804198808,Passenger (Formerly Commuter),Class 3,"SMT-1 - Amtrak and Commuter East, some Tourist/Historic",LI,Long Island Rail Road,Not Assigned,Passenger (Formerly Commuter),Class 3,"SMT-1 - Amtrak and Commuter East, some Tourist/Historic",LI,Long Island Rail Road,Not Assigned,,0,338317E,,,,,,,,,,,,,,,,,,,,,,,,,,,,,,,
LI,Long Island Rail Road,1988,EQ880803,88,08,LI,Long Island Rail Road,EQ880803,88,08,29,1988-08-29,7:30 PM,04,Side collision,0.0,0.0,0.0,0.0,SYSTEM,SYSTEM,FAR ROCKAWAY,0005.0,36,NY,NEW YORK,59,NASSAU,1,65.0,3,Dusk,1,Clear,2,Yard,# 2 YARD TRACK,1,,,2,Passenger Train - Pulling,No,3254,0,Estimated,5,0.0,N,LI,009927,1,No,,,,,Yes,9.0,1.0,0.0,0.0,0.0,0.0,0.0,0.0,0.0,0.0,0.0,0.0,0.0,0.0,0.0,0.0,0.0,0.0,0.0,0.0,0.0,0.0,44900.0,H307,"Shoving movement, man on or at leading end of movement, failure to control",H307,"Shoving movement, man on or at leading end of movement, failure to control",0,0,0,,,,,0.0,0.0,0.0,0.0,0.0,0.0,0.0,0.0,0.0,0.0,0.0,0.0,EQUIPMENT FOR TRAIN 3254 WHICH WAS STORED ON #2 LAY-UP TRACK WAS STRUCK BY LI TRAIN 3256 DURING REVSERE MOVE INTO #3 LAY-UP TRACK.NoneNoneNoneNoneNoneNoneNoneNoneNoneNoneNoneNoneNone,Yard,1,3L,3L,1,LIEQ880803198808,LIEQ880803198808,Passenger (Formerly Commuter),Class 3,"SMT-1 - Amtrak and Commuter East, some Tourist/Historic",LI,Long Island Rail Road,Not Assigned,Passenger (Formerly Commuter),Class 3,"SMT-1 - Amtrak and Commuter East, some Tourist/Historic",LI,Long Island Rail Road,Not Assigned,,0,,,,,,,,,,,,,,,,,,,,,,,,,,,,,,,,
LI,Long Island Rail Road,1988,EQ880302,88,03,LI,Long Island Rail Road,EQ880302,88,03,22,1988-03-22,6:43 PM,12,Other impacts,0.0,0.0,0.0,0.0,SYSTEM,SYSTEM,PORT JEFFERSON,57.4,36,NY,NEW YORK,103,SUFFOLK,1,35.0,3,Dusk,1,Clear,2,Yard,#1 YARD TRACK,1,3,East,2,Passenger Train - Pulling,Yes,0658,5,Estimated,5,0.0,N,LI,002941,1,No,,,,,No,1.0,0.0,0.0,0.0,0.0,0.0,0.0,0.0,0.0,0.0,0.0,0.0,0.0,7.0,0.0,0.0,0.0,0.0,1.0,0.0,11918.0,75.0,11993.0,H021,Failure to apply hand brakes on car(s) (railroad employee),H021,Failure to apply hand brakes on car(s) (railroad employee),1,1,0,3,28,3,28,0.0,0.0,0.0,0.0,0.0,0.0,0.0,0.0,0.0,0.0,0.0,0.0,CREW OF EASTBOUND TRAIN 658 CUT ENGINE AWAY BETWEEN LEGS OF WYE TO CHANGE ENDS FOR WESTBOUND TRAIN NEGLECTING TO PUT HANDBRAKE ON CARS WHICH ROLLED INTO ENGINE AS IT WAS HEADING OVER SWITCH.NoneNoneNoneNoneNoneNoneNoneNoneNoneNoneNoneNoneNone,Yard,1,3L,3L,1,LIEQ880302198803,LIEQ880302198803,Passenger (Formerly Commuter),Class 3,"SMT-1 - Amtrak and Commuter East, some Tourist/Historic",LI,Long Island Rail Road,Not Assigned,Passenger (Formerly Commuter),Class 3,"SMT-1 - Amtrak and Commuter East, some Tourist/Historic",LI,Long Island Rail Road,Not Assigned,,0,,,,,,,,,,,,,,,,,,,,,,,,,,,,,,,,
LI,Long Island Rail Road,1988,EQ880301,88,03,LI,Long Island Rail Road,EQ880301,88,03,01,1988-03-01,8:57 PM,01,Derailment,0.0,0.0,0.0,0.0,SYSTEM,SYSTEM,BABYLON,37.6,36,NY,NEW YORK,103,SUFFOLK,1,31.0,4,Dark,1,Clear,2,Yard,#7 YARD TRACK,1,,,8,Light loco(s),No,9932,5,Estimated,5,0.0,N,LI,009932,1,No,,,,,No,1.0,0.0,0.0,0.0,0.0,0.0,0.0,0.0,0.0,0.0,0.0,0.0,0.0,0.0,0.0,0.0,0.0,0.0,0.0,0.0,0.0,0.0,162593.0,H702,Switch improperly lined,H702,Switch improperly lined,0,0,0,,,,,0.0,0.0,0.0,0.0,0.0,0.0,0.0,0.0,0.0,0.0,0.0,0.0,"LI 9932, STANDING ON #7 YARD TRACK WAS STRUCK BY DERAILED CAR ON ADJACENT TRACK.NoneNoneNoneNoneNoneNoneNoneNoneNoneNoneNoneNoneNoneNone",Yard,1,3L,3L,1,LIEQ880301198803,LIEQ880301198803,Passenger (Formerly Commuter),Class 3,"SMT-1 - Amtrak and Commuter East, some Tourist/Historic",LI,Long Island Rail Road,Not Assigned,Passenger (Formerly Commuter),Class 3,"SMT-1 - Amtrak and Commuter East, some Tourist/Historic",LI,Long Island Rail Road,Not Assigned,,0,,H302,Cars left foul,,,,,,,,,,,,,,0,0,,,,,,,,,,,,,,
LI,Long Island Rail Road,1988,EQ880301,88,03,LI,Long Island Rail Road,EQ880301,88,03,01,1988-03-01,8:57 PM,01,Derailment,0.0,0.0,0.0,0.0,SYSTEM,SYSTEM,BABYLON,37.6,36,NY,NEW YORK,103,SUFFOLK,1,31.0,4,Dark,1,Clear,2,Yard,#7 YARD TRACK,1,4,West,7,Yard/switching,Yes,YE31,5,Estimated,5,0.0,N,LI,009311,1,No,,,,,No,2.0,0.0,0.0,0.0,0.0,2.0,0.0,0.0,0.0,0.0,0.0,0.0,0.0,0.0,0.0,0.0,0.0,0.0,0.0,0.0,148342.0,14251.0,162593.0,H702,Switch improperly lined,H702,Switch improperly lined,1,1,0,5,2,5,2,0.0,0.0,0.0,0.0,0.0,0.0,0.0,0.0,0.0,0.0,0.0,0.0,YE-31 MOVING OVER SWITCH NOT PROPERLY LINED DERAILED AND STRUCK CAR LI9932 ON ADJACENT TRACK.NoneNoneNoneNoneNoneNoneNoneNoneNoneNoneNoneNoneNoneNone,Yard,1,3L,3L,3,LIEQ880301198803,LIEQ880301198803,Passenger (Formerly Commuter),Class 3,"SMT-1 - Amtrak and Commuter East, some Tourist/Historic",LI,Long Island Rail Road,Not Assigned,Passenger (Formerly Commuter),Class 3,"SMT-1 - Amtrak and Commuter East, some Tourist/Historic",LI,Long Island Rail Road,Not Assigned,,0,,H302,Cars left foul,,,,,,,,,,,,,,0,0,,,,,,,,,,,,,,
LI,Long Island Rail Road,1988,EQ880101,88,01,LI,Long Island Rail Road,EQ880101,88,01,29,1988-01-29,8:55 AM,01,Derailment,0.0,0.0,0.0,0.0,SYSTEM,SYSTEM,CARLE PLACE,20.4,36,NY,NEW YORK,59,NASSAU,1,27.0,2,Day,1,Clear,1,Main,#2 MAIN,4,3,East,2,Passenger Train - Pulling,Yes,2008,15,Estimated,15,0.0,I,LI,009166,5,Yes,,,,,Yes,9.0,1.0,0.0,0.0,0.0,3.0,0.0,0.0,0.0,0.0,0.0,0.0,0.0,0.0,0.0,0.0,0.0,0.0,0.0,0.0,45000.0,39113.0,84113.0,T202,Broken Rail - Base [Desc.Changed-Refer to Current/Prev.Guides],T202,Broken Rail - Base [Desc.Changed-Refer to Current/Prev.Guides],1,1,0,1,47,1,47,0.0,0.0,0.0,0.0,0.0,0.0,0.0,0.0,0.0,0.0,0.0,0.0,"LI TRAIN 2008 TRAVELING EASTBOUND, DERAILED OVER BROKEN RAIL 1500 FEET WEST OF CARLE PLACE STATION.BREAK POSSIBLE CAUSED BY EXTREME COLD TEMPERATURES.NoneNoneNoneNoneNoneNoneNoneNoneNoneNoneNoneNoneNone",Main,4,3L,3L,1,LIEQ880101198801,LIEQ880101198801,Passenger (Formerly Commuter),Class 3,"SMT-1 - Amtrak and Commuter East, some Tourist/Historic",LI,Long Island Rail Road,Not Assigned,Passenger (Formerly Commuter),Class 3,"SMT-1 - Amtrak and Commuter East, some Tourist/Historic",LI,Long Island Rail Road,Not Assigned,,0,,,,,,,,,,,,,,,,,,,,,,,,,,,,,,,,
LI,Long Island Rail Road,1987,EQ871201,87,12,LI,Long Island Rail Road,EQ871201,87,12,04,1987-12-04,10:42 PM,01,Derailment,0.0,0.0,0.0,0.0,SYSTEM,SYSTEM,WESTBURY,21.4,36,NY,NEW YORK,59,NASSAU,1,40.0,4,Dark,3,Rain,1,Main,#2 MAIN,4,3,East,2,Passenger Train - Pulling,Yes,1690,45,Estimated,45,0.0,I,LI,009694,1,Yes,,,,,Yes,1.0,0.0,0.0,0.0,0.0,1.0,0.0,0.0,0.0,0.0,0.0,10.0,0.0,0.0,0.0,0.0,2.0,0.0,0.0,0.0,12000.0,17178.0,29178.0,M503,"Vandalism of track or track appliances, e.g., objects  placed on track, switch thrown, etc.",M503,"Vandalism of track or track appliances, e.g., objects  placed on track, switch thrown, etc.",1,1,0,5,54,5,54,0.0,0.0,0.0,0.0,0.0,0.0,0.0,0.0,0.0,0.0,0.0,0.0,EASTBOUND TRAIN 1690 STRUCK DEBRIS PLACED ON TRACK BY VANDALS CAUSING FIRST CAR 9694 TO DERAIL.NoneNoneNoneNoneNoneNoneNoneNoneNoneNoneNoneNoneNoneNone,Main,4,3L,3L,1,LIEQ871201198712,LIEQ871201198712,Passenger (Formerly Commuter),Class 3,"SMT-1 - Amtrak and Commuter East, some Tourist/Historic",LI,Long Island Rail Road,Not Assigned,Passenger (Formerly Commuter),Class 3,"SMT-1 - Amtrak and Commuter East, some Tourist/Historic",LI,Long Island Rail Road,Not Assigned,,0,,,,,,,,,,,,,,,,,,,,,,,,,,,,,,,,
LI,Long Island Rail Road,1987,EQ871101,87,11,LI,Long Island Rail Road,EQ871101,87,11,24,1987-11-24,8:23 AM,01,Derailment,0.0,0.0,0.0,0.0,SYSTEM,SYSTEM,DEER PARK,38.4,36,NY,NEW YORK,103,SUFFOLK,1,50.0,2,Day,3,Rain,3,Siding,OLD DEER PARK SIDING,1,3,East,1,Freight Train,Yes,F62,10,Recorded,10,1960.0,N,CR,431945,3,Yes,,,,,No,2.0,0.0,0.0,0.0,0.0,0.0,0.0,0.0,0.0,0.0,28.0,0.0,0.0,0.0,1.0,4.0,0.0,0.0,0.0,0.0,40000.0,19016.0,59016.0,H702,Switch improperly lined,H702,Switch improperly lined,1,1,1,0,53,0,53,0.0,2.0,0.0,0.0,0.0,0.0,0.0,2.0,0.0,2.0,0.0,2.0,"RF-62 WHILE SHOVING FROM WEST SWITCH, DERAILED FOUR FREIGHT CARS (CR 434737; CR 431883; CR 431495; CR 452849) OVER DERAILER LOCATED EAST OF SWITCH DUE TO IMPROPERLY ALIGNED SWITCH AND FAILURE TO REMOVE DERAILER.NoneNoneNoneNoneNoneNoneNoneNoneNoneNoneNoneNone",Siding,1,3L,3L,1,LIEQ871101198711,LIEQ871101198711,Passenger (Formerly Commuter),Class 3,"SMT-1 - Amtrak and Commuter East, some Tourist/Historic",LI,Long Island Rail Road,Not Assigned,Passenger (Formerly Commuter),Class 3,"SMT-1 - Amtrak and Commuter East, some Tourist/Historic",LI,Long Island Rail Road,Not Assigned,,0,,H303,"Derail, failure to apply or remove",,,,,,,,,,,,,,,,,,,,,,,,,,,,,
LI,Long Island Rail Road,1987,EQ870701,87,07,LI,Long Island Rail Road,EQ870701,87,07,01,1987-07-01,5:56 PM,01,Derailment,0.0,0.0,0.0,0.0,SYSTEM,SYSTEM,HEMPSTEAD,19.8,36,NY,NEW YORK,59,NASSAU,1,67.0,2,Day,1,Clear,2,Yard,#8 YARD TRACK,1,3,East,2,Passenger Train - Pulling,Yes,L762,6,Estimated,6,0.0,N,LI,009764,7,No,,,,,Yes,9.0,1.0,0.0,0.0,0.0,1.0,0.0,0.0,0.0,0.0,0.0,0.0,0.0,0.0,0.0,0.0,0.0,0.0,0.0,0.0,119239.0,15483.0,134722.0,H703,Switch not latched or locked,H703,Switch not latched or locked,1,1,0,3,6,3,6,0.0,0.0,0.0,0.0,0.0,0.0,0.0,0.0,0.0,0.0,0.0,0.0,PERSON(S) UNKNOWN OPENED DIVIDER SWITCH BETWEEN YARD TRKS 8 AND 5 PRIOR TO TRAIN TRAVERSING SAME CAUSING 7TH CAR (9764) ON TRAIN 762 TO DERAIL IN HEMSTEAD YARD.NoneNoneNoneNoneNoneNoneNoneNoneNoneNoneNoneNoneNone,Yard,1,3L,3L,1,LIEQ870701198707,LIEQ870701198707,Passenger (Formerly Commuter),Class 3,"SMT-1 - Amtrak and Commuter East, some Tourist/Historic",LI,Long Island Rail Road,Not Assigned,Passenger (Formerly Commuter),Class 3,"SMT-1 - Amtrak and Commuter East, some Tourist/Historic",LI,Long Island Rail Road,Not Assigned,,0,,M503,"Vandalism of track or track appliances, e.g., objects  placed on track, switch thrown, etc.",,,,,,,,,,,,,,,,,,,,,,,,,,,,,
LI,Long Island Rail Road,1986,EQ861101,86,11,LI,Long Island Rail Road,EQ861101,86,11,02,1986-11-02,5:59 PM,01,Derailment,0.0,0.0,0.0,0.0,SYSTEM,SYSTEM,HICKSVILLE,24.8,36,NY,NEW YORK,59,NASSAU,1,40.0,3,Dusk,2,Cloudy,1,Main,#1 MAIN,4,4,West,2,Passenger Train - Pulling,Yes,5665,25,Estimated,25,0.0,I,LI,009358,4,Yes,,,,,Yes,8.0,0.0,0.0,0.0,0.0,1.0,0.0,0.0,0.0,0.0,0.0,0.0,0.0,0.0,0.0,0.0,0.0,0.0,0.0,0.0,22952.0,5664.0,28616.0,M501,Interference (other than vandalism) with railroad operations by nonrailroad employee,M501,Interference (other than vandalism) with railroad operations by nonrailroad employee,1,1,0,5,4,5,4,0.0,0.0,0.0,0.0,0.0,0.0,0.0,0.0,0.0,0.0,0.0,0.0,FOURTH CAR (LI 9358) OF TRAIN 5665 DERAILED OVER VANDALIZED SWITCHPOINTS IN DIVIDE INTERLOCKING.NoneNoneNoneNoneNoneNoneNoneNoneNoneNoneNoneNoneNoneNone,Main,4,3L,3L,1,LIEQ861101198611,LIEQ861101198611,Passenger (Formerly Commuter),Class 3,"SMT-1 - Amtrak and Commuter East, some Tourist/Historic",LI,Long Island Rail Road,Not Assigned,Passenger (Formerly Commuter),Class 3,"SMT-1 - Amtrak and Commuter East, some Tourist/Historic",LI,Long Island Rail Road,Not Assigned,,0,,,,,,,,,,,,,,,,,,,,,,,,,,,,,,,,
LI,Long Island Rail Road,1986,EQ861001,86,10,LI,Long Island Rail Road,EQ861001,86,10,10,1986-10-10,5:06 AM,01,Derailment,0.0,0.0,0.0,0.0,SYSTEM,SYSTEM,HUNTINGTON,34.7,36,NY,NEW YORK,103,SUFFOLK,1,60.0,2,Day,1,Clear,2,Yard,HUNTINGTON YD TRACK,1,3,East,2,Passenger Train - Pulling,No,1621,5,Estimated,5,0.0,N,LI,009638,1,No,,,,,Yes,9.0,1.0,0.0,0.0,0.0,2.0,0.0,0.0,0.0,0.0,0.0,0.0,0.0,0.0,0.0,0.0,0.0,0.0,0.0,0.0,8275.0,1671.0,9946.0,H702,Switch improperly lined,H702,Switch improperly lined,0,0,0,,,,,0.0,0.0,0.0,0.0,0.0,0.0,0.0,0.0,0.0,0.0,0.0,0.0,CAR MOVER RAN THROUGH SWITCH CAUSING DERAILMENT.NoneNoneNoneNoneNoneNoneNoneNoneNoneNoneNoneNoneNoneNone,Yard,1,3L,3L,1,LIEQ861001198610,LIEQ861001198610,Passenger (Formerly Commuter),Class 3,"SMT-1 - Amtrak and Commuter East, some Tourist/Historic",LI,Long Island Rail Road,Not Assigned,Passenger (Formerly Commuter),Class 3,"SMT-1 - Amtrak and Commuter East, some Tourist/Historic",LI,Long Island Rail Road,Not Assigned,,0,,,,,,,,,,,,,,,,,,,,,,,,,,,,,,,,
LI,Long Island Rail Road,1986,EQ860902,86,09,LI,Long Island Rail Road,EQ860902,86,09,19,1986-09-19,10:20 AM,09,Obstruction,0.0,0.0,0.0,0.0,SYSTEM,SYSTEM,LONG BEACH,6.9,36,NY,NEW YORK,59,NASSAU,1,62.0,2,Day,3,Rain,2,Yard,#9 YARD,1,3,East,2,Passenger Train - Pulling,Yes,P924,3,Estimated,3,0.0,N,LI,009700,1,No,,,,,Yes,1.0,0.0,0.0,0.0,0.0,1.0,0.0,0.0,0.0,0.0,0.0,0.0,0.0,0.0,0.0,0.0,0.0,0.0,0.0,0.0,13130.0,2911.0,16041.0,H513,"Automatic brake, other improper use (H004)",H513,"Automatic brake, other improper use (H004)",1,1,0,6,8,6,8,0.0,0.0,0.0,0.0,0.0,0.0,0.0,0.0,0.0,0.0,0.0,0.0,"ENGINEER OF TRAIN PL 924,TRAVELING EASTBOUND INTO LONG BEACH YARD,STRUCK BUMPING BLOCK AND DERAILEDWHEELS ON F-END TRUCK OF CAR 9700.NoneNoneNoneNoneNoneNoneNoneNoneNoneNoneNoneNoneNone",Yard,1,3L,3L,1,LIEQ860902198609,LIEQ860902198609,Passenger (Formerly Commuter),Class 3,"SMT-1 - Amtrak and Commuter East, some Tourist/Historic",LI,Long Island Rail Road,Not Assigned,Passenger (Formerly Commuter),Class 3,"SMT-1 - Amtrak and Commuter East, some Tourist/Historic",LI,Long Island Rail Road,Not Assigned,,0,,,,,,,,,,,,,,,,,,,,,,,,,,,,,,,,
LI,Long Island Rail Road,1986,TS860902,86,09,LI,Long Island Rail Road,TS860902,86,09,04,1986-09-04,6:00 PM,07,Hwy-rail crossing,0.0,0.0,0.0,0.0,SYSTEM,SYSTEM,WESTBURY,22.41,36,NY,NEW YORK,59,NASSAU,1,63.0,2,Day,2,Cloudy,1,Main,#2 MAIN,4,3,East,1,Freight Train,Yes,1670,60,Estimated,60,0.0,G,LI,009240,1,Yes,,,,,No,1.0,0.0,0.0,0.0,0.0,0.0,0.0,0.0,0.0,0.0,12.0,0.0,0.0,0.0,0.0,0.0,0.0,0.0,0.0,0.0,25239.0,23654.0,48893.0,M399,Other causes (Provide detailed description in narrative),M399,Other causes (Provide detailed description in narrative),1,1,0,5,16,5,16,0.0,0.0,0.0,0.0,1.0,0.0,1.0,0.0,1.0,0.0,0.0,0.0,TRAIN 1670 STRUCK AUTOMOBILE WHEN IT WENT AROUNT LOWERED GATES AT GRADE CROSSING.NoneNoneNoneNoneNoneNoneNoneNoneNoneNoneNoneNoneNoneNone,Main,4,3L,3L,1,LITS860902198609,LITS860902198609,Passenger (Formerly Commuter),Class 3,"SMT-1 - Amtrak and Commuter East, some Tourist/Historic",LI,Long Island Rail Road,Not Assigned,Passenger (Formerly Commuter),Class 3,"SMT-1 - Amtrak and Commuter East, some Tourist/Historic",LI,Long Island Rail Road,Not Assigned,,0,338147M,,,,,,,,,,,,,,,,,,,,,,,,,,,,,,,
LI,Long Island Rail Road,1985,EQ851104,85,11,LI,Long Island Rail Road,EQ851104,85,11,17,1985-11-17,2:01 AM,04,Side collision,0.0,0.0,0.0,0.0,SYSTEM,SYSTEM,BABYLON,37.6,36,NY,NEW YORK,103,SUFFOLK,1,48.0,4,Dark,2,Cloudy,2,Yard,YARD TRACK #9,1,3,East,7,Yard/switching,Yes,YE25,5,Estimated,5,0.0,N,LI,009072,10,No,,,,,No,9.0,1.0,0.0,0.0,0.0,1.0,0.0,0.0,0.0,0.0,0.0,0.0,0.0,0.0,0.0,0.0,0.0,0.0,0.0,0.0,34871.0,1384.0,36255.0,H403,Movement of engine(s) or car(s) without authority  (railroad employee),H403,Movement of engine(s) or car(s) without authority  (railroad employee),1,1,0,2,2,2,2,0.0,0.0,0.0,0.0,0.0,0.0,0.0,0.0,0.0,0.0,0.0,0.0,"ENGINEER OF YE-25 STATED HE RECEIVED SIGNAL (COMMUNICATING BUZZER) TO BEGIN MOVE. CONDUCTOR OF YE-25STATED HE DID NOT GIVE SIGNAL. ENGINEER STARTED REVERSE MOVE ONTO TRACK 10, STRIKING 4 CARS ON 10AWHICH HAD BEEN LEFT TO FOUL.NoneNoneNoneNoneNoneNoneNoneNoneNoneNoneNoneNone",Yard,1,3L,3L,1,LIEQ851104198511,LIEQ851104198511,Passenger (Formerly Commuter),Class 3,"SMT-1 - Amtrak and Commuter East, some Tourist/Historic",LI,Long Island Rail Road,Not Assigned,Passenger (Formerly Commuter),Class 3,"SMT-1 - Amtrak and Commuter East, some Tourist/Historic",LI,Long Island Rail Road,Not Assigned,,0,,,,,,,,,,,,,,,,,0,0,,,,,,,,,,,,,,