reportingrailroadcode,reportingrailroadname,report_year,incidentnumber,accidentyear,accidentmonth,maintenancerailroadcode,maintenancerailroadname,maintenanceaccidentnumber,maintenanceaccidentyear,maintenanceaccidentmonth,day,date,time,accident_type_code,accidenttype,hazmatcars,hazmatcarsdamaged,hazmatreleasedcars,personsevacuated,divisioncode,division,station,milepost,statecode,stateabbr,statename,countycode,countyname,district,temperature,visibilitycode,visibility,weather_condition_code,weathercondition,track_type_code,tracktype,trackname,trackclass,train_direction_code,traindirection,equipment_type_code,equipmenttype,equipmentattended,trainnumber,trainspeed,recordedestimatedspeed,maximumspeed,grosstonnage,method_of_operation_code,firstcarinitials,firstcarnumber,firstcarposition,firstcarloaded,causingcarinitials,causingcarnumber,causingcarposition,causingcarloaded,passengerstransported,headendlocomotives,midtrainmanuallocomotives,midtrainremotelocomotives,rearendmanuallocomotives,rearendremotelocomotives,derailedheadendlocomotives,derailedmidtrainmanuallo,derailedmidtrainremotelo,derailedrearendmanualloc,derailedrearendremoteloc,loadedfreightcars,loadedpassengercars,emptyfreightcars,emptypassengercars,cabooses,derailedloadedfreightcars,derailedloadedpassengercars,derailedemptyfreightcars,derailedemptypassengercars,derailedcabooses,equipmentdamagecost,trackdamagecost,totaldamagecost,primaryaccidentcausecode,primaryaccidentcause,accidentcausecode,accidentcause,engineersonduty,conductorsonduty,brakemenonduty,hoursengineersonduty,minutesengineersonduty,hoursconductorsonduty,minutesconductorsonduty,railroademployeeskilled,railroademployeesinjured,passengerskilled,passengersinjured,otherskilled,othersinjured,personskilledforreportin,personsinjuredforreporti,totalpersonskilled,totalpersonsinjured,totalkilledform54,totalinjuredform54,narrative,jointtracktype,jointtrackclass,classcode,class,jointcd,incidentkey,reportkey,reporting_railroad_company_grouping,reporting_railroad_class,reporting_railroad_smt_grouping,reporting_parent_railroad_company_code,reporting_parent_railroad_company_name,reporting_railroad_holding_company,maintenance_railroad_company_grouping,maintenance_railroad_class,maintenance_railroad_smt_grouping,maintenance_parent_railroad_company_code,maintenance_parent_railroad_company_name,maintenance_railroad_holding_company,trackdensity,firemenonduty,gxid,contributingaccidentcausecode,contributingaccidentcause,subdivision,signalization_code,signalization,methodofoperation,adjunct_1,adjunctcode1,remote_control_locomotive_code,remotecontrollocomotive,specialstudy1,latitude,longitude,adjunct_2,adjunctcode2,positivealcoholtests,positivedrugtests,specialstudy2,adjunct_3,adjunctcode3,otherrailroadcode,otherrailroadname,otheraccidentnumber,accidentyearother,accidentmonthother,other_railroad_company_grouping,other_railroad_class,other_railroad_smt_grouping,other_parent_railroad_company_code,other_parent_railroad_company_name,other_railroad_holding_company
LI,Long Island Rail Road,1985,EQ850603,85,06,LI,Long Island Rail Road,EQ850603,85,06,17,1985-06-17,6:28 PM,01,Derailment,0.0,0.0,0.0,0.0,SYSTEM,SYSTEM,PORT WASHINGTON,18.1,36,NY,NEW YORK,59,NASSAU,1,71.0,3,Dusk,2,Cloudy,2,Yard,LAY-UP TRACK,4,3,East,2,Passenger Train - Pulling,Yes,L450,5,Estimated,5,0.0,O,LI,009115,7,No,,,,,Yes,9.0,1.0,0.0,0.0,0.0,2.0,0.0,0.0,0.0,0.0,0.0,0.0,0.0,0.0,0.0,0.0,0.0,0.0,0.0,0.0,1432.0,6649.0,8081.0,H702,Switch improperly lined,H702,Switch improperly lined,1,2,,3,50,3,50,0.0,0.0,0.0,0.0,0.0,0.0,0.0,0.0,0.0,0.0,0.0,0.0,ASST CONDUCTOR OF TRAIN 450 GAVE SIGNAL FOR REVERSE WITHOUT FIRST PROPERLY ALIGNING SWITCH FROM SWITCH FROM STATION TO LAY-UP TRACK CAUSING SWITCH TO BE THROUGH DERAILING TWO CARS.NoneNoneNoneNoneNoneNoneNoneNoneNoneNoneNoneNoneNone,Yard,4,3L,3L,1,LIEQ850603198506,LIEQ850603198506,Passenger (Formerly Commuter),Class 3,"SMT-1 - Amtrak and Commuter East, some Tourist/Historic",LI,Long Island Rail Road,Not Assigned,Passenger (Formerly Commuter),Class 3,"SMT-1 - Amtrak and Commuter East, some Tourist/Historic",LI,Long Island Rail Road,Not Assigned,,,,,,,,,,,,,,,,,,,0,0,,,,,,,,,,,,,,
LI,Long Island Rail Road,1985,TS850601,85,06,LI,Long Island Rail Road,TS850601,85,06,04,1985-06-04,11:31 AM,07,Hwy-rail crossing,0.0,0.0,0.0,0.0,SYSTEM,SYSTEM,NEW HYDE PARK,16.12,36,NY,NEW YORK,59,NASSAU,1,63.0,2,Day,1,Clear,1,Main,#1 MAIN,4,3,East,2,Passenger Train - Pulling,Yes,1618,35,Estimated,35,0.0,GI,LI,009692,1,Yes,,,,,Yes,9.0,1.0,0.0,0.0,0.0,1.0,0.0,0.0,0.0,0.0,0.0,0.0,0.0,0.0,0.0,0.0,0.0,0.0,0.0,0.0,23234.0,3975.0,27209.0,M399,Other causes (Provide detailed description in narrative),M399,Other causes (Provide detailed description in narrative),1,1,0,7,3,7,3,0.0,0.0,0.0,0.0,0.0,0.0,0.0,0.0,0.0,0.0,0.0,0.0,OPERATOR OF VEHICLE DROVE AROUND LOWERED GATES INTO PATH OF TRAIN 1618 CAUSING CAR 9692 TO DEAILON IMPACT.NoneNoneNoneNoneNoneNoneNoneNoneNoneNoneNoneNoneNone,Main,4,3L,3L,1,LITS850601198506,LITS850601198506,Passenger (Formerly Commuter),Class 3,"SMT-1 - Amtrak and Commuter East, some Tourist/Historic",LI,Long Island Rail Road,Not Assigned,Passenger (Formerly Commuter),Class 3,"SMT-1 - Amtrak and Commuter East, some Tourist/Historic",LI,Long Island Rail Road,Not Assigned,,0,338140P,,,,,,,,,,,,,,,,,,,,,,,,,,,,,,,
LI,Long Island Rail Road,1985,EQ850502,85,05,LI,Long Island Rail Road,EQ850502,85,05,23,1985-05-23,12:53 AM,01,Derailment,0.0,0.0,0.0,0.0,SYSTEM,SYSTEM,BABYLON,37.6,36,NY,NEW YORK,103,SUFFOLK,1,72.0,4,Dark,2,Cloudy,2,Yard,,1,,,8,Light loco(s),,1,0,Estimated,5,0.0,N,LI,009732,1,,,,,,No,1.0,0.0,0.0,0.0,0.0,0.0,0.0,0.0,0.0,0.0,0.0,0.0,0.0,0.0,0.0,0.0,0.0,0.0,0.0,0.0,1500.0,0.0,29820.0,H702,Switch improperly lined,H702,Switch improperly lined,,,,,,,,0.0,0.0,0.0,0.0,0.0,0.0,0.0,0.0,0.0,0.0,0.0,0.0,"MU LI 9732 STANDING ON #6 YARD TRACK,STRUCK BY CAR 9571 ON TRAIN YE-25,WHEN IT DERAILED ON ADJACENTYARD TRACK.NoneNoneNoneNoneNoneNoneNoneNoneNoneNoneNoneNoneNone",Yard,1,3L,3L,1,LIEQ850502198505,LIEQ850502198505,Passenger (Formerly Commuter),Class 3,"SMT-1 - Amtrak and Commuter East, some Tourist/Historic",LI,Long Island Rail Road,Not Assigned,Passenger (Formerly Commuter),Class 3,"SMT-1 - Amtrak and Commuter East, some Tourist/Historic",LI,Long Island Rail Road,Not Assigned,,,,,,,,,,,,,,,,,,,0,0,,,,,,,,,,,,,,
LI,Long Island Rail Road,1985,EQ850502,85,05,LI,Long Island Rail Road,EQ850502,85,05,23,1985-05-23,12:53 AM,01,Derailment,0.0,0.0,0.0,0.0,SYSTEM,SYSTEM,BABYLON,37.6,36,NY,NEW YORK,103,SUFFOLK,1,72.0,4,Dark,2,Cloudy,2,Yard,EAST LADDER,1,4,West,7,Yard/switching,Yes,YE25,5,Estimated,5,0.0,N,LI,009571,5,No,,,,,No,6.0,0.0,0.0,0.0,0.0,1.0,0.0,0.0,0.0,0.0,0.0,0.0,0.0,0.0,0.0,0.0,0.0,0.0,0.0,0.0,26320.0,2000.0,29820.0,H702,Switch improperly lined,H702,Switch improperly lined,1,1,0,1,54,1,54,0.0,0.0,0.0,0.0,0.0,0.0,0.0,0.0,0.0,0.0,0.0,0.0,"TRAIN YE-25,MOVING WEST FROM EAST LADDER TRACK TO TRACK 9 IN BABYLON YARD,DERAILED OVER SWITCH WHICHWAS IMPROPERLY ALIGNED,STRIKING CAR LI 9732 ON ADJACENT TRACK.NoneNoneNoneNoneNoneNoneNoneNoneNoneNoneNoneNoneNone",Yard,1,3L,3L,3,LIEQ850502198505,LIEQ850502198505,Passenger (Formerly Commuter),Class 3,"SMT-1 - Amtrak and Commuter East, some Tourist/Historic",LI,Long Island Rail Road,Not Assigned,Passenger (Formerly Commuter),Class 3,"SMT-1 - Amtrak and Commuter East, some Tourist/Historic",LI,Long Island Rail Road,Not Assigned,,0,,,,,,,,,,,,,,,,,0,0,,,,,,,,,,,,,,
LI,Long Island Rail Road,1984,EQ840802,84,08,LI,Long Island Rail Road,EQ840802,84,08,24,1984-08-24,12:29 AM,01,Derailment,0.0,0.0,0.0,0.0,SYSTEM,SYSTEM,BABYLON,36.6,36,NY,NEW YORK,103,SUFFOLK,1,75.0,4,Dark,1,Clear,1,Main,#1 MONTAUK,4,3,East,2,Passenger Train - Pulling,Yes,L112,10,Estimated,10,0.0,FGI,LI,009629,5,No,,,,,Yes,9.0,1.0,0.0,0.0,0.0,2.0,0.0,0.0,0.0,0.0,0.0,0.0,0.0,0.0,0.0,0.0,0.0,0.0,0.0,0.0,1018070.0,47655.0,1065720.0,H799,"Use of switches, other (Provide detailed description in narrative)",H799,"Use of switches, other (Provide detailed description in narrative)",1,1,0,6,29,6,29,0.0,0.0,0.0,1.0,0.0,0.0,0.0,1.0,0.0,1.0,0.0,1.0,BLOCK OPERATE AND SIGNAL MAINTAINER BYPASSED TRACK CIRCUIT RELAY MECHANISM WITHOUT AUTHORITY CAUSINGSWITCH #23 DUE TO BE THROWN UNDER TRAIN #112 RESULTING IN SUBSEQUENT DERAILMENT.NoneNoneNoneNoneNoneNoneNoneNoneNoneNoneNoneNoneNone,Main,4,3L,3L,1,LIEQ840802198408,LIEQ840802198408,Passenger (Formerly Commuter),Class 3,"SMT-1 - Amtrak and Commuter East, some Tourist/Historic",LI,Long Island Rail Road,Not Assigned,Passenger (Formerly Commuter),Class 3,"SMT-1 - Amtrak and Commuter East, some Tourist/Historic",LI,Long Island Rail Road,Not Assigned,,0,,,,,,,,,,,,,,,,,0,0,,,,,,,,,,,,,,
LI,Long Island Rail Road,1984,TS840818,84,08,LI,Long Island Rail Road,TS840818,84,08,02,1984-08-02,5:55 PM,07,Hwy-rail crossing,0.0,0.0,0.0,0.0,SYSTEM,SYSTEM,SYOSSET,29.1,36,NY,NEW YORK,59,NASSAU,1,78.0,2,Day,1,Clear,1,Main,#2 PORT JEFFERSON,4,3,East,2,Passenger Train - Pulling,Yes,1668,30,Estimated,30,0.0,GIB,LI,009341,8,No,,,,,Yes,8.0,0.0,0.0,0.0,0.0,0.0,0.0,0.0,0.0,0.0,0.0,0.0,0.0,0.0,0.0,0.0,0.0,0.0,0.0,0.0,14705.0,0.0,14705.0,M399,Other causes (Provide detailed description in narrative),M399,Other causes (Provide detailed description in narrative),1,1,,7,25,7,25,0.0,0.0,0.0,0.0,0.0,0.0,0.0,0.0,0.0,0.0,0.0,0.0,HIGHWAY USER DROVE UNDER LOWERED CROSSING GATES AND STRUCK SIDE OF CAR 9341 ON TRAIN 1668.NoneNoneNoneNoneNoneNoneNoneNoneNoneNoneNoneNoneNoneNone,Main,4,3L,3L,1,LITS840818198408,LITS840818198408,Passenger (Formerly Commuter),Class 3,"SMT-1 - Amtrak and Commuter East, some Tourist/Historic",LI,Long Island Rail Road,Not Assigned,Passenger (Formerly Commuter),Class 3,"SMT-1 - Amtrak and Commuter East, some Tourist/Historic",LI,Long Island Rail Road,Not Assigned,,,338310G,,,,,,,,,,,,,,,,,,,,,,,,,,,,,,,
LI,Long Island Rail Road,1984,EQ840701,84,07,LI,Long Island Rail Road,EQ840701,84,07,12,1984-07-12,7:38 AM,04,Side collision,0.0,0.0,0.0,0.0,SYSTEM,SYSTEM,PORT WASHINGTON,18.1,36,NY,NEW YORK,59,NASSAU,1,74.0,2,Day,1,Clear,2,Yard,SWITCHING LEAD,4,4,West,2,Passenger Train - Pulling,Yes,0421,5,Estimated,5,0.0,N,LI,009318,8,No,,,,,Yes,8.0,0.0,0.0,0.0,0.0,0.0,0.0,0.0,0.0,0.0,0.0,0.0,0.0,0.0,0.0,0.0,0.0,0.0,0.0,0.0,80000.0,0.0,80000.0,H401,Failure to stop train in clear,H401,Failure to stop train in clear,1,1,,1,26,1,26,0.0,0.0,0.0,0.0,0.0,0.0,0.0,0.0,0.0,0.0,0.0,0.0,CONDUCTOR OF TRAIN 421 FAILED TO CONTROL MOVEMENT OF TRAIN.NoneNoneNoneNoneNoneNoneNoneNoneNoneNoneNoneNoneNoneNone,Main,4,3L,3L,1,LIEQ840701198407,LIEQ840701198407,Passenger (Formerly Commuter),Class 3,"SMT-1 - Amtrak and Commuter East, some Tourist/Historic",LI,Long Island Rail Road,Not Assigned,Passenger (Formerly Commuter),Class 3,"SMT-1 - Amtrak and Commuter East, some Tourist/Historic",LI,Long Island Rail Road,Not Assigned,,,,,,,,,,,,,,,,,,,0,0,,,,,,,,,,,,,,
LI,Long Island Rail Road,1984,EQ840701,84,07,LI,Long Island Rail Road,EQ840701,84,07,12,1984-07-12,7:38 AM,04,Side collision,0.0,0.0,0.0,0.0,SYSTEM,SYSTEM,PORT WASHINGTON,18.1,36,NY,NEW YORK,59,NASSAU,1,74.0,2,Day,1,Clear,1,Main,MAIN,4,3,East,2,Passenger Train - Pulling,Yes,408,5,Estimated,5,0.0,I,LI,009454,1,No,,,,,Yes,9.0,1.0,0.0,0.0,0.0,0.0,0.0,0.0,0.0,0.0,0.0,0.0,0.0,0.0,0.0,0.0,0.0,0.0,0.0,0.0,0.0,0.0,80000.0,H401,Failure to stop train in clear,H401,Failure to stop train in clear,1,1,0,0,55,0,55,0.0,0.0,0.0,0.0,0.0,0.0,0.0,0.0,0.0,0.0,0.0,0.0,CONDUCTOR OF TRAIN #421 FAILED TO CONTROL MOVEMENT OF TRAIN ENTERING STATION AND SIDE COLLIDED WITHTRAIN #408.NoneNoneNoneNoneNoneNoneNoneNoneNoneNoneNoneNoneNone,Main,4,3L,3L,3,LIEQ840701198407,LIEQ840701198407,Passenger (Formerly Commuter),Class 3,"SMT-1 - Amtrak and Commuter East, some Tourist/Historic",LI,Long Island Rail Road,Not Assigned,Passenger (Formerly Commuter),Class 3,"SMT-1 - Amtrak and Commuter East, some Tourist/Historic",LI,Long Island Rail Road,Not Assigned,,0,,,,,,,,,,,,,,,,,0,0,,,,,,,,,,,,,,
LI,Long Island Rail Road,1984,TS840705,84,07,LI,Long Island Rail Road,TS840705,84,07,22,1984-07-22,6:48 AM,07,Hwy-rail crossing,0.0,0.0,0.0,0.0,SYSTEM,SYSTEM,MINEOLA,17.3,36,NY,NEW YORK,59,NASSAU,1,75.0,1,Dawn,1,Clear,1,Main,#1 MAIN,4,4,West,2,Passenger Train - Pulling,Yes,4031,60,Estimated,60,0.0,GI,LI,000264,1,No,,,,,Yes,1.0,0.0,0.0,0.0,0.0,0.0,0.0,0.0,0.0,0.0,0.0,10.0,0.0,0.0,0.0,0.0,0.0,0.0,0.0,0.0,2570.0,4905.0,7475.0,M399,Other causes (Provide detailed description in narrative),M399,Other causes (Provide detailed description in narrative),1,1,0,1,48,1,48,0.0,0.0,0.0,0.0,0.0,0.0,0.0,0.0,0.0,0.0,0.0,0.0,LI 4031 STRUCK VEHICLE WHICH DROVE AROUND LOWERED GATES AT CROSSING.NoneNoneNoneNoneNoneNoneNoneNoneNoneNoneNoneNoneNoneNone,Main,4,3L,3L,1,LITS840705198407,LITS840705198407,Passenger (Formerly Commuter),Class 3,"SMT-1 - Amtrak and Commuter East, some Tourist/Historic",LI,Long Island Rail Road,Not Assigned,Passenger (Formerly Commuter),Class 3,"SMT-1 - Amtrak and Commuter East, some Tourist/Historic",LI,Long Island Rail Road,Not Assigned,,0,338145Y,,,,,,,,,,,,,,,,,,,,,,,,,,,,,,,
LI,Long Island Rail Road,1984,EQ840501,84,05,LI,Long Island Rail Road,EQ840501,84,05,06,1984-05-06,2:59 AM,01,Derailment,0.0,0.0,0.0,0.0,SYSTEM,SYSTEM,BABYLON,37.0,36,NY,NEW YORK,103,SUFFOLK,1,56.0,4,Dark,1,Clear,2,Yard,#9 YARD TRACK,4,3,East,2,Passenger Train - Pulling,Yes,4084,5,Estimated,5,0.0,N,LI,009503,6,No,,,,,Yes,6.0,0.0,0.0,0.0,0.0,1.0,0.0,0.0,0.0,0.0,0.0,0.0,0.0,0.0,0.0,0.0,0.0,0.0,0.0,0.0,13940.0,19460.0,33400.0,M503,"Vandalism of track or track appliances, e.g., objects  placed on track, switch thrown, etc.",M503,"Vandalism of track or track appliances, e.g., objects  placed on track, switch thrown, etc.",1,1,0,1,33,1,33,0.0,0.0,0.0,0.0,0.0,0.0,0.0,0.0,0.0,0.0,0.0,0.0,PERSON OR PERSONS UNKNOWN THREW SWITCH BEFORE TRAIN COMPLETED MOVE OVER SWITCH CAUSING REAR CAR TO DERAIL.NoneNoneNoneNoneNoneNoneNoneNoneNoneNoneNoneNoneNone,Yard,4,3L,3L,1,LIEQ840501198405,LIEQ840501198405,Passenger (Formerly Commuter),Class 3,"SMT-1 - Amtrak and Commuter East, some Tourist/Historic",LI,Long Island Rail Road,Not Assigned,Passenger (Formerly Commuter),Class 3,"SMT-1 - Amtrak and Commuter East, some Tourist/Historic",LI,Long Island Rail Road,Not Assigned,,0,,,,,,,,,,,,,,,,,0,0,,,,,,,,,,,,,,
LI,Long Island Rail Road,1984,EQ840502,84,05,LI,Long Island Rail Road,EQ840502,84,05,24,1984-05-24,6:42 PM,01,Derailment,0.0,0.0,0.0,0.0,SYSTEM,SYSTEM,HEMPSTEAD,19.8,36,NY,NEW YORK,59,NASSAU,1,65.0,2,Day,1,Clear,2,Yard,POCKET TRACK,3,3,East,2,Passenger Train - Pulling,Yes,768,5,Estimated,5,0.0,N,LI,009299,1,No,,,,,Yes,9.0,0.0,1.0,0.0,0.0,1.0,0.0,0.0,0.0,0.0,0.0,0.0,0.0,0.0,0.0,0.0,0.0,0.0,0.0,0.0,11046.0,7200.0,18246.0,S013,Other communication equipment failure,S013,Other communication equipment failure,1,1,0,3,7,3,7,0.0,0.0,0.0,0.0,0.0,0.0,0.0,0.0,0.0,0.0,0.0,0.0,TRAIN 768 STRUCK BUMPING BLOCK AT WEST END OF POCKET TRACK CAUSING DERAILMENT OF WEST WHEELS OF CARLI 9299.NoneNoneNoneNoneNoneNoneNoneNoneNoneNoneNoneNoneNone,Yard,3,3L,3L,1,LIEQ840502198405,LIEQ840502198405,Passenger (Formerly Commuter),Class 3,"SMT-1 - Amtrak and Commuter East, some Tourist/Historic",LI,Long Island Rail Road,Not Assigned,Passenger (Formerly Commuter),Class 3,"SMT-1 - Amtrak and Commuter East, some Tourist/Historic",LI,Long Island Rail Road,Not Assigned,,0,,,,,,,,,,,,,,,,,0,0,,,,,,,,,,,,,,
LI,Long Island Rail Road,1984,EQ840302,84,03,LI,Long Island Rail Road,EQ840302,84,03,24,1984-03-24,9:05 PM,01,Derailment,0.0,0.0,0.0,0.0,SYSTEM,SYSTEM,LONG BEACH,6.9,36,NY,NEW YORK,59,NASSAU,1,43.0,4,Dark,2,Cloudy,1,Main,#2 FAR ROCKAWAY,2,3,East,2,Passenger Train - Pulling,Yes,P824,5,Estimated,5,0.0,N,LI,009730,1,No,,,,,Yes,6.0,0.0,0.0,0.0,0.0,1.0,0.0,0.0,0.0,0.0,0.0,0.0,0.0,0.0,0.0,0.0,0.0,0.0,0.0,0.0,13197.0,0.0,13197.0,M599,Other miscellaneous causes (Provide detailed description in narrative),M599,Other miscellaneous causes (Provide detailed description in narrative),1,2,,2,40,2,40,0.0,0.0,0.0,0.0,0.0,0.0,0.0,0.0,0.0,0.0,0.0,0.0,GREASE ON BALL OF RAIL CAUSED TRAIN TO SLIDE INTO BUMPER BLOCK.NoneNoneNoneNoneNoneNoneNoneNoneNoneNoneNoneNoneNoneNone,Main,2,3L,3L,1,LIEQ840302198403,LIEQ840302198403,Passenger (Formerly Commuter),Class 3,"SMT-1 - Amtrak and Commuter East, some Tourist/Historic",LI,Long Island Rail Road,Not Assigned,Passenger (Formerly Commuter),Class 3,"SMT-1 - Amtrak and Commuter East, some Tourist/Historic",LI,Long Island Rail Road,Not Assigned,,,,,,,,,,,,,,,,,,,0,0,,,,,,,,,,,,,,
LI,Long Island Rail Road,1984,EQ840101,84,01,LI,Long Island Rail Road,EQ840101,84,01,25,1984-01-25,6:39 AM,01,Derailment,0.0,0.0,0.0,0.0,SYSTEM,SYSTEM,CALVERTON,67.5,36,NY,NEW YORK,103,SUFFOLK,1,42.0,1,Dawn,1,Clear,1,Main,SINGLE MAIN,4,4,West,2,Passenger Train - Pulling,Yes,213,40,Estimated,40,0.0,OI,LI,000256,1,,,,,,Yes,2.0,0.0,0.0,0.0,1.0,2.0,0.0,0.0,0.0,0.0,0.0,11.0,0.0,0.0,0.0,0.0,0.0,0.0,0.0,0.0,40350.0,17410.0,57760.0,H704,Switch previously run through,H704,Switch previously run through,1,1,1,5,8,5,8,0.0,0.0,0.0,0.0,0.0,0.0,0.0,0.0,0.0,0.0,0.0,0.0,NoneNoneNoneNoneNoneNoneNoneNoneNoneNoneNoneNoneNoneNoneNone,Main,4,3L,3L,1,LIEQ840101198401,LIEQ840101198401,Passenger (Formerly Commuter),Class 3,"SMT-1 - Amtrak and Commuter East, some Tourist/Historic",LI,Long Island Rail Road,Not Assigned,Passenger (Formerly Commuter),Class 3,"SMT-1 - Amtrak and Commuter East, some Tourist/Historic",LI,Long Island Rail Road,Not Assigned,,0,,,,,,,,,,,,,,,,,0,0,,,,,,,,,,,,,,
LI,Long Island Rail Road,1983,TS830307,83,03,LI,Long Island Rail Road,TS830307,83,03,08,1983-03-08,7:11 PM,07,Hwy-rail crossing,0.0,0.0,0.0,0.0,??????,,MINEOLA,18.8,36,NY,NEW YORK,59,NASSAU,1,40.0,4,Dark,3,Rain,1,Main,#1 TRK,4,4,West,8,Light loco(s),Yes,UNJ6,70,Estimated,70,0.0,FDEIM,LI,009631,1,No,,,,,No,6.0,0.0,0.0,0.0,0.0,0.0,0.0,0.0,0.0,0.0,0.0,0.0,0.0,0.0,0.0,0.0,0.0,0.0,0.0,0.0,12148.0,1000.0,13148.0,M399,Other causes (Provide detailed description in narrative),M399,Other causes (Provide detailed description in narrative),1,1,1,2,43,2,43,0.0,1.0,0.0,0.0,0.0,0.0,0.0,1.0,0.0,1.0,0.0,1.0,"TRAIN UNJ649-6 MU ELECTRIC CAR DEADHEAD EQUIPMENT TRAIN STRUCK AN AUTO THAT STALLED AND WAS ABANDONED BY DRIVER, SOLE OCCUPANT, ON HIGHWAY GRADE CROSSING.NoneNoneNoneNoneNoneNoneNoneNoneNoneNoneNoneNoneNone",Main,4,3L,3L,1,LITS830307198303,LITS830307198303,Passenger (Formerly Commuter),Class 3,"SMT-1 - Amtrak and Commuter East, some Tourist/Historic",LI,Long Island Rail Road,Not Assigned,Passenger (Formerly Commuter),Class 3,"SMT-1 - Amtrak and Commuter East, some Tourist/Historic",LI,Long Island Rail Road,Not Assigned,,0,338144S,,,,,,,,,,,,,,,,,,,,,,,,,,,,,,,
LI,Long Island Rail Road,1983,TS830307,83,03,LI,Long Island Rail Road,TS830307,83,03,08,1983-03-08,7:11 PM,07,Hwy-rail crossing,0.0,0.0,0.0,0.0,??????,,MINEOLA,18.8,36,NY,NEW YORK,59,NASSAU,1,40.0,4,Dark,3,Rain,1,Main,#1 TRK,4,4,West,8,Light loco(s),Yes,UNJ6,70,Estimated,70,0.0,FDEIM,LI,009631,1,No,,,,,No,6.0,0.0,0.0,0.0,0.0,0.0,0.0,0.0,0.0,0.0,0.0,0.0,0.0,0.0,0.0,0.0,0.0,0.0,0.0,0.0,12148.0,1000.0,13148.0,M399,Other causes (Provide detailed description in narrative),M399,Other causes (Provide detailed description in narrative),1,1,1,2,43,2,43,0.0,1.0,0.0,0.0,0.0,0.0,0.0,1.0,0.0,1.0,0.0,1.0,"TRAIN UNJ649-6 MU ELECTRIC CAR DEADHEAD EQUIPMENT TRAIN STRUCK AN AUTO THAT STALLED AND WAS ABANDONED BY DRIVER, SOLE OCCUPANT, ON HIGHWAY GRADE CROSSING.NoneNoneNoneNoneNoneNoneNoneNoneNoneNoneNoneNoneNone",Main,4,3L,3L,1,LITS830307198303,LITS830307198303,Passenger (Formerly Commuter),Class 3,"SMT-1 - Amtrak and Commuter East, some Tourist/Historic",LI,Long Island Rail Road,Not Assigned,Passenger (Formerly Commuter),Class 3,"SMT-1 - Amtrak and Commuter East, some Tourist/Historic",LI,Long Island Rail Road,Not Assigned,,0,338144S,,,,,,,,,,,,,,,,,,,,,,,,,,,,,,,
LI,Long Island Rail Road,1982,EQ820701,82,07,LI,Long Island Rail Road,EQ820701,82,07,29,1982-07-29,12:49 AM,12,Other impacts,0.0,0.0,0.0,0.0,??????,,HICKSVILLE,23.6,36,NY,NEW YORK,59,NASSAU,1,68.0,4,Dark,1,Clear,1,Main,NO. 2 TRACK,4,3,East,2,Passenger Train - Pulling,Yes,1600,65,Estimated,65,0.0,FDEIM,LI,009601,2,Yes,,,,,Yes,8.0,0.0,0.0,0.0,0.0,0.0,0.0,0.0,0.0,0.0,0.0,0.0,0.0,0.0,0.0,0.0,0.0,0.0,0.0,0.0,65000.0,0.0,65000.0,M503,"Vandalism of track or track appliances, e.g., objects  placed on track, switch thrown, etc.",M503,"Vandalism of track or track appliances, e.g., objects  placed on track, switch thrown, etc.",1,1,1,8,47,8,47,0.0,0.0,0.0,0.0,0.0,0.0,0.0,0.0,0.0,0.0,0.0,0.0,TRAIN 1600 STRUCK DEBRIS (BICYCLE FRAME) PLACED ON TRACK CAUSING ELECTRICAL FIRE IN THIRD RAIL CURRENT COLLECTOR SYSTEM DAMAGING TRUCK COMPONENTS AND ELECTRCIAL CABLES.NoneNoneNoneNoneNoneNoneNoneNoneNoneNoneNoneNoneNone,Main,4,1L,1L,1,LIEQ820701198207,LIEQ820701198207,Passenger (Formerly Commuter),Class 3,"SMT-1 - Amtrak and Commuter East, some Tourist/Historic",LI,Long Island Rail Road,Not Assigned,Passenger (Formerly Commuter),Class 3,"SMT-1 - Amtrak and Commuter East, some Tourist/Historic",LI,Long Island Rail Road,Not Assigned,,0,,E75L,Current collector system (LOCOMOTIVE),,,,,,,,,,,,,,0,0,,,,,,,,,,,,,,
LI,Long Island Rail Road,1982,EQ820701,82,07,LI,Long Island Rail Road,EQ820701,82,07,29,1982-07-29,12:49 AM,12,Other impacts,0.0,0.0,0.0,0.0,??????,,HICKSVILLE,23.6,36,NY,NEW YORK,59,NASSAU,1,68.0,4,Dark,1,Clear,1,Main,NO. 2 TRACK,4,3,East,2,Passenger Train - Pulling,Yes,1600,65,Estimated,65,0.0,FDEIM,LI,009601,2,Yes,,,,,Yes,8.0,0.0,0.0,0.0,0.0,0.0,0.0,0.0,0.0,0.0,0.0,0.0,0.0,0.0,0.0,0.0,0.0,0.0,0.0,0.0,65000.0,0.0,65000.0,M503,"Vandalism of track or track appliances, e.g., objects  placed on track, switch thrown, etc.",M503,"Vandalism of track or track appliances, e.g., objects  placed on track, switch thrown, etc.",1,1,1,8,47,8,47,0.0,0.0,0.0,0.0,0.0,0.0,0.0,0.0,0.0,0.0,0.0,0.0,TRAIN 1600 STRUCK DEBRIS (BICYCLE FRAME) PLACED ON TRACK CAUSING ELECTRICAL FIRE IN THIRD RAIL CURRENT COLLECTOR SYSTEM DAMAGING TRUCK COMPONENTS AND ELECTRCIAL CABLES.NoneNoneNoneNoneNoneNoneNoneNoneNoneNoneNoneNoneNone,Main,4,1L,1L,1,LIEQ820701198207,LIEQ820701198207,Passenger (Formerly Commuter),Class 3,"SMT-1 - Amtrak and Commuter East, some Tourist/Historic",LI,Long Island Rail Road,Not Assigned,Passenger (Formerly Commuter),Class 3,"SMT-1 - Amtrak and Commuter East, some Tourist/Historic",LI,Long Island Rail Road,Not Assigned,,0,,E75L,Current collector system (LOCOMOTIVE),,,,,,,,,,,,,,0,0,,,,,,,,,,,,,,