reportingrailroadcode,reportingrailroadname,report_year,incidentnumber,accidentyear,accidentmonth,maintenancerailroadcode,maintenancerailroadname,maintenanceaccidentnumber,maintenanceaccidentyear,maintenanceaccidentmonth,day,date,time,accident_type_code,accidenttype,hazmatcars,hazmatcarsdamaged,hazmatreleasedcars,personsevacuated,divisioncode,division,station,milepost,statecode,stateabbr,statename,countycode,countyname,district,temperature,visibilitycode,visibility,weather_condition_code,weathercondition,track_type_code,tracktype,trackname,trackclass,train_direction_code,traindirection,equipment_type_code,equipmenttype,equipmentattended,trainnumber,trainspeed,recordedestimatedspeed,maximumspeed,grosstonnage,method_of_operation_code,firstcarinitials,firstcarnumber,firstcarposition,firstcarloaded,causingcarinitials,causingcarnumber,causingcarposition,causingcarloaded,passengerstransported,headendlocomotives,midtrainmanuallocomotives,midtrainremotelocomotives,rearendmanuallocomotives,rearendremotelocomotives,derailedheadendlocomotives,derailedmidtrainmanuallo,derailedmidtrainremotelo,derailedrearendmanualloc,derailedrearendremoteloc,loadedfreightcars,loadedpassengercars,emptyfreightcars,emptypassengercars,cabooses,derailedloadedfreightcars,derailedloadedpassengercars,derailedemptyfreightcars,derailedemptypassengercars,derailedcabooses,equipmentdamagecost,trackdamagecost,totaldamagecost,primaryaccidentcausecode,primaryaccidentcause,accidentcausecode,accidentcause,engineersonduty,conductorsonduty,brakemenonduty,hoursengineersonduty,minutesengineersonduty,hoursconductorsonduty,minutesconductorsonduty,railroademployeeskilled,railroademployeesinjured,passengerskilled,passengersinjured,otherskilled,othersinjured,personskilledforreportin,personsinjuredforreporti,totalpersonskilled,totalpersonsinjured,totalkilledform54,totalinjuredform54,narrative,jointtracktype,jointtrackclass,classcode,class,jointcd,incidentkey,reportkey,reporting_railroad_company_grouping,reporting_railroad_class,reporting_railroad_smt_grouping,reporting_parent_railroad_company_code,reporting_parent_railroad_company_name,reporting_railroad_holding_company,maintenance_railroad_company_grouping,maintenance_railroad_class,maintenance_railroad_smt_grouping,maintenance_parent_railroad_company_code,maintenance_parent_railroad_company_name,maintenance_railroad_holding_company,trackdensity,firemenonduty,gxid,contributingaccidentcausecode,contributingaccidentcause,subdivision,signalization_code,signalization,methodofoperation,adjunct_1,adjunctcode1,remote_control_locomotive_code,remotecontrollocomotive,specialstudy1,latitude,longitude,adjunct_2,adjunctcode2,positivealcoholtests,positivedrugtests,specialstudy2,adjunct_3,adjunctcode3,otherrailroadcode,otherrailroadname,otheraccidentnumber,accidentyearother,accidentmonthother,other_railroad_company_grouping,other_railroad_class,other_railroad_smt_grouping,other_parent_railroad_company_code,other_parent_railroad_company_name,other_railroad_holding_company
ATK,Amtrak (National Railroad Passenger Corporation),1982,121482A,82,12,ATK,Amtrak (National Railroad Passenger Corporation),121482A,82,12,14,1982-12-14,10:15 PM,12,Other impacts,0.0,0.0,0.0,0.0,NEWYOR,NEW YORK,PENN STATION,,36,NY,NEW YORK,59,NASSAU,1,22.0,4,Dark,1,Clear,2,Yard,LEAD EAST END,1,3,East,2,Passenger Train - Pulling,Yes,188,3,Estimated,3,0.0,N,ATK,000937,1,,,,,,No,1.0,0.0,0.0,0.0,0.0,0.0,0.0,0.0,0.0,0.0,0.0,0.0,0.0,4.0,0.0,0.0,0.0,0.0,0.0,0.0,15000.0,500.0,15500.0,E99L,"Other mechanical and electrical failures, (LOCOMOTIVE) (Provide detailed description in narrative)",E99L,"Other mechanical and electrical failures, (LOCOMOTIVE) (Provide detailed description in narrative)",1,1,0,4,15,4,15,0.0,0.0,0.0,0.0,0.0,0.0,0.0,0.0,0.0,0.0,0.0,0.0,AMTRAK TRAIN 188 HAD PANTOGRAPH DAMAGE DUE TO BROKEN PANTOGRAPH END HORN.NoneNoneNoneNoneNoneNoneNoneNoneNoneNoneNoneNoneNoneNone,Yard,1,1L,1L,1,ATK121482A198212,ATK121482A198212,Passenger (Formerly Commuter),,"SMT-1 - Amtrak and Commuter East, some Tourist/Historic",ATK,Amtrak (National Railroad Passenger Corporation),Amtrak,Passenger (Formerly Commuter),,"SMT-1 - Amtrak and Commuter East, some Tourist/Historic",ATK,Amtrak (National Railroad Passenger Corporation),Amtrak,,1,,,,,,,,,,,,,,,,,0,0,,,,,,,,,,,,,,
LI,Long Island Rail Road,1981,EQ810103,81,01,LI,Long Island Rail Road,EQ810103,81,01,24,1981-01-24,9:00 PM,11,Fire/violent rupture,0.0,0.0,0.0,0.0,??????,,PORT JEFFERSON,57.4,36,NY,NEW YORK,103,SUFFOLK,1,30.0,4,Dark,1,Clear,2,Yard,2 EAST,1,,,6,Cut of cars,No,,0,Estimated,0,0.0,N,LI,002793,,No,,,,,No,0.0,0.0,0.0,0.0,0.0,0.0,0.0,0.0,0.0,0.0,0.0,0.0,0.0,8.0,0.0,0.0,0.0,0.0,0.0,0.0,100000.0,0.0,100000.0,M599,Other miscellaneous causes (Provide detailed description in narrative),M599,Other miscellaneous causes (Provide detailed description in narrative),0,0,0,,,,,0.0,0.0,0.0,0.0,0.0,0.0,0.0,0.0,0.0,0.0,0.0,0.0,NoneNoneNoneNoneNoneNoneNoneNoneNoneNoneNoneNoneNoneNoneNone,Yard,1,1L,1L,1,LIEQ810103198101,LIEQ810103198101,Passenger (Formerly Commuter),Class 3,"SMT-1 - Amtrak and Commuter East, some Tourist/Historic",LI,Long Island Rail Road,Not Assigned,Passenger (Formerly Commuter),Class 3,"SMT-1 - Amtrak and Commuter East, some Tourist/Historic",LI,Long Island Rail Road,Not Assigned,,0,,,,,,,,,,,,,,,,,0,0,,,,,,,,,,,,,,
LI,Long Island Rail Road,1981,EQ810101,81,01,LI,Long Island Rail Road,EQ810101,81,01,14,1981-01-14,5:30 PM,01,Derailment,0.0,0.0,0.0,0.0,??????,,MILL NECK,,36,NY,NEW YORK,59,NASSAU,1,28.0,4,Dark,2,Cloudy,1,Main,SINGLE MAIN TRACK,3,3,East,2,Passenger Train - Pulling,Yes,558,40,Estimated,40,0.0,OEIM,LI,002722,2,Yes,,,,,Yes,1.0,0.0,0.0,0.0,1.0,0.0,0.0,0.0,0.0,1.0,0.0,4.0,0.0,0.0,0.0,0.0,4.0,0.0,0.0,0.0,18000.0,10000.0,28000.0,T199,Other track geometry defects (Provide detailed description in narrative),T199,Other track geometry defects (Provide detailed description in narrative),1,1,2,1,19,1,19,0.0,0.0,0.0,0.0,0.0,0.0,0.0,0.0,0.0,0.0,0.0,0.0,NoneNoneNoneNoneNoneNoneNoneNoneNoneNoneNoneNoneNoneNoneNone,Main,3,1L,1L,1,LIEQ810101198101,LIEQ810101198101,Passenger (Formerly Commuter),Class 3,"SMT-1 - Amtrak and Commuter East, some Tourist/Historic",LI,Long Island Rail Road,Not Assigned,Passenger (Formerly Commuter),Class 3,"SMT-1 - Amtrak and Commuter East, some Tourist/Historic",LI,Long Island Rail Road,Not Assigned,,0,,,,,,,,,,,,,,,,,0,0,,,,,,,,,,,,,,
LI,Long Island Rail Road,1981,EQ810101,81,01,LI,Long Island Rail Road,EQ810101,81,01,14,1981-01-14,5:30 PM,01,Derailment,0.0,0.0,0.0,0.0,??????,,MILL NECK,,36,NY,NEW YORK,59,NASSAU,1,28.0,4,Dark,2,Cloudy,1,Main,SINGLE MAIN TRACK,3,3,East,2,Passenger Train - Pulling,Yes,558,40,Estimated,40,0.0,OEIM,LI,002722,2,Yes,,,,,Yes,1.0,0.0,0.0,0.0,1.0,0.0,0.0,0.0,0.0,1.0,0.0,4.0,0.0,0.0,0.0,0.0,4.0,0.0,0.0,0.0,18000.0,10000.0,28000.0,T199,Other track geometry defects (Provide detailed description in narrative),T199,Other track geometry defects (Provide detailed description in narrative),1,1,2,1,19,1,19,0.0,0.0,0.0,0.0,0.0,0.0,0.0,0.0,0.0,0.0,0.0,0.0,NoneNoneNoneNoneNoneNoneNoneNoneNoneNoneNoneNoneNoneNoneNone,Main,3,1L,1L,1,LIEQ810101198101,LIEQ810101198101,Passenger (Formerly Commuter),Class 3,"SMT-1 - Amtrak and Commuter East, some Tourist/Historic",LI,Long Island Rail Road,Not Assigned,Passenger (Formerly Commuter),Class 3,"SMT-1 - Amtrak and Commuter East, some Tourist/Historic",LI,Long Island Rail Road,Not Assigned,,0,,,,,,,,,,,,,,,,,0,0,,,,,,,,,,,,,,
LI,Long Island Rail Road,1981,EQ810202,81,02,LI,Long Island Rail Road,EQ810202,81,02,01,1981-02-01,9:59 PM,09,Obstruction,0.0,0.0,0.0,0.0,??????,,LONG BEACH,23.1,36,NY,NEW YORK,59,NASSAU,1,45.0,4,Dark,3,Rain,2,Yard,NO 3 STATION TRACK,1,3,East,2,Passenger Train - Pulling,Yes,4868,7,Estimated,7,0.0,N,LI,009616,1,Yes,,,,,Yes,6.0,0.0,0.0,0.0,0.0,1.0,0.0,0.0,0.0,0.0,0.0,0.0,0.0,0.0,0.0,0.0,0.0,0.0,0.0,0.0,13000.0,1350.0,14350.0,H699,"Speed, other (Provide detailed description in narrative)",H699,"Speed, other (Provide detailed description in narrative)",1,1,2,8,9,8,9,0.0,0.0,0.0,0.0,0.0,0.0,0.0,0.0,0.0,0.0,0.0,0.0,NoneNoneNoneNoneNoneNoneNoneNoneNoneNoneNoneNoneNoneNoneNone,Yard,1,1L,1L,1,LIEQ810202198102,LIEQ810202198102,Passenger (Formerly Commuter),Class 3,"SMT-1 - Amtrak and Commuter East, some Tourist/Historic",LI,Long Island Rail Road,Not Assigned,Passenger (Formerly Commuter),Class 3,"SMT-1 - Amtrak and Commuter East, some Tourist/Historic",LI,Long Island Rail Road,Not Assigned,,0,,,,,,,,,,,,,,,,,0,0,,,,,,,,,,,,,,
LI,Long Island Rail Road,1981,EQ810401,81,04,LI,Long Island Rail Road,EQ810401,81,04,16,1981-04-16,4:00 PM,01,Derailment,0.0,0.0,0.0,0.0,??????,,AMOTT,30.9,36,NY,NEW YORK,59,NASSAU,1,55.0,2,Day,1,Clear,1,Main,SINGLE MAIN TRACK,4,3,East,2,Passenger Train - Pulling,Yes,1658,50,Estimated,50,0.0,FDGEIMB,LI,009221,2,Yes,,,,,Yes,8.0,0.0,0.0,0.0,0.0,4.0,0.0,0.0,0.0,0.0,0.0,0.0,0.0,0.0,0.0,0.0,0.0,0.0,0.0,0.0,60046.0,7990.0,68036.0,M503,"Vandalism of track or track appliances, e.g., objects  placed on track, switch thrown, etc.",M503,"Vandalism of track or track appliances, e.g., objects  placed on track, switch thrown, etc.",1,1,2,0,54,0,54,0.0,0.0,0.0,0.0,0.0,0.0,0.0,0.0,0.0,0.0,0.0,0.0,NoneNoneNoneNoneNoneNoneNoneNoneNoneNoneNoneNoneNoneNoneNone,Main,4,1L,1L,1,LIEQ810401198104,LIEQ810401198104,Passenger (Formerly Commuter),Class 3,"SMT-1 - Amtrak and Commuter East, some Tourist/Historic",LI,Long Island Rail Road,Not Assigned,Passenger (Formerly Commuter),Class 3,"SMT-1 - Amtrak and Commuter East, some Tourist/Historic",LI,Long Island Rail Road,Not Assigned,,0,,,,,,,,,,,,,,,,,0,0,,,,,,,,,,,,,,
LI,Long Island Rail Road,1981,EQ810401,81,04,LI,Long Island Rail Road,EQ810401,81,04,16,1981-04-16,4:00 PM,01,Derailment,0.0,0.0,0.0,0.0,??????,,AMOTT,30.9,36,NY,NEW YORK,59,NASSAU,1,55.0,2,Day,1,Clear,1,Main,SINGLE MAIN TRACK,4,3,East,2,Passenger Train - Pulling,Yes,1658,50,Estimated,50,0.0,FDGEIMB,LI,009221,2,Yes,,,,,Yes,8.0,0.0,0.0,0.0,0.0,4.0,0.0,0.0,0.0,0.0,0.0,0.0,0.0,0.0,0.0,0.0,0.0,0.0,0.0,0.0,60046.0,7990.0,68036.0,M503,"Vandalism of track or track appliances, e.g., objects  placed on track, switch thrown, etc.",M503,"Vandalism of track or track appliances, e.g., objects  placed on track, switch thrown, etc.",1,1,2,0,54,0,54,0.0,0.0,0.0,0.0,0.0,0.0,0.0,0.0,0.0,0.0,0.0,0.0,NoneNoneNoneNoneNoneNoneNoneNoneNoneNoneNoneNoneNoneNoneNone,Main,4,1L,1L,1,LIEQ810401198104,LIEQ810401198104,Passenger (Formerly Commuter),Class 3,"SMT-1 - Amtrak and Commuter East, some Tourist/Historic",LI,Long Island Rail Road,Not Assigned,Passenger (Formerly Commuter),Class 3,"SMT-1 - Amtrak and Commuter East, some Tourist/Historic",LI,Long Island Rail Road,Not Assigned,,0,,,,,,,,,,,,,,,,,0,0,,,,,,,,,,,,,,
LI,Long Island Rail Road,1981,EQ810401,81,04,LI,Long Island Rail Road,EQ810401,81,04,16,1981-04-16,4:00 PM,01,Derailment,0.0,0.0,0.0,0.0,??????,,AMOTT,30.9,36,NY,NEW YORK,59,NASSAU,1,55.0,2,Day,1,Clear,1,Main,SINGLE MAIN TRACK,4,3,East,2,Passenger Train - Pulling,Yes,1658,50,Estimated,50,0.0,FDGEIMB,LI,009221,2,Yes,,,,,Yes,8.0,0.0,0.0,0.0,0.0,4.0,0.0,0.0,0.0,0.0,0.0,0.0,0.0,0.0,0.0,0.0,0.0,0.0,0.0,0.0,60046.0,7990.0,68036.0,M503,"Vandalism of track or track appliances, e.g., objects  placed on track, switch thrown, etc.",M503,"Vandalism of track or track appliances, e.g., objects  placed on track, switch thrown, etc.",1,1,2,0,54,0,54,0.0,0.0,0.0,0.0,0.0,0.0,0.0,0.0,0.0,0.0,0.0,0.0,NoneNoneNoneNoneNoneNoneNoneNoneNoneNoneNoneNoneNoneNoneNone,Main,4,1L,1L,1,LIEQ810401198104,LIEQ810401198104,Passenger (Formerly Commuter),Class 3,"SMT-1 - Amtrak and Commuter East, some Tourist/Historic",LI,Long Island Rail Road,Not Assigned,Passenger (Formerly Commuter),Class 3,"SMT-1 - Amtrak and Commuter East, some Tourist/Historic",LI,Long Island Rail Road,Not Assigned,,0,,,,,,,,,,,,,,,,,0,0,,,,,,,,,,,,,,
LI,Long Island Rail Road,1981,EQ810401,81,04,LI,Long Island Rail Road,EQ810401,81,04,16,1981-04-16,4:00 PM,01,Derailment,0.0,0.0,0.0,0.0,??????,,AMOTT,30.9,36,NY,NEW YORK,59,NASSAU,1,55.0,2,Day,1,Clear,1,Main,SINGLE MAIN TRACK,4,3,East,2,Passenger Train - Pulling,Yes,1658,50,Estimated,50,0.0,FDGEIMB,LI,009221,2,Yes,,,,,Yes,8.0,0.0,0.0,0.0,0.0,4.0,0.0,0.0,0.0,0.0,0.0,0.0,0.0,0.0,0.0,0.0,0.0,0.0,0.0,0.0,60046.0,7990.0,68036.0,M503,"Vandalism of track or track appliances, e.g., objects  placed on track, switch thrown, etc.",M503,"Vandalism of track or track appliances, e.g., objects  placed on track, switch thrown, etc.",1,1,2,0,54,0,54,0.0,0.0,0.0,0.0,0.0,0.0,0.0,0.0,0.0,0.0,0.0,0.0,NoneNoneNoneNoneNoneNoneNoneNoneNoneNoneNoneNoneNoneNoneNone,Main,4,1L,1L,1,LIEQ810401198104,LIEQ810401198104,Passenger (Formerly Commuter),Class 3,"SMT-1 - Amtrak and Commuter East, some Tourist/Historic",LI,Long Island Rail Road,Not Assigned,Passenger (Formerly Commuter),Class 3,"SMT-1 - Amtrak and Commuter East, some Tourist/Historic",LI,Long Island Rail Road,Not Assigned,,0,,,,,,,,,,,,,,,,,0,0,,,,,,,,,,,,,,
LI,Long Island Rail Road,1981,EQ811101,81,11,LI,Long Island Rail Road,EQ811101,81,11,16,1981-11-16,12:54 AM,11,Fire/violent rupture,0.0,0.0,0.0,0.0,??????,,HUNTINGTON,31.5,36,NY,NEW YORK,103,SUFFOLK,1,52.0,4,Dark,3,Rain,3,Siding,NORTH SIDING,1,,,2,Passenger Train - Pulling,,,0,,0,0.0,N,LI,009587,,No,,,,,Yes,8.0,0.0,0.0,0.0,0.0,0.0,0.0,0.0,0.0,0.0,0.0,0.0,0.0,0.0,0.0,0.0,0.0,0.0,0.0,0.0,1500000.0,0.0,1500000.0,E79L,Other locomotive defects (Provide detail description in narrative),E79L,Other locomotive defects (Provide detail description in narrative),,,,,,,,0.0,0.0,0.0,0.0,0.0,0.0,0.0,0.0,0.0,0.0,0.0,0.0,NoneNoneNoneNoneNoneNoneNoneNoneNoneNoneNoneNoneNoneNoneNone,Siding,1,1L,1L,1,LIEQ811101198111,LIEQ811101198111,Passenger (Formerly Commuter),Class 3,"SMT-1 - Amtrak and Commuter East, some Tourist/Historic",LI,Long Island Rail Road,Not Assigned,Passenger (Formerly Commuter),Class 3,"SMT-1 - Amtrak and Commuter East, some Tourist/Historic",LI,Long Island Rail Road,Not Assigned,,,,,,,,,,,,,,,,,,,0,0,,,,,,,,,,,,,,
LI,Long Island Rail Road,1981,TS811201,81,12,LI,Long Island Rail Road,TS811201,81,12,03,1981-12-03,6:45 PM,07,Hwy-rail crossing,0.0,0.0,0.0,0.0,??????,,MINEOLA,18.6,36,NY,NEW YORK,59,NASSAU,1,40.0,4,Dark,1,Clear,1,Main,2 TRACK,4,3,East,2,Passenger Train - Pulling,Yes,1258,80,Estimated,80,0.0,FDEIM,LI,009250,1,Yes,,,,,Yes,8.0,0.0,0.0,0.0,0.0,0.0,0.0,0.0,0.0,0.0,0.0,0.0,0.0,0.0,0.0,0.0,0.0,0.0,0.0,0.0,50000.0,500.0,50500.0,M399,Other causes (Provide detailed description in narrative),M399,Other causes (Provide detailed description in narrative),1,1,2,3,9,3,9,0.0,0.0,0.0,0.0,1.0,0.0,1.0,0.0,1.0,0.0,0.0,0.0,NoneNoneNoneNoneNoneNoneNoneNoneNoneNoneNoneNoneNoneNoneNone,Main,4,1L,1L,1,LITS811201198112,LITS811201198112,Passenger (Formerly Commuter),Class 3,"SMT-1 - Amtrak and Commuter East, some Tourist/Historic",LI,Long Island Rail Road,Not Assigned,Passenger (Formerly Commuter),Class 3,"SMT-1 - Amtrak and Commuter East, some Tourist/Historic",LI,Long Island Rail Road,Not Assigned,,0,338143K,,,,,,,,,,,,,,,,,,,,,,,,,,,,,,,
LI,Long Island Rail Road,1981,TS811201,81,12,LI,Long Island Rail Road,TS811201,81,12,03,1981-12-03,6:45 PM,07,Hwy-rail crossing,0.0,0.0,0.0,0.0,??????,,MINEOLA,18.6,36,NY,NEW YORK,59,NASSAU,1,40.0,4,Dark,1,Clear,1,Main,2 TRACK,4,3,East,2,Passenger Train - Pulling,Yes,1258,80,Estimated,80,0.0,FDEIM,LI,009250,1,Yes,,,,,Yes,8.0,0.0,0.0,0.0,0.0,0.0,0.0,0.0,0.0,0.0,0.0,0.0,0.0,0.0,0.0,0.0,0.0,0.0,0.0,0.0,50000.0,500.0,50500.0,M399,Other causes (Provide detailed description in narrative),M399,Other causes (Provide detailed description in narrative),1,1,2,3,9,3,9,0.0,0.0,0.0,0.0,1.0,0.0,1.0,0.0,1.0,0.0,0.0,0.0,NoneNoneNoneNoneNoneNoneNoneNoneNoneNoneNoneNoneNoneNoneNone,Main,4,1L,1L,1,LITS811201198112,LITS811201198112,Passenger (Formerly Commuter),Class 3,"SMT-1 - Amtrak and Commuter East, some Tourist/Historic",LI,Long Island Rail Road,Not Assigned,Passenger (Formerly Commuter),Class 3,"SMT-1 - Amtrak and Commuter East, some Tourist/Historic",LI,Long Island Rail Road,Not Assigned,,0,338143K,,,,,,,,,,,,,,,,,,,,,,,,,,,,,,,
LI,Long Island Rail Road,1980,EQ800103,80,01,LI,Long Island Rail Road,EQ800103,80,01,14,1980-01-14,9:49 AM,09,Obstruction,0.0,0.0,0.0,0.0,??????,,HEMPSTEAD,19.8,36,NY,NEW YORK,59,NASSAU,1,45.0,2,Day,2,Cloudy,2,Yard,NO 2 YARD,1,3,East,7,Yard/switching,Yes,9040,5,Estimated,5,0.0,N,LI,009040,1,No,,,,,No,8.0,0.0,0.0,0.0,0.0,1.0,0.0,0.0,0.0,0.0,0.0,0.0,0.0,0.0,0.0,0.0,0.0,0.0,0.0,0.0,7000.0,1740.0,8740.0,H602,"Switching movement, excessive speed",H602,"Switching movement, excessive speed",1,1,2,4,30,4,30,0.0,0.0,0.0,0.0,0.0,0.0,0.0,0.0,0.0,0.0,0.0,0.0,NoneNoneNoneNoneNoneNoneNoneNoneNoneNoneNoneNoneNoneNoneNone,Yard,1,1L,1L,1,LIEQ800103198001,LIEQ800103198001,Passenger (Formerly Commuter),Class 3,"SMT-1 - Amtrak and Commuter East, some Tourist/Historic",LI,Long Island Rail Road,Not Assigned,Passenger (Formerly Commuter),Class 3,"SMT-1 - Amtrak and Commuter East, some Tourist/Historic",LI,Long Island Rail Road,Not Assigned,,0,,,,,,,,,,,,,,,,,0,0,,,,,,,,,,,,,,
LI,Long Island Rail Road,1980,EQ800102,80,01,LI,Long Island Rail Road,EQ800102,80,01,12,1980-01-12,9:40 AM,01,Derailment,0.0,0.0,0.0,0.0,??????,,SMITHTOWN,46.0,36,NY,NEW YORK,103,SUFFOLK,1,35.0,2,Day,1,Clear,1,Main,SINGLE MAIN TRACK,4,4,West,2,Passenger Train - Pulling,Yes,4607,35,Estimated,35,0.0,DGEIMB,LI,000250,6,,,,,,Yes,1.0,0.0,0.0,0.0,1.0,0.0,0.0,0.0,0.0,1.0,0.0,4.0,0.0,0.0,0.0,0.0,1.0,0.0,0.0,0.0,7039.0,10058.0,17097.0,T111,Wide gage (due to defective or missing spikes or other rail fasteners),T111,Wide gage (due to defective or missing spikes or other rail fasteners),1,1,1,4,0,4,0,0.0,0.0,0.0,0.0,0.0,0.0,0.0,0.0,0.0,0.0,0.0,0.0,NoneNoneNoneNoneNoneNoneNoneNoneNoneNoneNoneNoneNoneNoneNone,Main,4,1L,1L,1,LIEQ800102198001,LIEQ800102198001,Passenger (Formerly Commuter),Class 3,"SMT-1 - Amtrak and Commuter East, some Tourist/Historic",LI,Long Island Rail Road,Not Assigned,Passenger (Formerly Commuter),Class 3,"SMT-1 - Amtrak and Commuter East, some Tourist/Historic",LI,Long Island Rail Road,Not Assigned,,0,,,,,,,,,,,,,,,,,0,0,,,,,,,,,,,,,,
LI,Long Island Rail Road,1980,EQ800102,80,01,LI,Long Island Rail Road,EQ800102,80,01,12,1980-01-12,9:40 AM,01,Derailment,0.0,0.0,0.0,0.0,??????,,SMITHTOWN,46.0,36,NY,NEW YORK,103,SUFFOLK,1,35.0,2,Day,1,Clear,1,Main,SINGLE MAIN TRACK,4,4,West,2,Passenger Train - Pulling,Yes,4607,35,Estimated,35,0.0,DGEIMB,LI,000250,6,,,,,,Yes,1.0,0.0,0.0,0.0,1.0,0.0,0.0,0.0,0.0,1.0,0.0,4.0,0.0,0.0,0.0,0.0,1.0,0.0,0.0,0.0,7039.0,10058.0,17097.0,T111,Wide gage (due to defective or missing spikes or other rail fasteners),T111,Wide gage (due to defective or missing spikes or other rail fasteners),1,1,1,4,0,4,0,0.0,0.0,0.0,0.0,0.0,0.0,0.0,0.0,0.0,0.0,0.0,0.0,NoneNoneNoneNoneNoneNoneNoneNoneNoneNoneNoneNoneNoneNoneNone,Main,4,1L,1L,1,LIEQ800102198001,LIEQ800102198001,Passenger (Formerly Commuter),Class 3,"SMT-1 - Amtrak and Commuter East, some Tourist/Historic",LI,Long Island Rail Road,Not Assigned,Passenger (Formerly Commuter),Class 3,"SMT-1 - Amtrak and Commuter East, some Tourist/Historic",LI,Long Island Rail Road,Not Assigned,,0,,,,,,,,,,,,,,,,,0,0,,,,,,,,,,,,,,
LI,Long Island Rail Road,1980,EQ800102,80,01,LI,Long Island Rail Road,EQ800102,80,01,12,1980-01-12,9:40 AM,01,Derailment,0.0,0.0,0.0,0.0,??????,,SMITHTOWN,46.0,36,NY,NEW YORK,103,SUFFOLK,1,35.0,2,Day,1,Clear,1,Main,SINGLE MAIN TRACK,4,4,West,2,Passenger Train - Pulling,Yes,4607,35,Estimated,35,0.0,DGEIMB,LI,000250,6,,,,,,Yes,1.0,0.0,0.0,0.0,1.0,0.0,0.0,0.0,0.0,1.0,0.0,4.0,0.0,0.0,0.0,0.0,1.0,0.0,0.0,0.0,7039.0,10058.0,17097.0,T111,Wide gage (due to defective or missing spikes or other rail fasteners),T111,Wide gage (due to defective or missing spikes or other rail fasteners),1,1,1,4,0,4,0,0.0,0.0,0.0,0.0,0.0,0.0,0.0,0.0,0.0,0.0,0.0,0.0,NoneNoneNoneNoneNoneNoneNoneNoneNoneNoneNoneNoneNoneNoneNone,Main,4,1L,1L,1,LIEQ800102198001,LIEQ800102198001,Passenger (Formerly Commuter),Class 3,"SMT-1 - Amtrak and Commuter East, some Tourist/Historic",LI,Long Island Rail Road,Not Assigned,Passenger (Formerly Commuter),Class 3,"SMT-1 - Amtrak and Commuter East, some Tourist/Historic",LI,Long Island Rail Road,Not Assigned,,0,,,,,,,,,,,,,,,,,0,0,,,,,,,,,,,,,,
LI,Long Island Rail Road,1980,EQ800102,80,01,LI,Long Island Rail Road,EQ800102,80,01,12,1980-01-12,9:40 AM,01,Derailment,0.0,0.0,0.0,0.0,??????,,SMITHTOWN,46.0,36,NY,NEW YORK,103,SUFFOLK,1,35.0,2,Day,1,Clear,1,Main,SINGLE MAIN TRACK,4,4,West,2,Passenger Train - Pulling,Yes,4607,35,Estimated,35,0.0,DGEIMB,LI,000250,6,,,,,,Yes,1.0,0.0,0.0,0.0,1.0,0.0,0.0,0.0,0.0,1.0,0.0,4.0,0.0,0.0,0.0,0.0,1.0,0.0,0.0,0.0,7039.0,10058.0,17097.0,T111,Wide gage (due to defective or missing spikes or other rail fasteners),T111,Wide gage (due to defective or missing spikes or other rail fasteners),1,1,1,4,0,4,0,0.0,0.0,0.0,0.0,0.0,0.0,0.0,0.0,0.0,0.0,0.0,0.0,NoneNoneNoneNoneNoneNoneNoneNoneNoneNoneNoneNoneNoneNoneNone,Main,4,1L,1L,1,LIEQ800102198001,LIEQ800102198001,Passenger (Formerly Commuter),Class 3,"SMT-1 - Amtrak and Commuter East, some Tourist/Historic",LI,Long Island Rail Road,Not Assigned,Passenger (Formerly Commuter),Class 3,"SMT-1 - Amtrak and Commuter East, some Tourist/Historic",LI,Long Island Rail Road,Not Assigned,,0,,,,,,,,,,,,,,,,,0,0,,,,,,,,,,,,,,
LI,Long Island Rail Road,1980,EQ800101,80,01,LI,Long Island Rail Road,EQ800101,80,01,07,1980-01-07,5:43 PM,01,Derailment,0.0,0.0,0.0,0.0,??????,,BABYLON,37.5,36,NY,NEW YORK,103,SUFFOLK,1,40.0,4,Dark,3,Rain,2,Yard,LEAD TRACK,1,3,East,7,Yard/switching,Yes,9692,10,Estimated,10,0.0,NM,LI,009698,3,No,,,,,No,6.0,0.0,0.0,0.0,0.0,2.0,0.0,0.0,0.0,0.0,0.0,0.0,0.0,0.0,0.0,0.0,0.0,0.0,0.0,0.0,19000.0,1400.0,20400.0,M599,Other miscellaneous causes (Provide detailed description in narrative),M599,Other miscellaneous causes (Provide detailed description in narrative),1,1,2,8,29,8,29,0.0,0.0,0.0,0.0,0.0,0.0,0.0,0.0,0.0,0.0,0.0,0.0,NoneNoneNoneNoneNoneNoneNoneNoneNoneNoneNoneNoneNoneNoneNone,Yard,1,1L,1L,1,LIEQ800101198001,LIEQ800101198001,Passenger (Formerly Commuter),Class 3,"SMT-1 - Amtrak and Commuter East, some Tourist/Historic",LI,Long Island Rail Road,Not Assigned,Passenger (Formerly Commuter),Class 3,"SMT-1 - Amtrak and Commuter East, some Tourist/Historic",LI,Long Island Rail Road,Not Assigned,,0,,,,,,,,,,,,,,,,,0,0,,,,,,,,,,,,,,