reportingrailroadcode,reportingrailroadname,report_year,incidentnumber,accidentyear,accidentmonth,maintenancerailroadcode,maintenancerailroadname,maintenanceaccidentnumber,maintenanceaccidentyear,maintenanceaccidentmonth,day,date,time,accident_type_code,accidenttype,hazmatcars,hazmatcarsdamaged,hazmatreleasedcars,personsevacuated,divisioncode,division,station,milepost,statecode,stateabbr,statename,countycode,countyname,district,temperature,visibilitycode,visibility,weather_condition_code,weathercondition,track_type_code,tracktype,trackname,trackclass,train_direction_code,traindirection,equipment_type_code,equipmenttype,equipmentattended,trainnumber,trainspeed,recordedestimatedspeed,maximumspeed,grosstonnage,method_of_operation_code,firstcarinitials,firstcarnumber,firstcarposition,firstcarloaded,causingcarinitials,causingcarnumber,causingcarposition,causingcarloaded,passengerstransported,headendlocomotives,midtrainmanuallocomotives,midtrainremotelocomotives,rearendmanuallocomotives,rearendremotelocomotives,derailedheadendlocomotives,derailedmidtrainmanuallo,derailedmidtrainremotelo,derailedrearendmanualloc,derailedrearendremoteloc,loadedfreightcars,loadedpassengercars,emptyfreightcars,emptypassengercars,cabooses,derailedloadedfreightcars,derailedloadedpassengercars,derailedemptyfreightcars,derailedemptypassengercars,derailedcabooses,equipmentdamagecost,trackdamagecost,totaldamagecost,primaryaccidentcausecode,primaryaccidentcause,accidentcausecode,accidentcause,engineersonduty,conductorsonduty,brakemenonduty,hoursengineersonduty,minutesengineersonduty,hoursconductorsonduty,minutesconductorsonduty,railroademployeeskilled,railroademployeesinjured,passengerskilled,passengersinjured,otherskilled,othersinjured,personskilledforreportin,personsinjuredforreporti,totalpersonskilled,totalpersonsinjured,totalkilledform54,totalinjuredform54,narrative,jointtracktype,jointtrackclass,classcode,class,jointcd,incidentkey,reportkey,reporting_railroad_company_grouping,reporting_railroad_class,reporting_railroad_smt_grouping,reporting_parent_railroad_company_code,reporting_parent_railroad_company_name,reporting_railroad_holding_company,maintenance_railroad_company_grouping,maintenance_railroad_class,maintenance_railroad_smt_grouping,maintenance_parent_railroad_company_code,maintenance_parent_railroad_company_name,maintenance_railroad_holding_company,trackdensity,firemenonduty,gxid,contributingaccidentcausecode,contributingaccidentcause,subdivision,signalization_code,signalization,methodofoperation,adjunct_1,adjunctcode1,remote_control_locomotive_code,remotecontrollocomotive,specialstudy1,latitude,longitude,adjunct_2,adjunctcode2,positivealcoholtests,positivedrugtests,specialstudy2,adjunct_3,adjunctcode3,otherrailroadcode,otherrailroadname,otheraccidentnumber,accidentyearother,accidentmonthother,other_railroad_company_grouping,other_railroad_class,other_railroad_smt_grouping,other_parent_railroad_company_code,other_parent_railroad_company_name,other_railroad_holding_company
LI,Long Island Rail Road,1980,EQ800401,80,04,LI,Long Island Rail Road,EQ800401,80,04,20,1980-04-20,11:05 AM,01,Derailment,0.0,0.0,0.0,0.0,??????,,YAPHANK,58.6,36,NY,NEW YORK,103,SUFFOLK,1,68.0,2,Day,1,Clear,1,Main,SINGLE MAIN TRACK,3,3,East,2,Passenger Train - Pulling,Yes,4200,40,Estimated,40,0.0,OIM,LI,000275,1,,,,,,Yes,1.0,0.0,0.0,0.0,0.0,1.0,0.0,0.0,0.0,0.0,0.0,5.0,0.0,0.0,0.0,0.0,3.0,0.0,0.0,0.0,3500.0,2641.0,6141.0,T099,Other roadbed defects (Provide detailed description in narrative),T099,Other roadbed defects (Provide detailed description in narrative),1,1,2,0,34,0,34,0.0,0.0,0.0,0.0,0.0,0.0,0.0,0.0,0.0,0.0,0.0,0.0,NoneNoneNoneNoneNoneNoneNoneNoneNoneNoneNoneNoneNoneNoneNone,Main,3,1L,1L,1,LIEQ800401198004,LIEQ800401198004,Passenger (Formerly Commuter),Class 3,"SMT-1 - Amtrak and Commuter East, some Tourist/Historic",LI,Long Island Rail Road,Not Assigned,Passenger (Formerly Commuter),Class 3,"SMT-1 - Amtrak and Commuter East, some Tourist/Historic",LI,Long Island Rail Road,Not Assigned,,0,,,,,,,,,,,,,,,,,0,0,,,,,,,,,,,,,,
LI,Long Island Rail Road,1980,EQ800501,80,05,LI,Long Island Rail Road,EQ800501,80,05,30,1980-05-30,10:15 AM,12,Other impacts,0.0,0.0,0.0,0.0,??????,,LYNBROOK,16.7,36,NY,NEW YORK,59,NASSAU,1,68.0,2,Day,2,Cloudy,1,Main,NO 2 TRACK,4,3,East,8,Light loco(s),Yes,918,50,Estimated,50,0.0,GIM,LI,009260,3,No,,,,,No,8.0,0.0,0.0,0.0,0.0,0.0,0.0,0.0,0.0,0.0,0.0,0.0,0.0,0.0,0.0,0.0,0.0,0.0,0.0,0.0,60000.0,0.0,60000.0,M404,"Object or equipment on or fouling track - other than above (for  vandalism, see code M503)",M404,"Object or equipment on or fouling track - other than above (for  vandalism, see code M503)",1,1,2,3,41,3,41,0.0,0.0,0.0,0.0,0.0,0.0,0.0,0.0,0.0,0.0,0.0,0.0,NoneNoneNoneNoneNoneNoneNoneNoneNoneNoneNoneNoneNoneNoneNone,Main,4,1L,1L,1,LIEQ800501198005,LIEQ800501198005,Passenger (Formerly Commuter),Class 3,"SMT-1 - Amtrak and Commuter East, some Tourist/Historic",LI,Long Island Rail Road,Not Assigned,Passenger (Formerly Commuter),Class 3,"SMT-1 - Amtrak and Commuter East, some Tourist/Historic",LI,Long Island Rail Road,Not Assigned,,0,,M503,"Vandalism of track or track appliances, e.g., objects  placed on track, switch thrown, etc.",,,,,,,,,,,,,,0,0,,,,,,,,,,,,,,
LI,Long Island Rail Road,1980,EQ801002,80,10,LI,Long Island Rail Road,EQ801002,80,10,07,1980-10-07,8:57 AM,03,Rear end collision,0.0,0.0,0.0,0.0,??????,,LYNBROOK,MP17,36,NY,NEW YORK,59,NASSAU,1,62.0,2,Day,1,Clear,1,Main,NO 2 TRACK,4,3,East,8,Light loco(s),Yes,804,0,Estimated,0,0.0,GIM,LI,009741,10,No,,,,,No,9.0,1.0,0.0,0.0,0.0,2.0,0.0,0.0,0.0,0.0,0.0,0.0,0.0,0.0,0.0,0.0,0.0,0.0,0.0,0.0,250000.0,0.0,1542700.0,M599,Other miscellaneous causes (Provide detailed description in narrative),M599,Other miscellaneous causes (Provide detailed description in narrative),1,1,2,8,37,8,37,0.0,7.0,0.0,0.0,0.0,0.0,0.0,7.0,0.0,7.0,0.0,0.0,NoneNoneNoneNoneNoneNoneNoneNoneNoneNoneNoneNoneNoneNoneNone,Main,4,1L,1L,1,LIEQ801002198010,LIEQ801002198010,Passenger (Formerly Commuter),Class 3,"SMT-1 - Amtrak and Commuter East, some Tourist/Historic",LI,Long Island Rail Road,Not Assigned,Passenger (Formerly Commuter),Class 3,"SMT-1 - Amtrak and Commuter East, some Tourist/Historic",LI,Long Island Rail Road,Not Assigned,,0,,,,,,,,,,,,,,,,,0,0,,,,,,,,,,,,,,
LI,Long Island Rail Road,1980,EQ801002,80,10,LI,Long Island Rail Road,EQ801002,80,10,07,1980-10-07,8:57 AM,03,Rear end collision,0.0,0.0,0.0,0.0,??????,,LYNBROOK,17.0,36,NY,NEW YORK,59,NASSAU,1,62.0,2,Day,1,Clear,1,Main,NO 2 TRACK,4,3,East,8,Light loco(s),Yes,816,0,,0,0.0,GIM,LI,009520,1,No,,,,,No,9.0,3.0,0.0,0.0,0.0,8.0,0.0,0.0,0.0,0.0,0.0,0.0,0.0,0.0,0.0,0.0,0.0,0.0,0.0,0.0,850000.0,42700.0,1542700.0,M599,Other miscellaneous causes (Provide detailed description in narrative),M599,Other miscellaneous causes (Provide detailed description in narrative),1,1,2,7,47,7,47,0.0,0.0,0.0,0.0,0.0,0.0,0.0,7.0,0.0,7.0,0.0,3.0,NoneNoneNoneNoneNoneNoneNoneNoneNoneNoneNoneNoneNoneNoneNone,Main,4,1L,1L,3,LIEQ801002198010,LIEQ801002198010,Passenger (Formerly Commuter),Class 3,"SMT-1 - Amtrak and Commuter East, some Tourist/Historic",LI,Long Island Rail Road,Not Assigned,Passenger (Formerly Commuter),Class 3,"SMT-1 - Amtrak and Commuter East, some Tourist/Historic",LI,Long Island Rail Road,Not Assigned,,0,,,,,,,,,,,,,,,,,0,0,,,,,,,,,,,,,,
LI,Long Island Rail Road,1980,EQ801002,80,10,LI,Long Island Rail Road,EQ801002,80,10,07,1980-10-07,8:57 AM,03,Rear end collision,0.0,0.0,0.0,0.0,??????,,LYNBROOK,MP17,36,NY,NEW YORK,59,NASSAU,1,62.0,2,Day,1,Clear,1,Main,NO 2 TRACK,4,3,East,8,Light loco(s),Yes,814,0,Estimated,0,0.0,GIM,LI,009047,8,No,,,,,No,8.0,0.0,0.0,0.0,0.0,5.0,0.0,0.0,0.0,0.0,0.0,0.0,0.0,0.0,0.0,0.0,0.0,0.0,0.0,0.0,400000.0,0.0,1542700.0,M599,Other miscellaneous causes (Provide detailed description in narrative),M599,Other miscellaneous causes (Provide detailed description in narrative),1,1,2,1,47,1,47,0.0,0.0,0.0,0.0,0.0,0.0,0.0,7.0,0.0,7.0,0.0,4.0,NoneNoneNoneNoneNoneNoneNoneNoneNoneNoneNoneNoneNoneNoneNone,Main,4,1L,1L,3,LIEQ801002198010,LIEQ801002198010,Passenger (Formerly Commuter),Class 3,"SMT-1 - Amtrak and Commuter East, some Tourist/Historic",LI,Long Island Rail Road,Not Assigned,Passenger (Formerly Commuter),Class 3,"SMT-1 - Amtrak and Commuter East, some Tourist/Historic",LI,Long Island Rail Road,Not Assigned,,0,,,,,,,,,,,,,,,,,0,0,,,,,,,,,,,,,,
LI,Long Island Rail Road,1980,TS801201,80,12,LI,Long Island Rail Road,TS801201,80,12,05,1980-12-05,7:02 AM,07,Hwy-rail crossing,0.0,0.0,0.0,0.0,??????,,NEW HYDE PARK,16.2,36,NY,NEW YORK,59,NASSAU,1,24.0,1,Dawn,1,Clear,1,Main,NO 2 TRACK,4,3,East,8,Light loco(s),Yes,622,65,Estimated,65,0.0,DGEIMB,LI,009660,1,No,,,,,No,9.0,1.0,0.0,0.0,0.0,0.0,0.0,0.0,0.0,0.0,0.0,0.0,0.0,0.0,0.0,0.0,0.0,0.0,0.0,0.0,11500.0,0.0,11500.0,M399,Other causes (Provide detailed description in narrative),M399,Other causes (Provide detailed description in narrative),1,1,2,5,56,5,56,0.0,0.0,0.0,0.0,0.0,1.0,0.0,1.0,0.0,1.0,0.0,0.0,NoneNoneNoneNoneNoneNoneNoneNoneNoneNoneNoneNoneNoneNoneNone,Main,4,1L,1L,1,LITS801201198012,LITS801201198012,Passenger (Formerly Commuter),Class 3,"SMT-1 - Amtrak and Commuter East, some Tourist/Historic",LI,Long Island Rail Road,Not Assigned,Passenger (Formerly Commuter),Class 3,"SMT-1 - Amtrak and Commuter East, some Tourist/Historic",LI,Long Island Rail Road,Not Assigned,,0,338141W,,,,,,,,,,,,,,,,,,,,,,,,,,,,,,,
LI,Long Island Rail Road,1980,TS801201,80,12,LI,Long Island Rail Road,TS801201,80,12,05,1980-12-05,7:02 AM,07,Hwy-rail crossing,0.0,0.0,0.0,0.0,??????,,NEW HYDE PARK,16.2,36,NY,NEW YORK,59,NASSAU,1,24.0,1,Dawn,1,Clear,1,Main,NO 2 TRACK,4,3,East,8,Light loco(s),Yes,622,65,Estimated,65,0.0,DGEIMB,LI,009660,1,No,,,,,No,9.0,1.0,0.0,0.0,0.0,0.0,0.0,0.0,0.0,0.0,0.0,0.0,0.0,0.0,0.0,0.0,0.0,0.0,0.0,0.0,11500.0,0.0,11500.0,M399,Other causes (Provide detailed description in narrative),M399,Other causes (Provide detailed description in narrative),1,1,2,5,56,5,56,0.0,0.0,0.0,0.0,0.0,1.0,0.0,1.0,0.0,1.0,0.0,0.0,NoneNoneNoneNoneNoneNoneNoneNoneNoneNoneNoneNoneNoneNoneNone,Main,4,1L,1L,1,LITS801201198012,LITS801201198012,Passenger (Formerly Commuter),Class 3,"SMT-1 - Amtrak and Commuter East, some Tourist/Historic",LI,Long Island Rail Road,Not Assigned,Passenger (Formerly Commuter),Class 3,"SMT-1 - Amtrak and Commuter East, some Tourist/Historic",LI,Long Island Rail Road,Not Assigned,,0,338141W,,,,,,,,,,,,,,,,,,,,,,,,,,,,,,,
LI,Long Island Rail Road,1980,TS801201,80,12,LI,Long Island Rail Road,TS801201,80,12,05,1980-12-05,7:02 AM,07,Hwy-rail crossing,0.0,0.0,0.0,0.0,??????,,NEW HYDE PARK,16.2,36,NY,NEW YORK,59,NASSAU,1,24.0,1,Dawn,1,Clear,1,Main,NO 2 TRACK,4,3,East,8,Light loco(s),Yes,622,65,Estimated,65,0.0,DGEIMB,LI,009660,1,No,,,,,No,9.0,1.0,0.0,0.0,0.0,0.0,0.0,0.0,0.0,0.0,0.0,0.0,0.0,0.0,0.0,0.0,0.0,0.0,0.0,0.0,11500.0,0.0,11500.0,M399,Other causes (Provide detailed description in narrative),M399,Other causes (Provide detailed description in narrative),1,1,2,5,56,5,56,0.0,0.0,0.0,0.0,0.0,1.0,0.0,1.0,0.0,1.0,0.0,0.0,NoneNoneNoneNoneNoneNoneNoneNoneNoneNoneNoneNoneNoneNoneNone,Main,4,1L,1L,1,LITS801201198012,LITS801201198012,Passenger (Formerly Commuter),Class 3,"SMT-1 - Amtrak and Commuter East, some Tourist/Historic",LI,Long Island Rail Road,Not Assigned,Passenger (Formerly Commuter),Class 3,"SMT-1 - Amtrak and Commuter East, some Tourist/Historic",LI,Long Island Rail Road,Not Assigned,,0,338141W,,,,,,,,,,,,,,,,,,,,,,,,,,,,,,,
LI,Long Island Rail Road,1980,TS801201,80,12,LI,Long Island Rail Road,TS801201,80,12,05,1980-12-05,7:02 AM,07,Hwy-rail crossing,0.0,0.0,0.0,0.0,??????,,NEW HYDE PARK,16.2,36,NY,NEW YORK,59,NASSAU,1,24.0,1,Dawn,1,Clear,1,Main,NO 2 TRACK,4,3,East,8,Light loco(s),Yes,622,65,Estimated,65,0.0,DGEIMB,LI,009660,1,No,,,,,No,9.0,1.0,0.0,0.0,0.0,0.0,0.0,0.0,0.0,0.0,0.0,0.0,0.0,0.0,0.0,0.0,0.0,0.0,0.0,0.0,11500.0,0.0,11500.0,M399,Other causes (Provide detailed description in narrative),M399,Other causes (Provide detailed description in narrative),1,1,2,5,56,5,56,0.0,0.0,0.0,0.0,0.0,1.0,0.0,1.0,0.0,1.0,0.0,0.0,NoneNoneNoneNoneNoneNoneNoneNoneNoneNoneNoneNoneNoneNoneNone,Main,4,1L,1L,1,LITS801201198012,LITS801201198012,Passenger (Formerly Commuter),Class 3,"SMT-1 - Amtrak and Commuter East, some Tourist/Historic",LI,Long Island Rail Road,Not Assigned,Passenger (Formerly Commuter),Class 3,"SMT-1 - Amtrak and Commuter East, some Tourist/Historic",LI,Long Island Rail Road,Not Assigned,,0,338141W,,,,,,,,,,,,,,,,,,,,,,,,,,,,,,,
LI,Long Island Rail Road,1979,EQ790104,79,01,LI,Long Island Rail Road,EQ790104,79,01,20,1979-01-20,2:41 AM,11,Fire/violent rupture,0.0,0.0,0.0,0.0,??????,,MASSAPEQUA PARK,29.0,36,NY,NEW YORK,59,NASSAU,1,24.0,4,Dark,2,Cloudy,1,Main,NO. 1 TRACK,4,4,West,2,Passenger Train - Pulling,Yes,221,0,Estimated,0,0.0,DGEIMB,LI,009406,4,No,,,,,Yes,9.0,1.0,0.0,0.0,0.0,0.0,0.0,0.0,0.0,0.0,0.0,0.0,0.0,0.0,0.0,0.0,0.0,0.0,0.0,0.0,23206.0,0.0,23206.0,E74L,Electrically caused fire (LOCOMOTIVE),E74L,Electrically caused fire (LOCOMOTIVE),1,1,2,2,16,2,16,0.0,2.0,0.0,0.0,0.0,0.0,0.0,2.0,0.0,2.0,0.0,2.0,NoneNoneNoneNoneNoneNoneNoneNoneNoneNoneNoneNoneNoneNoneNone,Main,4,1L,1L,1,LIEQ790104197901,LIEQ790104197901,Passenger (Formerly Commuter),Class 3,"SMT-1 - Amtrak and Commuter East, some Tourist/Historic",LI,Long Island Rail Road,Not Assigned,Passenger (Formerly Commuter),Class 3,"SMT-1 - Amtrak and Commuter East, some Tourist/Historic",LI,Long Island Rail Road,Not Assigned,,0,,,,,,,,,,,,,,,,,0,0,,,,,,,,,,,,,,
LI,Long Island Rail Road,1979,EQ790104,79,01,LI,Long Island Rail Road,EQ790104,79,01,20,1979-01-20,2:41 AM,11,Fire/violent rupture,0.0,0.0,0.0,0.0,??????,,MASSAPEQUA PARK,29.0,36,NY,NEW YORK,59,NASSAU,1,24.0,4,Dark,2,Cloudy,1,Main,NO. 1 TRACK,4,4,West,2,Passenger Train - Pulling,Yes,221,0,Estimated,0,0.0,DGEIMB,LI,009406,4,No,,,,,Yes,9.0,1.0,0.0,0.0,0.0,0.0,0.0,0.0,0.0,0.0,0.0,0.0,0.0,0.0,0.0,0.0,0.0,0.0,0.0,0.0,23206.0,0.0,23206.0,E74L,Electrically caused fire (LOCOMOTIVE),E74L,Electrically caused fire (LOCOMOTIVE),1,1,2,2,16,2,16,0.0,2.0,0.0,0.0,0.0,0.0,0.0,2.0,0.0,2.0,0.0,2.0,NoneNoneNoneNoneNoneNoneNoneNoneNoneNoneNoneNoneNoneNoneNone,Main,4,1L,1L,1,LIEQ790104197901,LIEQ790104197901,Passenger (Formerly Commuter),Class 3,"SMT-1 - Amtrak and Commuter East, some Tourist/Historic",LI,Long Island Rail Road,Not Assigned,Passenger (Formerly Commuter),Class 3,"SMT-1 - Amtrak and Commuter East, some Tourist/Historic",LI,Long Island Rail Road,Not Assigned,,0,,,,,,,,,,,,,,,,,0,0,,,,,,,,,,,,,,
LI,Long Island Rail Road,1979,EQ790104,79,01,LI,Long Island Rail Road,EQ790104,79,01,20,1979-01-20,2:41 AM,11,Fire/violent rupture,0.0,0.0,0.0,0.0,??????,,MASSAPEQUA PARK,29.0,36,NY,NEW YORK,59,NASSAU,1,24.0,4,Dark,2,Cloudy,1,Main,NO. 1 TRACK,4,4,West,2,Passenger Train - Pulling,Yes,221,0,Estimated,0,0.0,DGEIMB,LI,009406,4,No,,,,,Yes,9.0,1.0,0.0,0.0,0.0,0.0,0.0,0.0,0.0,0.0,0.0,0.0,0.0,0.0,0.0,0.0,0.0,0.0,0.0,0.0,23206.0,0.0,23206.0,E74L,Electrically caused fire (LOCOMOTIVE),E74L,Electrically caused fire (LOCOMOTIVE),1,1,2,2,16,2,16,0.0,2.0,0.0,0.0,0.0,0.0,0.0,2.0,0.0,2.0,0.0,2.0,NoneNoneNoneNoneNoneNoneNoneNoneNoneNoneNoneNoneNoneNoneNone,Main,4,1L,1L,1,LIEQ790104197901,LIEQ790104197901,Passenger (Formerly Commuter),Class 3,"SMT-1 - Amtrak and Commuter East, some Tourist/Historic",LI,Long Island Rail Road,Not Assigned,Passenger (Formerly Commuter),Class 3,"SMT-1 - Amtrak and Commuter East, some Tourist/Historic",LI,Long Island Rail Road,Not Assigned,,0,,,,,,,,,,,,,,,,,0,0,,,,,,,,,,,,,,
LI,Long Island Rail Road,1979,EQ790104,79,01,LI,Long Island Rail Road,EQ790104,79,01,20,1979-01-20,2:41 AM,11,Fire/violent rupture,0.0,0.0,0.0,0.0,??????,,MASSAPEQUA PARK,29.0,36,NY,NEW YORK,59,NASSAU,1,24.0,4,Dark,2,Cloudy,1,Main,NO. 1 TRACK,4,4,West,2,Passenger Train - Pulling,Yes,221,0,Estimated,0,0.0,DGEIMB,LI,009406,4,No,,,,,Yes,9.0,1.0,0.0,0.0,0.0,0.0,0.0,0.0,0.0,0.0,0.0,0.0,0.0,0.0,0.0,0.0,0.0,0.0,0.0,0.0,23206.0,0.0,23206.0,E74L,Electrically caused fire (LOCOMOTIVE),E74L,Electrically caused fire (LOCOMOTIVE),1,1,2,2,16,2,16,0.0,2.0,0.0,0.0,0.0,0.0,0.0,2.0,0.0,2.0,0.0,2.0,NoneNoneNoneNoneNoneNoneNoneNoneNoneNoneNoneNoneNoneNoneNone,Main,4,1L,1L,1,LIEQ790104197901,LIEQ790104197901,Passenger (Formerly Commuter),Class 3,"SMT-1 - Amtrak and Commuter East, some Tourist/Historic",LI,Long Island Rail Road,Not Assigned,Passenger (Formerly Commuter),Class 3,"SMT-1 - Amtrak and Commuter East, some Tourist/Historic",LI,Long Island Rail Road,Not Assigned,,0,,,,,,,,,,,,,,,,,0,0,,,,,,,,,,,,,,
LI,Long Island Rail Road,1979,EQ790201,79,02,LI,Long Island Rail Road,EQ790201,79,02,13,1979-02-13,7:40 PM,01,Derailment,0.0,0.0,0.0,0.0,??????,,PORT WASHINGTON,17.9,36,NY,NEW YORK,59,NASSAU,1,15.0,4,Dark,2,Cloudy,2,Yard,SWITCHING LEAD TK,1,3,East,2,Passenger Train - Pulling,,9424,7,Estimated,7,0.0,N,LI,009173,6,No,,,,,Yes,9.0,1.0,0.0,0.0,0.0,1.0,0.0,0.0,0.0,0.0,0.0,0.0,0.0,0.0,0.0,0.0,0.0,0.0,0.0,0.0,90352.0,2200.0,92552.0,H704,Switch previously run through,H704,Switch previously run through,,,,,,,,0.0,0.0,0.0,0.0,0.0,0.0,0.0,0.0,0.0,0.0,0.0,0.0,NoneNoneNoneNoneNoneNoneNoneNoneNoneNoneNoneNoneNoneNoneNone,Yard,1,1L,1L,1,LIEQ790201197902,LIEQ790201197902,Passenger (Formerly Commuter),Class 3,"SMT-1 - Amtrak and Commuter East, some Tourist/Historic",LI,Long Island Rail Road,Not Assigned,Passenger (Formerly Commuter),Class 3,"SMT-1 - Amtrak and Commuter East, some Tourist/Historic",LI,Long Island Rail Road,Not Assigned,,,,,,,,,,,,,,,,,,,0,0,,,,,,,,,,,,,,
LI,Long Island Rail Road,2001,EQ20010904,01,09,LI,Long Island Rail Road,EQ20010904,01,09,14,2001-09-14,7:39 AM,09,Obstruction,0.0,0.0,0.0,0.0,SYSTEM,SYSTEM,HEMPSTEAD,19.8,36,NY,NEW YORK,59,NASSAU,1,62.0,2,Day,3,Rain,2,Yard,TRACK 7,1,3,East,7,Yard/switching,Yes,721,3,Estimated,3,0.0,IMN,LI,009476,1,No,,,0,,No,1.0,0.0,0.0,0.0,0.0,0.0,0.0,0.0,0.0,0.0,0.0,0.0,0.0,5.0,0.0,0.0,0.0,0.0,0.0,0.0,16909.0,637.0,17546.0,H307,"Shoving movement, man on or at leading end of movement, failure to control",H307,"Shoving movement, man on or at leading end of movement, failure to control",1,1,1,,28,,28,0.0,0.0,0.0,0.0,0.0,0.0,0.0,0.0,0.0,0.0,0.0,0.0,A SHOVING MOVE WAS BEING MADE EASTWARD IN HEMPSTEAD YARD INTO STATION TRACK NUMBER 7 WITH THE CONDUCTOR ON THE LEADING END OF THE MOVEMENT.  THE CONDUCTOR FAILED TO CONTROL THE MOVEMENT (FRA CAUSE CODE H307) RESULTING IN THE EAST CAR OF THE CONSIST STRIKING THE BUMPER BLOCK CAUSING DAMAGE TO EAST MUCAR NUMBER 9476.NoneNoneNoneNoneNoneNoneNoneNoneNoneNoneNone,Yard,1,3L,3L,1,LIEQ20010904200109,LIEQ20010904200109,Passenger (Formerly Commuter),Class 3,"SMT-1 - Amtrak and Commuter East, some Tourist/Historic",LI,Long Island Rail Road,Not Assigned,Passenger (Formerly Commuter),Class 3,"SMT-1 - Amtrak and Commuter East, some Tourist/Historic",LI,Long Island Rail Road,Not Assigned,,,,,,,,,,,,,,,,,,,,,,,,,,,,,,,,,,
LI,Long Island Rail Road,2001,EQ20010802,01,08,LI,Long Island Rail Road,EQ20010802,01,08,06,2001-08-06,6:20 AM,01,Derailment,0.0,0.0,0.0,0.0,SYSTEM,SYSTEM,AMITYVILLE,31.3,36,NY,NEW YORK,103,SUFFOLK,1,85.0,1,Dawn,1,Clear,1,Main,MONTAUK 2,4,3,East,2,Passenger Train - Pulling,Yes,3016,50,Estimated,50,0.0,ADFIM,LI,009486,3,No,LI,009486,3,No,No,1.0,0.0,0.0,0.0,0.0,0.0,0.0,0.0,0.0,0.0,0.0,0.0,9.0,0.0,0.0,0.0,0.0,1.0,0.0,0.0,40661.0,59517.0,100178.0,E71L,Traction motor failure (LOCOMOTIVE),E71L,Traction motor failure (LOCOMOTIVE),1,1,1,1,20,1,45,0.0,0.0,0.0,0.0,0.0,0.0,0.0,0.0,0.0,0.0,0.0,0.0,"DUE TO COMMUTATAOR END BEARING FAILURE OF THE NUMBER ONE TRACTION MOTOR OF MU CAR 9486, THE NUMBER ONE TRACTION MOTOR BECAME DISLODGE FROM THE TRUCK FRAME AND DROPPED DOWN AND CAME IN CONTACT WITH THERUNNING RAIL OF THE EAST CROSSOVER WITHIN AMITYVILLE INTERLOCKING.  WHEN THE DROPPEDD TRACTION MOTOR CAME IN CONTACT WITH THE CROSSOVER RUNNING RAIL IT CAUSED THE R-1 WHEEL LIFT OF THE LEAD TRUCK OFMU CAR 9486 AND IMMEDIATE DERAILMENT TO BOTH AXLES OF THE LEAD TRUCK OF MU CAR 9486.  NO INJURIES WERE REPORTED AS A RESULT OF THIS DERAILMENT.NoneNoneNoneNoneNoneNoneNoneNoneNone",Main,4,3L,3L,1,LIEQ20010802200108,LIEQ20010802200108,Passenger (Formerly Commuter),Class 3,"SMT-1 - Amtrak and Commuter East, some Tourist/Historic",LI,Long Island Rail Road,Not Assigned,Passenger (Formerly Commuter),Class 3,"SMT-1 - Amtrak and Commuter East, some Tourist/Historic",LI,Long Island Rail Road,Not Assigned,,0,,,,,,,,,,,,,,,,,,,,,,,,,,,,,,,,
LI,Long Island Rail Road,2001,EQ20010802,01,08,LI,Long Island Rail Road,EQ20010802,01,08,06,2001-08-06,6:20 AM,01,Derailment,0.0,0.0,0.0,0.0,SYSTEM,SYSTEM,AMITYVILLE,31.3,36,NY,NEW YORK,103,SUFFOLK,1,85.0,1,Dawn,1,Clear,1,Main,MONTAUK 2,4,3,East,2,Passenger Train - Pulling,Yes,3016,50,Estimated,50,0.0,ADFIM,LI,009486,3,No,LI,009486,3,No,No,1.0,0.0,0.0,0.0,0.0,0.0,0.0,0.0,0.0,0.0,0.0,0.0,9.0,0.0,0.0,0.0,0.0,1.0,0.0,0.0,40661.0,59517.0,100178.0,E71L,Traction motor failure (LOCOMOTIVE),E71L,Traction motor failure (LOCOMOTIVE),1,1,1,1,20,1,45,0.0,0.0,0.0,0.0,0.0,0.0,0.0,0.0,0.0,0.0,0.0,0.0,"DUE TO COMMUTATAOR END BEARING FAILURE OF THE NUMBER ONE TRACTION MOTOR OF MU CAR 9486, THE NUMBER ONE TRACTION MOTOR BECAME DISLODGE FROM THE TRUCK FRAME AND DROPPED DOWN AND CAME IN CONTACT WITH THERUNNING RAIL OF THE EAST CROSSOVER WITHIN AMITYVILLE INTERLOCKING.  WHEN THE DROPPEDD TRACTION MOTOR CAME IN CONTACT WITH THE CROSSOVER RUNNING RAIL IT CAUSED THE R-1 WHEEL LIFT OF THE LEAD TRUCK OFMU CAR 9486 AND IMMEDIATE DERAILMENT TO BOTH AXLES OF THE LEAD TRUCK OF MU CAR 9486.  NO INJURIES WERE REPORTED AS A RESULT OF THIS DERAILMENT.NoneNoneNoneNoneNoneNoneNoneNoneNone",Main,4,3L,3L,1,LIEQ20010802200108,LIEQ20010802200108,Passenger (Formerly Commuter),Class 3,"SMT-1 - Amtrak and Commuter East, some Tourist/Historic",LI,Long Island Rail Road,Not Assigned,Passenger (Formerly Commuter),Class 3,"SMT-1 - Amtrak and Commuter East, some Tourist/Historic",LI,Long Island Rail Road,Not Assigned,,0,,,,,,,,,,,,,,,,,,,,,,,,,,,,,,,,