reportingrailroadcode,reportingrailroadname,report_year,incidentnumber,accidentyear,accidentmonth,maintenancerailroadcode,maintenancerailroadname,maintenanceaccidentnumber,maintenanceaccidentyear,maintenanceaccidentmonth,day,date,time,accident_type_code,accidenttype,hazmatcars,hazmatcarsdamaged,hazmatreleasedcars,personsevacuated,divisioncode,division,station,milepost,statecode,stateabbr,statename,countycode,countyname,district,temperature,visibilitycode,visibility,weather_condition_code,weathercondition,track_type_code,tracktype,trackname,trackclass,train_direction_code,traindirection,equipment_type_code,equipmenttype,equipmentattended,trainnumber,trainspeed,recordedestimatedspeed,maximumspeed,grosstonnage,method_of_operation_code,firstcarinitials,firstcarnumber,firstcarposition,firstcarloaded,causingcarinitials,causingcarnumber,causingcarposition,causingcarloaded,passengerstransported,headendlocomotives,midtrainmanuallocomotives,midtrainremotelocomotives,rearendmanuallocomotives,rearendremotelocomotives,derailedheadendlocomotives,derailedmidtrainmanuallo,derailedmidtrainremotelo,derailedrearendmanualloc,derailedrearendremoteloc,loadedfreightcars,loadedpassengercars,emptyfreightcars,emptypassengercars,cabooses,derailedloadedfreightcars,derailedloadedpassengercars,derailedemptyfreightcars,derailedemptypassengercars,derailedcabooses,equipmentdamagecost,trackdamagecost,totaldamagecost,primaryaccidentcausecode,primaryaccidentcause,accidentcausecode,accidentcause,engineersonduty,conductorsonduty,brakemenonduty,hoursengineersonduty,minutesengineersonduty,hoursconductorsonduty,minutesconductorsonduty,railroademployeeskilled,railroademployeesinjured,passengerskilled,passengersinjured,otherskilled,othersinjured,personskilledforreportin,personsinjuredforreporti,totalpersonskilled,totalpersonsinjured,totalkilledform54,totalinjuredform54,narrative,jointtracktype,jointtrackclass,classcode,class,jointcd,incidentkey,reportkey,reporting_railroad_company_grouping,reporting_railroad_class,reporting_railroad_smt_grouping,reporting_parent_railroad_company_code,reporting_parent_railroad_company_name,reporting_railroad_holding_company,maintenance_railroad_company_grouping,maintenance_railroad_class,maintenance_railroad_smt_grouping,maintenance_parent_railroad_company_code,maintenance_parent_railroad_company_name,maintenance_railroad_holding_company,trackdensity,firemenonduty,gxid,contributingaccidentcausecode,contributingaccidentcause,subdivision,signalization_code,signalization,methodofoperation,adjunct_1,adjunctcode1,remote_control_locomotive_code,remotecontrollocomotive,specialstudy1,latitude,longitude,adjunct_2,adjunctcode2,positivealcoholtests,positivedrugtests,specialstudy2,adjunct_3,adjunctcode3,otherrailroadcode,otherrailroadname,otheraccidentnumber,accidentyearother,accidentmonthother,other_railroad_company_grouping,other_railroad_class,other_railroad_smt_grouping,other_parent_railroad_company_code,other_parent_railroad_company_name,other_railroad_holding_company
LI,Long Island Rail Road,2001,EQ20010804,01,08,LI,Long Island Rail Road,EQ20010804,01,08,13,2001-08-13,4:33 PM,01,Derailment,0.0,0.0,0.0,0.0,SYSTEM,SYSTEM,SYOSSET,30.2,36,NY,NEW YORK,59,NASSAU,1,85.0,2,Day,3,Rain,1,Main,PORT JEFFERSON 1,4,4,West,2,Passenger Train - Pulling,Yes,4703,45,Estimated,45,0.0,ADGIM,LI,009807,1,No,,,0,,No,1.0,0.0,0.0,0.0,0.0,1.0,0.0,0.0,0.0,0.0,0.0,0.0,0.0,9.0,0.0,0.0,0.0,0.0,9.0,0.0,361250.0,2000000.0,2361250.0,T002,Washout/rain/slide/flood/snow/ice damage to track,T002,Washout/rain/slide/flood/snow/ice damage to track,1,1,1,5,37,5,37,0.0,3.0,0.0,0.0,0.0,0.0,0.0,3.0,0.0,3.0,0.0,3.0,DUE TO WASHOUT OF ROADBED DURING HEAVY RAIN STORM TRAIN NUMBER 4703 DERAILED.  THE WAS A NON PASSENGER EQUIPMENT TRAIN.NoneNoneNoneNoneNoneNoneNoneNoneNoneNoneNoneNoneNone,Main,4,3L,3L,1,LIEQ20010804200108,LIEQ20010804200108,Passenger (Formerly Commuter),Class 3,"SMT-1 - Amtrak and Commuter East, some Tourist/Historic",LI,Long Island Rail Road,Not Assigned,Passenger (Formerly Commuter),Class 3,"SMT-1 - Amtrak and Commuter East, some Tourist/Historic",LI,Long Island Rail Road,Not Assigned,,0,,,,,,,,,,,,,,,,,,,,,,,,,,,,,,,,
LI,Long Island Rail Road,2001,EQ20010804,01,08,LI,Long Island Rail Road,EQ20010804,01,08,13,2001-08-13,4:33 PM,01,Derailment,0.0,0.0,0.0,0.0,SYSTEM,SYSTEM,SYOSSET,30.2,36,NY,NEW YORK,59,NASSAU,1,85.0,2,Day,3,Rain,1,Main,PORT JEFFERSON 1,4,4,West,2,Passenger Train - Pulling,Yes,4703,45,Estimated,45,0.0,ADGIM,LI,009807,1,No,,,0,,No,1.0,0.0,0.0,0.0,0.0,1.0,0.0,0.0,0.0,0.0,0.0,0.0,0.0,9.0,0.0,0.0,0.0,0.0,9.0,0.0,361250.0,2000000.0,2361250.0,T002,Washout/rain/slide/flood/snow/ice damage to track,T002,Washout/rain/slide/flood/snow/ice damage to track,1,1,1,5,37,5,37,0.0,3.0,0.0,0.0,0.0,0.0,0.0,3.0,0.0,3.0,0.0,3.0,DUE TO WASHOUT OF ROADBED DURING HEAVY RAIN STORM TRAIN NUMBER 4703 DERAILED.  THE WAS A NON PASSENGER EQUIPMENT TRAIN.NoneNoneNoneNoneNoneNoneNoneNoneNoneNoneNoneNoneNone,Main,4,3L,3L,1,LIEQ20010804200108,LIEQ20010804200108,Passenger (Formerly Commuter),Class 3,"SMT-1 - Amtrak and Commuter East, some Tourist/Historic",LI,Long Island Rail Road,Not Assigned,Passenger (Formerly Commuter),Class 3,"SMT-1 - Amtrak and Commuter East, some Tourist/Historic",LI,Long Island Rail Road,Not Assigned,,0,,,,,,,,,,,,,,,,,,,,,,,,,,,,,,,,
LI,Long Island Rail Road,2001,EQ20010805,01,08,LI,Long Island Rail Road,EQ20010805,01,08,13,2001-08-13,4:13 PM,01,Derailment,0.0,0.0,0.0,0.0,SYSTEM,SYSTEM,SYOSSET,30.2,36,NY,NEW YORK,103,SUFFOLK,1,85.0,2,Day,3,Rain,1,Main,PORT JEFFERSON 1,4,4,West,2,Passenger Train - Pulling,Yes,1713,45,Estimated,45,0.0,ADGIM,LI,009737,7,Yes,,,0,,Yes,1.0,0.0,0.0,0.0,0.0,0.0,0.0,0.0,0.0,0.0,0.0,8.0,0.0,1.0,0.0,0.0,2.0,0.0,0.0,0.0,19424.0,165424.0,184848.0,T002,Washout/rain/slide/flood/snow/ice damage to track,T002,Washout/rain/slide/flood/snow/ice damage to track,1,1,1,2,39,2,39,0.0,0.0,0.0,0.0,0.0,0.0,0.0,0.0,0.0,0.0,0.0,0.0,"DUE TO WASHOUT OF ROADBED DURING HEAVY RAIN STORN, PASSENGER TRAIN NUMBER 1713 DERAILED.  NO INJURIES WERE REPORTED AS A RESULT OF THIS ACCIDENT.NoneNoneNoneNoneNoneNoneNoneNoneNoneNoneNoneNoneNone",Main,4,3L,3L,1,LIEQ20010805200108,LIEQ20010805200108,Passenger (Formerly Commuter),Class 3,"SMT-1 - Amtrak and Commuter East, some Tourist/Historic",LI,Long Island Rail Road,Not Assigned,Passenger (Formerly Commuter),Class 3,"SMT-1 - Amtrak and Commuter East, some Tourist/Historic",LI,Long Island Rail Road,Not Assigned,,0,,,,,,,,,,,,,,,,,,,,,,,,,,,,,,,,
LI,Long Island Rail Road,2001,EQ20010805,01,08,LI,Long Island Rail Road,EQ20010805,01,08,13,2001-08-13,4:13 PM,01,Derailment,0.0,0.0,0.0,0.0,SYSTEM,SYSTEM,SYOSSET,30.2,36,NY,NEW YORK,103,SUFFOLK,1,85.0,2,Day,3,Rain,1,Main,PORT JEFFERSON 1,4,4,West,2,Passenger Train - Pulling,Yes,1713,45,Estimated,45,0.0,ADGIM,LI,009737,7,Yes,,,0,,Yes,1.0,0.0,0.0,0.0,0.0,0.0,0.0,0.0,0.0,0.0,0.0,8.0,0.0,1.0,0.0,0.0,2.0,0.0,0.0,0.0,19424.0,165424.0,184848.0,T002,Washout/rain/slide/flood/snow/ice damage to track,T002,Washout/rain/slide/flood/snow/ice damage to track,1,1,1,2,39,2,39,0.0,0.0,0.0,0.0,0.0,0.0,0.0,0.0,0.0,0.0,0.0,0.0,"DUE TO WASHOUT OF ROADBED DURING HEAVY RAIN STORN, PASSENGER TRAIN NUMBER 1713 DERAILED.  NO INJURIES WERE REPORTED AS A RESULT OF THIS ACCIDENT.NoneNoneNoneNoneNoneNoneNoneNoneNoneNoneNoneNoneNone",Main,4,3L,3L,1,LIEQ20010805200108,LIEQ20010805200108,Passenger (Formerly Commuter),Class 3,"SMT-1 - Amtrak and Commuter East, some Tourist/Historic",LI,Long Island Rail Road,Not Assigned,Passenger (Formerly Commuter),Class 3,"SMT-1 - Amtrak and Commuter East, some Tourist/Historic",LI,Long Island Rail Road,Not Assigned,,0,,,,,,,,,,,,,,,,,,,,,,,,,,,,,,,,
LI,Long Island Rail Road,2001,EQ20010701,01,07,LI,Long Island Rail Road,EQ20010701,01,07,11,2001-07-11,12:30 AM,09,Obstruction,0.0,0.0,0.0,0.0,SYSTEM,SYSTEM,HICKSVILLE,22,36,NY,NEW YORK,59,NASSAU,1,68.0,4,Dark,1,Clear,1,Main,MAIN LINE 1,4,4,West,2,Passenger Train - Pulling,Yes,1601,59,Estimated,59,0.0,ADFLM,LI,009555,1,No,,,0,,Yes,1.0,0.0,0.0,0.0,0.0,0.0,0.0,0.0,0.0,0.0,0.0,4.0,0.0,5.0,0.0,0.0,0.0,0.0,0.0,0.0,15000.0,0.0,15000.0,M503,"Vandalism of track or track appliances, e.g., objects  placed on track, switch thrown, etc.",M503,"Vandalism of track or track appliances, e.g., objects  placed on track, switch thrown, etc.",1,1,1,7,31,7,31,0.0,0.0,0.0,0.0,0.0,0.0,0.0,0.0,0.0,0.0,0.0,0.0,TRAIN 1601 WAS OPERATING WESTWARD ON MAIN LINE NUMBER 1 AT HICKSVILLE WHEN THE TRAIN STRUCK METAL DEBRIS THAT WAS PLACED ON TRACK BY VANDALS (FRA CAUSE CODE M503).  THE DEBRIS STRIKE RESULTED IN DAMAGE TO MU CARS 9555 AND 9556.  NO INJURIES WERE REPORTED AS A RESULT OF THIS ACCIDENT.NoneNoneNoneNoneNoneNoneNoneNoneNoneNoneNoneNone,Main,4,3L,3L,1,LIEQ20010701200107,LIEQ20010701200107,Passenger (Formerly Commuter),Class 3,"SMT-1 - Amtrak and Commuter East, some Tourist/Historic",LI,Long Island Rail Road,Not Assigned,Passenger (Formerly Commuter),Class 3,"SMT-1 - Amtrak and Commuter East, some Tourist/Historic",LI,Long Island Rail Road,Not Assigned,,0,,,,,,,,,,,,,,,,,,,,,,,,,,,,,,,,
LI,Long Island Rail Road,2001,EQ20010701,01,07,LI,Long Island Rail Road,EQ20010701,01,07,11,2001-07-11,12:30 AM,09,Obstruction,0.0,0.0,0.0,0.0,SYSTEM,SYSTEM,HICKSVILLE,22,36,NY,NEW YORK,59,NASSAU,1,68.0,4,Dark,1,Clear,1,Main,MAIN LINE 1,4,4,West,2,Passenger Train - Pulling,Yes,1601,59,Estimated,59,0.0,ADFLM,LI,009555,1,No,,,0,,Yes,1.0,0.0,0.0,0.0,0.0,0.0,0.0,0.0,0.0,0.0,0.0,4.0,0.0,5.0,0.0,0.0,0.0,0.0,0.0,0.0,15000.0,0.0,15000.0,M503,"Vandalism of track or track appliances, e.g., objects  placed on track, switch thrown, etc.",M503,"Vandalism of track or track appliances, e.g., objects  placed on track, switch thrown, etc.",1,1,1,7,31,7,31,0.0,0.0,0.0,0.0,0.0,0.0,0.0,0.0,0.0,0.0,0.0,0.0,TRAIN 1601 WAS OPERATING WESTWARD ON MAIN LINE NUMBER 1 AT HICKSVILLE WHEN THE TRAIN STRUCK METAL DEBRIS THAT WAS PLACED ON TRACK BY VANDALS (FRA CAUSE CODE M503).  THE DEBRIS STRIKE RESULTED IN DAMAGE TO MU CARS 9555 AND 9556.  NO INJURIES WERE REPORTED AS A RESULT OF THIS ACCIDENT.NoneNoneNoneNoneNoneNoneNoneNoneNoneNoneNoneNone,Main,4,3L,3L,1,LIEQ20010701200107,LIEQ20010701200107,Passenger (Formerly Commuter),Class 3,"SMT-1 - Amtrak and Commuter East, some Tourist/Historic",LI,Long Island Rail Road,Not Assigned,Passenger (Formerly Commuter),Class 3,"SMT-1 - Amtrak and Commuter East, some Tourist/Historic",LI,Long Island Rail Road,Not Assigned,,0,,,,,,,,,,,,,,,,,,,,,,,,,,,,,,,,
LI,Long Island Rail Road,2001,EQ20010701,01,07,LI,Long Island Rail Road,EQ20010701,01,07,11,2001-07-11,12:30 AM,09,Obstruction,0.0,0.0,0.0,0.0,SYSTEM,SYSTEM,HICKSVILLE,22,36,NY,NEW YORK,59,NASSAU,1,68.0,4,Dark,1,Clear,1,Main,MAIN LINE 1,4,4,West,2,Passenger Train - Pulling,Yes,1601,59,Estimated,59,0.0,ADFLM,LI,009555,1,No,,,0,,Yes,1.0,0.0,0.0,0.0,0.0,0.0,0.0,0.0,0.0,0.0,0.0,4.0,0.0,5.0,0.0,0.0,0.0,0.0,0.0,0.0,15000.0,0.0,15000.0,M503,"Vandalism of track or track appliances, e.g., objects  placed on track, switch thrown, etc.",M503,"Vandalism of track or track appliances, e.g., objects  placed on track, switch thrown, etc.",1,1,1,7,31,7,31,0.0,0.0,0.0,0.0,0.0,0.0,0.0,0.0,0.0,0.0,0.0,0.0,TRAIN 1601 WAS OPERATING WESTWARD ON MAIN LINE NUMBER 1 AT HICKSVILLE WHEN THE TRAIN STRUCK METAL DEBRIS THAT WAS PLACED ON TRACK BY VANDALS (FRA CAUSE CODE M503).  THE DEBRIS STRIKE RESULTED IN DAMAGE TO MU CARS 9555 AND 9556.  NO INJURIES WERE REPORTED AS A RESULT OF THIS ACCIDENT.NoneNoneNoneNoneNoneNoneNoneNoneNoneNoneNoneNone,Main,4,3L,3L,1,LIEQ20010701200107,LIEQ20010701200107,Passenger (Formerly Commuter),Class 3,"SMT-1 - Amtrak and Commuter East, some Tourist/Historic",LI,Long Island Rail Road,Not Assigned,Passenger (Formerly Commuter),Class 3,"SMT-1 - Amtrak and Commuter East, some Tourist/Historic",LI,Long Island Rail Road,Not Assigned,,0,,,,,,,,,,,,,,,,,,,,,,,,,,,,,,,,
LI,Long Island Rail Road,2001,EQ20010701,01,07,LI,Long Island Rail Road,EQ20010701,01,07,11,2001-07-11,12:30 AM,09,Obstruction,0.0,0.0,0.0,0.0,SYSTEM,SYSTEM,HICKSVILLE,22,36,NY,NEW YORK,59,NASSAU,1,68.0,4,Dark,1,Clear,1,Main,MAIN LINE 1,4,4,West,2,Passenger Train - Pulling,Yes,1601,59,Estimated,59,0.0,ADFLM,LI,009555,1,No,,,0,,Yes,1.0,0.0,0.0,0.0,0.0,0.0,0.0,0.0,0.0,0.0,0.0,4.0,0.0,5.0,0.0,0.0,0.0,0.0,0.0,0.0,15000.0,0.0,15000.0,M503,"Vandalism of track or track appliances, e.g., objects  placed on track, switch thrown, etc.",M503,"Vandalism of track or track appliances, e.g., objects  placed on track, switch thrown, etc.",1,1,1,7,31,7,31,0.0,0.0,0.0,0.0,0.0,0.0,0.0,0.0,0.0,0.0,0.0,0.0,TRAIN 1601 WAS OPERATING WESTWARD ON MAIN LINE NUMBER 1 AT HICKSVILLE WHEN THE TRAIN STRUCK METAL DEBRIS THAT WAS PLACED ON TRACK BY VANDALS (FRA CAUSE CODE M503).  THE DEBRIS STRIKE RESULTED IN DAMAGE TO MU CARS 9555 AND 9556.  NO INJURIES WERE REPORTED AS A RESULT OF THIS ACCIDENT.NoneNoneNoneNoneNoneNoneNoneNoneNoneNoneNoneNone,Main,4,3L,3L,1,LIEQ20010701200107,LIEQ20010701200107,Passenger (Formerly Commuter),Class 3,"SMT-1 - Amtrak and Commuter East, some Tourist/Historic",LI,Long Island Rail Road,Not Assigned,Passenger (Formerly Commuter),Class 3,"SMT-1 - Amtrak and Commuter East, some Tourist/Historic",LI,Long Island Rail Road,Not Assigned,,0,,,,,,,,,,,,,,,,,,,,,,,,,,,,,,,,
LI,Long Island Rail Road,2001,EQ20010602,01,06,LI,Long Island Rail Road,EQ20010602,01,06,05,2001-06-05,11:45 AM,01,Derailment,0.0,0.0,0.0,0.0,SYSTEM,SYSTEM,HICKSVILLE,24.0,36,NY,NEW YORK,59,NASSAU,1,70.0,2,Day,1,Clear,3,Siding,ATLANTIC PIPE,1,4,West,8,Light loco(s),Yes,WORK,5,Estimated,5,0.0,IMN,LI,000152,1,No,,,0,,No,1.0,0.0,1.0,0.0,1.0,1.0,0.0,0.0,0.0,0.0,0.0,0.0,0.0,0.0,0.0,0.0,0.0,0.0,0.0,0.0,11132.0,1111.0,12243.0,T311,Switch damaged or out of adjustment,T311,Switch damaged or out of adjustment,1,1,1,3,44,3,44,0.0,0.0,0.0,0.0,0.0,0.0,0.0,0.0,0.0,0.0,0.0,0.0,"ON TUESDAY, 6/5/01, AT 11:45AM, THE WORK EXTRA 152 WAS OPERATING WITH THREE LOCOMOTIVES IN CONSIST MOVING WESTWARD ON THE ATLANTIC PIPE TRACK TO THE NORTH SIDING TRACK AT HICKSVILLE.  AS THE LEAD AXLEOF THE LEAD LOCOMOTIVE (ENGINE NO. 152) TRAVERSED THE FACING POINT SWITCH FOR THE RUNAROUND TRACK,THE R1 WHEEL OF THE LEAD LOCOMOTIVE PICKED THE POINT OF THE SWITCH RESULTING IN THE DERAILMENT OF THE NUMBER ONE AXLE OF THE ENGINE 152.  THE CAUSE OF THIS DERAILMENT WAS DETERMINED TO BE THAT THE SWITCH INVOLVED WAS OUT OF ADJUSTMENT OR DAMAGED (FRA CAUSE CODE T-311).NoneNoneNoneNoneNoneNoneNoneNoneNone",Siding,1,3L,3L,1,LIEQ20010602200106,LIEQ20010602200106,Passenger (Formerly Commuter),Class 3,"SMT-1 - Amtrak and Commuter East, some Tourist/Historic",LI,Long Island Rail Road,Not Assigned,Passenger (Formerly Commuter),Class 3,"SMT-1 - Amtrak and Commuter East, some Tourist/Historic",LI,Long Island Rail Road,Not Assigned,,0,,,,,,,,,,,,,,,,,,,,,,,,,,,,,,,,
LI,Long Island Rail Road,2001,EQ20010504,01,05,LI,Long Island Rail Road,EQ20010504,01,05,17,2001-05-17,3:03 PM,04,Side collision,0.0,0.0,0.0,0.0,SYSTEM,SYSTEM,HEWLETT,17,36,NY,NEW YORK,59,NASSAU,1,65.0,2,Day,1,Clear,1,Main,FAR ROCKAWAY-1,4,4,West,9,Maint./inspect Car,Yes,TC67,0,Recorded,40,0.0,ADGIMO,TC,000675,1,No,,,0,,No,0.0,0.0,0.0,0.0,0.0,0.0,0.0,0.0,0.0,0.0,0.0,0.0,1.0,0.0,0.0,0.0,0.0,0.0,0.0,0.0,292271.0,40978.0,717926.0,H402,"Motor car or on-track equipment rules, failure to comply",H402,"Motor car or on-track equipment rules, failure to comply",1,0,0,7,33,,,0.0,0.0,0.0,0.0,0.0,0.0,0.0,12.0,0.0,12.0,0.0,0.0,PASSENGER TRAIN NUMBER 2854 WAS PROCEEDING EASTWARD ON THE FAR ROCKAWAY BRANCH OPERATING ON NUMBER TWO TRACK AT 40 MPH WHEN THE WORK CRANE NUMBER TC675 OPERATING ON NUMBER 1 TRACK (OUT OF SERVICE) FOULED NUMBER TWO TRACK CAUSING PASSENGER TRAIN 2854 TO STRIKE THE COUNTERWEIGHT FOR THE BOOM OF THE CRANE.NoneNoneNoneNoneNoneNoneNoneNoneNoneNoneNone,Main,4,3L,3L,1,LIEQ20010504200105,LIEQ20010504200105,Passenger (Formerly Commuter),Class 3,"SMT-1 - Amtrak and Commuter East, some Tourist/Historic",LI,Long Island Rail Road,Not Assigned,Passenger (Formerly Commuter),Class 3,"SMT-1 - Amtrak and Commuter East, some Tourist/Historic",LI,Long Island Rail Road,Not Assigned,,0,,,,,,,,,,,,,,,,,,,,,,,,,,,,,,,,
LI,Long Island Rail Road,2001,EQ20010504,01,05,LI,Long Island Rail Road,EQ20010504,01,05,17,2001-05-17,3:03 PM,04,Side collision,0.0,0.0,0.0,0.0,SYSTEM,SYSTEM,HEWLETT,17,36,NY,NEW YORK,59,NASSAU,1,65.0,2,Day,1,Clear,1,Main,FAR ROCKAWAY-1,4,4,West,9,Maint./inspect Car,Yes,TC67,0,Recorded,40,0.0,ADGIMO,TC,000675,1,No,,,0,,No,0.0,0.0,0.0,0.0,0.0,0.0,0.0,0.0,0.0,0.0,0.0,0.0,1.0,0.0,0.0,0.0,0.0,0.0,0.0,0.0,292271.0,40978.0,717926.0,H402,"Motor car or on-track equipment rules, failure to comply",H402,"Motor car or on-track equipment rules, failure to comply",1,0,0,7,33,,,0.0,0.0,0.0,0.0,0.0,0.0,0.0,12.0,0.0,12.0,0.0,0.0,PASSENGER TRAIN NUMBER 2854 WAS PROCEEDING EASTWARD ON THE FAR ROCKAWAY BRANCH OPERATING ON NUMBER TWO TRACK AT 40 MPH WHEN THE WORK CRANE NUMBER TC675 OPERATING ON NUMBER 1 TRACK (OUT OF SERVICE) FOULED NUMBER TWO TRACK CAUSING PASSENGER TRAIN 2854 TO STRIKE THE COUNTERWEIGHT FOR THE BOOM OF THE CRANE.NoneNoneNoneNoneNoneNoneNoneNoneNoneNoneNone,Main,4,3L,3L,1,LIEQ20010504200105,LIEQ20010504200105,Passenger (Formerly Commuter),Class 3,"SMT-1 - Amtrak and Commuter East, some Tourist/Historic",LI,Long Island Rail Road,Not Assigned,Passenger (Formerly Commuter),Class 3,"SMT-1 - Amtrak and Commuter East, some Tourist/Historic",LI,Long Island Rail Road,Not Assigned,,0,,,,,,,,,,,,,,,,,,,,,,,,,,,,,,,,
LI,Long Island Rail Road,2001,EQ20010504,01,05,LI,Long Island Rail Road,EQ20010504,01,05,17,2001-05-17,3:03 PM,04,Side collision,0.0,0.0,0.0,0.0,SYSTEM,SYSTEM,HEWLETT,17,36,NY,NEW YORK,59,NASSAU,1,65.0,2,Day,1,Clear,1,Main,FAR ROCKAWAY 2,4,3,East,2,Passenger Train - Pulling,Yes,2854,40,Recorded,40,0.0,ADGIMO,LI,009592,1,Yes,,,0,,Yes,1.0,0.0,0.0,0.0,0.0,0.0,0.0,0.0,0.0,0.0,0.0,5.0,0.0,2.0,0.0,0.0,0.0,0.0,0.0,0.0,384677.0,0.0,717926.0,H402,"Motor car or on-track equipment rules, failure to comply",H402,"Motor car or on-track equipment rules, failure to comply",1,1,1,8,50,8,50,0.0,5.0,0.0,7.0,0.0,0.0,0.0,12.0,0.0,12.0,0.0,12.0,PASSENGER TRAIN NUMBER 2854 WAS PROCEEDING EASTWARD ON THE FAR ROCKAWAY BRANCH OPERATING ON NUMBER TWO TRACK AT 40 MPH WHEN THE WORK CRANE NUMBER TC675 OPERATING ON NUMBER 1 TRACK (OUT OF SERVICE) FOULED NUMBER TWO TRACK CAUSING PASSENGER TRAIN 2854 TO STRIKE THE COUNTERWEIGHT FOR THE BOOM OF THE CRANE.NoneNoneNoneNoneNoneNoneNoneNoneNoneNoneNone,Main,4,3L,3L,3,LIEQ20010504200105,LIEQ20010504200105,Passenger (Formerly Commuter),Class 3,"SMT-1 - Amtrak and Commuter East, some Tourist/Historic",LI,Long Island Rail Road,Not Assigned,Passenger (Formerly Commuter),Class 3,"SMT-1 - Amtrak and Commuter East, some Tourist/Historic",LI,Long Island Rail Road,Not Assigned,,0,,,,,,,,,,,,,,,,,,,,,,,,,,,,,,,,
LI,Long Island Rail Road,2001,EQ20010504,01,05,LI,Long Island Rail Road,EQ20010504,01,05,17,2001-05-17,3:03 PM,04,Side collision,0.0,0.0,0.0,0.0,SYSTEM,SYSTEM,HEWLETT,17,36,NY,NEW YORK,59,NASSAU,1,65.0,2,Day,1,Clear,1,Main,FAR ROCKAWAY 2,4,3,East,2,Passenger Train - Pulling,Yes,2854,40,Recorded,40,0.0,ADGIMO,LI,009592,1,Yes,,,0,,Yes,1.0,0.0,0.0,0.0,0.0,0.0,0.0,0.0,0.0,0.0,0.0,5.0,0.0,2.0,0.0,0.0,0.0,0.0,0.0,0.0,384677.0,0.0,717926.0,H402,"Motor car or on-track equipment rules, failure to comply",H402,"Motor car or on-track equipment rules, failure to comply",1,1,1,8,50,8,50,0.0,5.0,0.0,7.0,0.0,0.0,0.0,12.0,0.0,12.0,0.0,12.0,PASSENGER TRAIN NUMBER 2854 WAS PROCEEDING EASTWARD ON THE FAR ROCKAWAY BRANCH OPERATING ON NUMBER TWO TRACK AT 40 MPH WHEN THE WORK CRANE NUMBER TC675 OPERATING ON NUMBER 1 TRACK (OUT OF SERVICE) FOULED NUMBER TWO TRACK CAUSING PASSENGER TRAIN 2854 TO STRIKE THE COUNTERWEIGHT FOR THE BOOM OF THE CRANE.NoneNoneNoneNoneNoneNoneNoneNoneNoneNoneNone,Main,4,3L,3L,3,LIEQ20010504200105,LIEQ20010504200105,Passenger (Formerly Commuter),Class 3,"SMT-1 - Amtrak and Commuter East, some Tourist/Historic",LI,Long Island Rail Road,Not Assigned,Passenger (Formerly Commuter),Class 3,"SMT-1 - Amtrak and Commuter East, some Tourist/Historic",LI,Long Island Rail Road,Not Assigned,,0,,,,,,,,,,,,,,,,,,,,,,,,,,,,,,,,
LI,Long Island Rail Road,1979,EQ790902,79,09,LI,Long Island Rail Road,EQ790902,79,09,24,1979-09-24,4:36 PM,01,Derailment,0.0,0.0,0.0,0.0,??????,,CENTRAL ISLIP,44.7,36,NY,NEW YORK,103,SUFFOLK,1,66.0,2,Day,1,Clear,1,Main,SINGLE MAIN TRACK,4,4,West,2,Passenger Train - Pulling,Yes,257,65,Estimated,65,0.0,OIM,LI,000604,1,No,,,,,Yes,1.0,0.0,0.0,1.0,0.0,1.0,0.0,0.0,1.0,0.0,0.0,5.0,0.0,0.0,0.0,0.0,5.0,0.0,0.0,0.0,10000.0,16000.0,26000.0,M503,"Vandalism of track or track appliances, e.g., objects  placed on track, switch thrown, etc.",M503,"Vandalism of track or track appliances, e.g., objects  placed on track, switch thrown, etc.",1,1,1,0,37,0,37,0.0,2.0,0.0,0.0,0.0,0.0,0.0,2.0,0.0,2.0,0.0,2.0,NoneNoneNoneNoneNoneNoneNoneNoneNoneNoneNoneNoneNoneNoneNone,Main,4,1L,1L,1,LIEQ790902197909,LIEQ790902197909,Passenger (Formerly Commuter),Class 3,"SMT-1 - Amtrak and Commuter East, some Tourist/Historic",LI,Long Island Rail Road,Not Assigned,Passenger (Formerly Commuter),Class 3,"SMT-1 - Amtrak and Commuter East, some Tourist/Historic",LI,Long Island Rail Road,Not Assigned,,0,,,,,,,,,,,,,,,,,0,0,,,,,,,,,,,,,,
LI,Long Island Rail Road,1979,EQ791002,79,10,LI,Long Island Rail Road,EQ791002,79,10,12,1979-10-12,5:03 PM,01,Derailment,0.0,0.0,0.0,0.0,??????,,BABYLON,36.9,36,NY,NEW YORK,103,SUFFOLK,1,55.0,2,Day,1,Clear,2,Yard,LADDER TRACK,1,3,East,7,Yard/switching,Yes,,7,Estimated,7,0.0,NI,LI,009348,1,No,,,,,No,2.0,0.0,0.0,0.0,0.0,1.0,0.0,0.0,0.0,0.0,0.0,0.0,0.0,0.0,0.0,0.0,0.0,0.0,0.0,0.0,12548.0,500.0,13048.0,H704,Switch previously run through,H704,Switch previously run through,1,1,0,1,3,1,3,0.0,0.0,0.0,0.0,0.0,0.0,0.0,0.0,0.0,0.0,0.0,0.0,NoneNoneNoneNoneNoneNoneNoneNoneNoneNoneNoneNoneNoneNoneNone,Yard,1,1L,1L,1,LIEQ791002197910,LIEQ791002197910,Passenger (Formerly Commuter),Class 3,"SMT-1 - Amtrak and Commuter East, some Tourist/Historic",LI,Long Island Rail Road,Not Assigned,Passenger (Formerly Commuter),Class 3,"SMT-1 - Amtrak and Commuter East, some Tourist/Historic",LI,Long Island Rail Road,Not Assigned,,0,,,,,,,,,,,,,,,,,0,0,,,,,,,,,,,,,,