reportingrailroadcode,reportingrailroadname,report_year,incidentnumber,accidentyear,accidentmonth,maintenancerailroadcode,maintenancerailroadname,maintenanceaccidentnumber,maintenanceaccidentyear,maintenanceaccidentmonth,day,date,time,accident_type_code,accidenttype,hazmatcars,hazmatcarsdamaged,hazmatreleasedcars,personsevacuated,divisioncode,division,station,milepost,statecode,stateabbr,statename,countycode,countyname,district,temperature,visibilitycode,visibility,weather_condition_code,weathercondition,track_type_code,tracktype,trackname,trackclass,train_direction_code,traindirection,equipment_type_code,equipmenttype,equipmentattended,trainnumber,trainspeed,recordedestimatedspeed,maximumspeed,grosstonnage,method_of_operation_code,firstcarinitials,firstcarnumber,firstcarposition,firstcarloaded,causingcarinitials,causingcarnumber,causingcarposition,causingcarloaded,passengerstransported,headendlocomotives,midtrainmanuallocomotives,midtrainremotelocomotives,rearendmanuallocomotives,rearendremotelocomotives,derailedheadendlocomotives,derailedmidtrainmanuallo,derailedmidtrainremotelo,derailedrearendmanualloc,derailedrearendremoteloc,loadedfreightcars,loadedpassengercars,emptyfreightcars,emptypassengercars,cabooses,derailedloadedfreightcars,derailedloadedpassengercars,derailedemptyfreightcars,derailedemptypassengercars,derailedcabooses,equipmentdamagecost,trackdamagecost,totaldamagecost,primaryaccidentcausecode,primaryaccidentcause,accidentcausecode,accidentcause,engineersonduty,conductorsonduty,brakemenonduty,hoursengineersonduty,minutesengineersonduty,hoursconductorsonduty,minutesconductorsonduty,railroademployeeskilled,railroademployeesinjured,passengerskilled,passengersinjured,otherskilled,othersinjured,personskilledforreportin,personsinjuredforreporti,totalpersonskilled,totalpersonsinjured,totalkilledform54,totalinjuredform54,narrative,jointtracktype,jointtrackclass,classcode,class,jointcd,incidentkey,reportkey,reporting_railroad_company_grouping,reporting_railroad_class,reporting_railroad_smt_grouping,reporting_parent_railroad_company_code,reporting_parent_railroad_company_name,reporting_railroad_holding_company,maintenance_railroad_company_grouping,maintenance_railroad_class,maintenance_railroad_smt_grouping,maintenance_parent_railroad_company_code,maintenance_parent_railroad_company_name,maintenance_railroad_holding_company,trackdensity,firemenonduty,gxid,contributingaccidentcausecode,contributingaccidentcause,subdivision,signalization_code,signalization,methodofoperation,adjunct_1,adjunctcode1,remote_control_locomotive_code,remotecontrollocomotive,specialstudy1,latitude,longitude,adjunct_2,adjunctcode2,positivealcoholtests,positivedrugtests,specialstudy2,adjunct_3,adjunctcode3,otherrailroadcode,otherrailroadname,otheraccidentnumber,accidentyearother,accidentmonthother,other_railroad_company_grouping,other_railroad_class,other_railroad_smt_grouping,other_parent_railroad_company_code,other_parent_railroad_company_name,other_railroad_holding_company
LI,Long Island Rail Road,1975,EQ751005,75,10,LI,Long Island Rail Road,EQ751005,75,10,07,1975-10-07,6:55 PM,01,Derailment,0.0,0.0,0.0,0.0,??????,,WEST HEMPSTEAD,4.6,36,NY,NEW YORK,59,NASSAU,1,60.0,3,Dusk,1,Clear,2,Yard,MAIN TRACK,1,3,East,,,,960,10,Estimated,10,0.0,N,LI,009434,3,Yes,,,,,Yes,0.0,0.0,0.0,0.0,0.0,0.0,0.0,0.0,0.0,0.0,0.0,4.0,0.0,2.0,0.0,0.0,1.0,0.0,0.0,0.0,10150.0,435.0,10585.0,T399,"Other frog, switch and track appliance defects (Provide detailed description in narrative)",T399,"Other frog, switch and track appliance defects (Provide detailed description in narrative)",,,,,,,,0.0,0.0,0.0,0.0,0.0,0.0,0.0,0.0,0.0,0.0,0.0,0.0,NoneNoneNoneNoneNoneNoneNoneNoneNoneNoneNoneNoneNoneNoneNone,Yard,1,1L,1L,1,LIEQ751005197510,LIEQ751005197510,Passenger (Formerly Commuter),Class 3,"SMT-1 - Amtrak and Commuter East, some Tourist/Historic",LI,Long Island Rail Road,Not Assigned,Passenger (Formerly Commuter),Class 3,"SMT-1 - Amtrak and Commuter East, some Tourist/Historic",LI,Long Island Rail Road,Not Assigned,,,,,,,,,,,,,,,,,,,,,,,,,,,,,,,,,,
LI,Long Island Rail Road,1975,EQ750908,75,09,LI,Long Island Rail Road,EQ750908,75,09,24,1975-09-24,2:00 AM,01,Derailment,0.0,0.0,0.0,0.0,??????,,HUNTINGTON,34.7,36,NY,NEW YORK,103,SUFFOLK,1,56.0,4,Dark,3,Rain,2,Yard,FREIGHT TRACK,1,3,East,1,Freight Train,,90,2,Estimated,2,1120.0,N,SP,227735,18,Yes,,,,,No,2.0,0.0,0.0,0.0,0.0,0.0,0.0,0.0,0.0,0.0,16.0,0.0,0.0,0.0,1.0,2.0,0.0,0.0,0.0,0.0,1500.0,1035.0,2535.0,H403,Movement of engine(s) or car(s) without authority  (railroad employee),H403,Movement of engine(s) or car(s) without authority  (railroad employee),,,,,,,,0.0,0.0,0.0,0.0,0.0,0.0,0.0,0.0,0.0,0.0,0.0,0.0,NoneNoneNoneNoneNoneNoneNoneNoneNoneNoneNoneNoneNoneNoneNone,Yard,1,1L,1L,1,LIEQ750908197509,LIEQ750908197509,Passenger (Formerly Commuter),Class 3,"SMT-1 - Amtrak and Commuter East, some Tourist/Historic",LI,Long Island Rail Road,Not Assigned,Passenger (Formerly Commuter),Class 3,"SMT-1 - Amtrak and Commuter East, some Tourist/Historic",LI,Long Island Rail Road,Not Assigned,,,,,,,,,,,,,,,,,,,,,,,,,,,,,,,,,,
LI,Long Island Rail Road,1975,EQ750606,75,06,LI,Long Island Rail Road,EQ750606,75,06,18,1975-06-18,4:15 PM,07,Hwy-rail crossing,0.0,0.0,0.0,0.0,??????,,MERRICK,24.1,36,NY,NEW YORK,59,NASSAU,1,73.0,2,Day,1,Clear,1,Main,1,4,4,West,2,Passenger Train - Pulling,Yes,157,40,Estimated,40,0.0,DGEM,,009081,1,No,,,,,Yes,0.0,0.0,0.0,0.0,0.0,0.0,0.0,0.0,0.0,0.0,0.0,10.0,0.0,0.0,0.0,0.0,0.0,0.0,0.0,0.0,30000.0,0.0,30000.0,M203,Overloaded car,M203,Overloaded car,1,2,3,0,8,0,8,0.0,0.0,0.0,0.0,0.0,0.0,0.0,0.0,0.0,0.0,0.0,0.0,NoneNoneNoneNoneNoneNoneNoneNoneNoneNoneNoneNoneNoneNoneNone,Main,4,1L,1L,1,LIEQ750606197506,LIEQ750606197506,Passenger (Formerly Commuter),Class 3,"SMT-1 - Amtrak and Commuter East, some Tourist/Historic",LI,Long Island Rail Road,Not Assigned,Passenger (Formerly Commuter),Class 3,"SMT-1 - Amtrak and Commuter East, some Tourist/Historic",LI,Long Island Rail Road,Not Assigned,,,338404,,,,,,,,,,,,,,,,,,,,,,,,,,,,,,,
LI,Long Island Rail Road,1975,EQ750606,75,06,LI,Long Island Rail Road,EQ750606,75,06,18,1975-06-18,4:15 PM,07,Hwy-rail crossing,0.0,0.0,0.0,0.0,??????,,MERRICK,24.1,36,NY,NEW YORK,59,NASSAU,1,73.0,2,Day,1,Clear,1,Main,1,4,4,West,2,Passenger Train - Pulling,Yes,157,40,Estimated,40,0.0,DGEM,,009081,1,No,,,,,Yes,0.0,0.0,0.0,0.0,0.0,0.0,0.0,0.0,0.0,0.0,0.0,10.0,0.0,0.0,0.0,0.0,0.0,0.0,0.0,0.0,30000.0,0.0,30000.0,M203,Overloaded car,M203,Overloaded car,1,2,3,0,8,0,8,0.0,0.0,0.0,0.0,0.0,0.0,0.0,0.0,0.0,0.0,0.0,0.0,NoneNoneNoneNoneNoneNoneNoneNoneNoneNoneNoneNoneNoneNoneNone,Main,4,1L,1L,1,LIEQ750606197506,LIEQ750606197506,Passenger (Formerly Commuter),Class 3,"SMT-1 - Amtrak and Commuter East, some Tourist/Historic",LI,Long Island Rail Road,Not Assigned,Passenger (Formerly Commuter),Class 3,"SMT-1 - Amtrak and Commuter East, some Tourist/Historic",LI,Long Island Rail Road,Not Assigned,,,338404,,,,,,,,,,,,,,,,,,,,,,,,,,,,,,,
LI,Long Island Rail Road,1975,T750225,75,02,LI,Long Island Rail Road,T750225,75,02,26,1975-02-26,7:25 PM,02,Head on collision,0.0,0.0,0.0,0.0,??????,PORT JEFFERSON,PORT JEFFERSON,57.4,36,NY,NEW YORK,103,SUFFOLK,1,45.0,4,Dark,1,Clear,2,Yard,WYE,1,4,West,7,Yard/switching,Yes,,4,Estimated,4,0.0,N,,000221,,No,,002704,1,No,No,1.0,0.0,0.0,0.0,1.0,0.0,0.0,0.0,0.0,0.0,0.0,0.0,0.0,5.0,0.0,0.0,0.0,0.0,2.0,0.0,12000.0,310.0,12310.0,H603,"Train on main track inside yard limits, excessive speed  [Desc.Changed-Refer to Current/Prev.Guides]",H603,"Train on main track inside yard limits, excessive speed  [Desc.Changed-Refer to Current/Prev.Guides]",1,0,0,0,35,0,0,0.0,1.0,0.0,0.0,0.0,0.0,0.0,1.0,0.0,1.0,0.0,1.0,NoneNoneNoneNoneNoneNoneNoneNoneNoneNoneNoneNoneNoneNoneNone,Yard,1,1L,1L,1,LIT750225197502,LIT750225197502,Passenger (Formerly Commuter),Class 3,"SMT-1 - Amtrak and Commuter East, some Tourist/Historic",LI,Long Island Rail Road,Not Assigned,Passenger (Formerly Commuter),Class 3,"SMT-1 - Amtrak and Commuter East, some Tourist/Historic",LI,Long Island Rail Road,Not Assigned,,0,,,,,,,,,,,,,,,,,,,,,,,,,,,,,,,,
LI,Long Island Rail Road,1975,TS750203,75,02,LI,Long Island Rail Road,TS750203,75,02,13,1975-02-13,12:05 PM,07,Hwy-rail crossing,0.0,0.0,0.0,0.0,??????,,NEW HYDE PARK,16.2,36,NY,NEW YORK,59,NASSAU,1,29.0,2,Day,1,Clear,1,Main,2,4,3,East,2,Passenger Train - Pulling,Yes,1624,70,Estimated,70,0.0,DGEIM,MU,009058,1,Yes,,,,,Yes,0.0,0.0,0.0,0.0,0.0,0.0,0.0,0.0,0.0,0.0,0.0,8.0,0.0,0.0,0.0,0.0,0.0,0.0,0.0,0.0,10000.0,0.0,10000.0,M399,Other causes (Provide detailed description in narrative),M399,Other causes (Provide detailed description in narrative),1,1,2,4,2,4,2,0.0,0.0,0.0,0.0,0.0,1.0,0.0,1.0,0.0,1.0,0.0,1.0,NoneNoneNoneNoneNoneNoneNoneNoneNoneNoneNoneNoneNoneNoneNone,Main,4,1L,1L,1,LITS750203197502,LITS750203197502,Passenger (Formerly Commuter),Class 3,"SMT-1 - Amtrak and Commuter East, some Tourist/Historic",LI,Long Island Rail Road,Not Assigned,Passenger (Formerly Commuter),Class 3,"SMT-1 - Amtrak and Commuter East, some Tourist/Historic",LI,Long Island Rail Road,Not Assigned,,0,338141,,,,,,,,,,,,,,,,,,,,,,,,,,,,,,,
LI,Long Island Rail Road,1975,TS750203,75,02,LI,Long Island Rail Road,TS750203,75,02,13,1975-02-13,12:05 PM,07,Hwy-rail crossing,0.0,0.0,0.0,0.0,??????,,NEW HYDE PARK,16.2,36,NY,NEW YORK,59,NASSAU,1,29.0,2,Day,1,Clear,1,Main,2,4,3,East,2,Passenger Train - Pulling,Yes,1624,70,Estimated,70,0.0,DGEIM,MU,009058,1,Yes,,,,,Yes,0.0,0.0,0.0,0.0,0.0,0.0,0.0,0.0,0.0,0.0,0.0,8.0,0.0,0.0,0.0,0.0,0.0,0.0,0.0,0.0,10000.0,0.0,10000.0,M399,Other causes (Provide detailed description in narrative),M399,Other causes (Provide detailed description in narrative),1,1,2,4,2,4,2,0.0,0.0,0.0,0.0,0.0,1.0,0.0,1.0,0.0,1.0,0.0,1.0,NoneNoneNoneNoneNoneNoneNoneNoneNoneNoneNoneNoneNoneNoneNone,Main,4,1L,1L,1,LITS750203197502,LITS750203197502,Passenger (Formerly Commuter),Class 3,"SMT-1 - Amtrak and Commuter East, some Tourist/Historic",LI,Long Island Rail Road,Not Assigned,Passenger (Formerly Commuter),Class 3,"SMT-1 - Amtrak and Commuter East, some Tourist/Historic",LI,Long Island Rail Road,Not Assigned,,0,338141,,,,,,,,,,,,,,,,,,,,,,,,,,,,,,,
LI,Long Island Rail Road,1975,P750120,75,01,LI,Long Island Rail Road,P750120,75,01,25,1975-01-25,8:00 AM,07,Hwy-rail crossing,0.0,0.0,0.0,0.0,??????,,MERRICK,23.6,36,NY,NEW YORK,59,NASSAU,1,38.0,2,Day,3,Rain,1,Main,1,4,,,2,Passenger Train - Pulling,Yes,4097,35,Estimated,35,4.0,DGEC,MU,009107,1,Yes,,,,,Yes,0.0,0.0,0.0,0.0,0.0,0.0,0.0,0.0,0.0,0.0,0.0,10.0,0.0,0.0,0.0,0.0,0.0,0.0,0.0,0.0,15000.0,0.0,15000.0,M399,Other causes (Provide detailed description in narrative),M399,Other causes (Provide detailed description in narrative),1,1,2,7,24,7,24,0.0,0.0,0.0,1.0,0.0,0.0,0.0,1.0,0.0,1.0,0.0,1.0,NoneNoneNoneNoneNoneNoneNoneNoneNoneNoneNoneNoneNoneNoneNone,Main,4,1L,1L,1,LIP750120197501,LIP750120197501,Passenger (Formerly Commuter),Class 3,"SMT-1 - Amtrak and Commuter East, some Tourist/Historic",LI,Long Island Rail Road,Not Assigned,Passenger (Formerly Commuter),Class 3,"SMT-1 - Amtrak and Commuter East, some Tourist/Historic",LI,Long Island Rail Road,Not Assigned,,0,338404,,,,,,,,,,,,,,,,,,,,,,,,,,,,,,,
LI,Long Island Rail Road,1975,P750120,75,01,LI,Long Island Rail Road,P750120,75,01,25,1975-01-25,8:00 AM,07,Hwy-rail crossing,0.0,0.0,0.0,0.0,??????,,MERRICK,23.6,36,NY,NEW YORK,59,NASSAU,1,38.0,2,Day,3,Rain,1,Main,1,4,,,2,Passenger Train - Pulling,Yes,4097,35,Estimated,35,4.0,DGEC,MU,009107,1,Yes,,,,,Yes,0.0,0.0,0.0,0.0,0.0,0.0,0.0,0.0,0.0,0.0,0.0,10.0,0.0,0.0,0.0,0.0,0.0,0.0,0.0,0.0,15000.0,0.0,15000.0,M399,Other causes (Provide detailed description in narrative),M399,Other causes (Provide detailed description in narrative),1,1,2,7,24,7,24,0.0,0.0,0.0,1.0,0.0,0.0,0.0,1.0,0.0,1.0,0.0,1.0,NoneNoneNoneNoneNoneNoneNoneNoneNoneNoneNoneNoneNoneNoneNone,Main,4,1L,1L,1,LIP750120197501,LIP750120197501,Passenger (Formerly Commuter),Class 3,"SMT-1 - Amtrak and Commuter East, some Tourist/Historic",LI,Long Island Rail Road,Not Assigned,Passenger (Formerly Commuter),Class 3,"SMT-1 - Amtrak and Commuter East, some Tourist/Historic",LI,Long Island Rail Road,Not Assigned,,0,338404,,,,,,,,,,,,,,,,,,,,,,,,,,,,,,,
LI,Long Island Rail Road,1976,EQ761211,76,12,LI,Long Island Rail Road,EQ761211,76,12,22,1976-12-22,3:09 AM,11,Fire/violent rupture,0.0,0.0,0.0,0.0,??????,,LONG BEACH,6.9,36,NY,NEW YORK,59,NASSAU,1,32.0,4,Dark,1,Clear,2,Yard,NO 2 YARD,1,,,6,Cut of cars,No,,0,,0,0.0,N,LI,009089,,No,,,,,No,0.0,0.0,0.0,0.0,0.0,0.0,0.0,0.0,0.0,0.0,0.0,0.0,0.0,8.0,0.0,0.0,0.0,0.0,0.0,0.0,70000.0,0.0,70000.0,E74L,Electrically caused fire (LOCOMOTIVE),E74L,Electrically caused fire (LOCOMOTIVE),0,0,0,0,0,0,0,0.0,0.0,0.0,0.0,0.0,0.0,0.0,0.0,0.0,0.0,0.0,0.0,NoneNoneNoneNoneNoneNoneNoneNoneNoneNoneNoneNoneNoneNoneNone,Yard,1,1L,1L,1,LIEQ761211197612,LIEQ761211197612,Passenger (Formerly Commuter),Class 3,"SMT-1 - Amtrak and Commuter East, some Tourist/Historic",LI,Long Island Rail Road,Not Assigned,Passenger (Formerly Commuter),Class 3,"SMT-1 - Amtrak and Commuter East, some Tourist/Historic",LI,Long Island Rail Road,Not Assigned,,0,,,,,,,,,,,,,,,,,,,,,,,,,,,,,,,,
LI,Long Island Rail Road,1976,EQ761101,76,11,LI,Long Island Rail Road,EQ761101,76,11,08,1976-11-08,4:08 PM,01,Derailment,0.0,0.0,0.0,0.0,??????,,SOUTHAMPTON COLLEGE,83,36,NY,NEW YORK,103,SUFFOLK,1,38.0,2,Day,2,Cloudy,1,Main,SINGLE MAIN TRACK,2,3,East,2,Passenger Train - Pulling,Yes,10,30,Estimated,30,0.0,OIM,LI,002803,5,No,,,,,Yes,1.0,0.0,0.0,0.0,0.0,0.0,0.0,0.0,0.0,0.0,0.0,2.0,0.0,3.0,0.0,0.0,0.0,0.0,1.0,0.0,1218.0,9100.0,10318.0,M599,Other miscellaneous causes (Provide detailed description in narrative),M599,Other miscellaneous causes (Provide detailed description in narrative),1,1,2,3,6,3,6,0.0,0.0,0.0,0.0,0.0,0.0,0.0,0.0,0.0,0.0,0.0,0.0,NoneNoneNoneNoneNoneNoneNoneNoneNoneNoneNoneNoneNoneNoneNone,Main,2,1L,1L,1,LIEQ761101197611,LIEQ761101197611,Passenger (Formerly Commuter),Class 3,"SMT-1 - Amtrak and Commuter East, some Tourist/Historic",LI,Long Island Rail Road,Not Assigned,Passenger (Formerly Commuter),Class 3,"SMT-1 - Amtrak and Commuter East, some Tourist/Historic",LI,Long Island Rail Road,Not Assigned,2.5,0,,,,,,,,,,,,,,,,,,,,,,,,,,,,,,,,
LI,Long Island Rail Road,1976,TS761101,76,11,LI,Long Island Rail Road,TS761101,76,11,13,1976-11-13,8:00 AM,07,Hwy-rail crossing,0.0,0.0,0.0,0.0,??????,,SYOSSET,27.0,36,NY,NEW YORK,59,NASSAU,1,30.0,2,Day,1,Clear,1,Main,NUMBER 1 TRACK,4,4,West,2,Passenger Train - Pulling,Yes,5613,70,Estimated,70,0.0,DGECIM,LI,009650,2,Yes,,,,,Yes,0.0,0.0,0.0,0.0,0.0,0.0,0.0,0.0,0.0,0.0,0.0,8.0,0.0,0.0,0.0,0.0,0.0,0.0,0.0,0.0,13000.0,0.0,13000.0,M399,Other causes (Provide detailed description in narrative),M399,Other causes (Provide detailed description in narrative),1,1,2,6,34,6,34,0.0,0.0,0.0,0.0,1.0,0.0,1.0,0.0,1.0,0.0,1.0,0.0,NoneNoneNoneNoneNoneNoneNoneNoneNoneNoneNoneNoneNoneNoneNone,Main,4,1L,1L,1,LITS761101197611,LITS761101197611,Passenger (Formerly Commuter),Class 3,"SMT-1 - Amtrak and Commuter East, some Tourist/Historic",LI,Long Island Rail Road,Not Assigned,Passenger (Formerly Commuter),Class 3,"SMT-1 - Amtrak and Commuter East, some Tourist/Historic",LI,Long Island Rail Road,Not Assigned,15,0,338308F,,,,,,,,,,,,,,,,,,,,,,,,,,,,,,,
LI,Long Island Rail Road,1976,TS761101,76,11,LI,Long Island Rail Road,TS761101,76,11,13,1976-11-13,8:00 AM,07,Hwy-rail crossing,0.0,0.0,0.0,0.0,??????,,SYOSSET,27.0,36,NY,NEW YORK,59,NASSAU,1,30.0,2,Day,1,Clear,1,Main,NUMBER 1 TRACK,4,4,West,2,Passenger Train - Pulling,Yes,5613,70,Estimated,70,0.0,DGECIM,LI,009650,2,Yes,,,,,Yes,0.0,0.0,0.0,0.0,0.0,0.0,0.0,0.0,0.0,0.0,0.0,8.0,0.0,0.0,0.0,0.0,0.0,0.0,0.0,0.0,13000.0,0.0,13000.0,M399,Other causes (Provide detailed description in narrative),M399,Other causes (Provide detailed description in narrative),1,1,2,6,34,6,34,0.0,0.0,0.0,0.0,1.0,0.0,1.0,0.0,1.0,0.0,1.0,0.0,NoneNoneNoneNoneNoneNoneNoneNoneNoneNoneNoneNoneNoneNoneNone,Main,4,1L,1L,1,LITS761101197611,LITS761101197611,Passenger (Formerly Commuter),Class 3,"SMT-1 - Amtrak and Commuter East, some Tourist/Historic",LI,Long Island Rail Road,Not Assigned,Passenger (Formerly Commuter),Class 3,"SMT-1 - Amtrak and Commuter East, some Tourist/Historic",LI,Long Island Rail Road,Not Assigned,15,0,338308F,,,,,,,,,,,,,,,,,,,,,,,,,,,,,,,
LI,Long Island Rail Road,1976,TS761101,76,11,LI,Long Island Rail Road,TS761101,76,11,13,1976-11-13,8:00 AM,07,Hwy-rail crossing,0.0,0.0,0.0,0.0,??????,,SYOSSET,27.0,36,NY,NEW YORK,59,NASSAU,1,30.0,2,Day,1,Clear,1,Main,NUMBER 1 TRACK,4,4,West,2,Passenger Train - Pulling,Yes,5613,70,Estimated,70,0.0,DGECIM,LI,009650,2,Yes,,,,,Yes,0.0,0.0,0.0,0.0,0.0,0.0,0.0,0.0,0.0,0.0,0.0,8.0,0.0,0.0,0.0,0.0,0.0,0.0,0.0,0.0,13000.0,0.0,13000.0,M399,Other causes (Provide detailed description in narrative),M399,Other causes (Provide detailed description in narrative),1,1,2,6,34,6,34,0.0,0.0,0.0,0.0,1.0,0.0,1.0,0.0,1.0,0.0,1.0,0.0,NoneNoneNoneNoneNoneNoneNoneNoneNoneNoneNoneNoneNoneNoneNone,Main,4,1L,1L,1,LITS761101197611,LITS761101197611,Passenger (Formerly Commuter),Class 3,"SMT-1 - Amtrak and Commuter East, some Tourist/Historic",LI,Long Island Rail Road,Not Assigned,Passenger (Formerly Commuter),Class 3,"SMT-1 - Amtrak and Commuter East, some Tourist/Historic",LI,Long Island Rail Road,Not Assigned,15,0,338308F,,,,,,,,,,,,,,,,,,,,,,,,,,,,,,,
LI,Long Island Rail Road,1976,TS761101,76,11,LI,Long Island Rail Road,TS761101,76,11,13,1976-11-13,8:00 AM,07,Hwy-rail crossing,0.0,0.0,0.0,0.0,??????,,SYOSSET,27.0,36,NY,NEW YORK,59,NASSAU,1,30.0,2,Day,1,Clear,1,Main,NUMBER 1 TRACK,4,4,West,2,Passenger Train - Pulling,Yes,5613,70,Estimated,70,0.0,DGECIM,LI,009650,2,Yes,,,,,Yes,0.0,0.0,0.0,0.0,0.0,0.0,0.0,0.0,0.0,0.0,0.0,8.0,0.0,0.0,0.0,0.0,0.0,0.0,0.0,0.0,13000.0,0.0,13000.0,M399,Other causes (Provide detailed description in narrative),M399,Other causes (Provide detailed description in narrative),1,1,2,6,34,6,34,0.0,0.0,0.0,0.0,1.0,0.0,1.0,0.0,1.0,0.0,1.0,0.0,NoneNoneNoneNoneNoneNoneNoneNoneNoneNoneNoneNoneNoneNoneNone,Main,4,1L,1L,1,LITS761101197611,LITS761101197611,Passenger (Formerly Commuter),Class 3,"SMT-1 - Amtrak and Commuter East, some Tourist/Historic",LI,Long Island Rail Road,Not Assigned,Passenger (Formerly Commuter),Class 3,"SMT-1 - Amtrak and Commuter East, some Tourist/Historic",LI,Long Island Rail Road,Not Assigned,15,0,338308F,,,,,,,,,,,,,,,,,,,,,,,,,,,,,,,
LI,Long Island Rail Road,1976,EQ761105,76,11,LI,Long Island Rail Road,EQ761105,76,11,29,1976-11-29,10:01 AM,09,Obstruction,0.0,0.0,0.0,0.0,??????,,HEMPSTEAD,19.8,36,NY,NEW YORK,59,NASSAU,1,40.0,2,Day,3,Rain,2,Yard,NO 2 YARD,1,3,East,7,Yard/switching,Yes,908,5,,5,0.0,N,LI,009750,1,No,,,,,No,0.0,0.0,0.0,0.0,0.0,0.0,0.0,0.0,0.0,0.0,0.0,0.0,0.0,8.0,0.0,0.0,0.0,0.0,1.0,0.0,3950.0,635.0,4585.0,H602,"Switching movement, excessive speed",H602,"Switching movement, excessive speed",1,1,2,5,21,5,21,0.0,0.0,0.0,0.0,0.0,0.0,0.0,0.0,0.0,0.0,0.0,0.0,NoneNoneNoneNoneNoneNoneNoneNoneNoneNoneNoneNoneNoneNoneNone,Yard,1,1L,1L,1,LIEQ761105197611,LIEQ761105197611,Passenger (Formerly Commuter),Class 3,"SMT-1 - Amtrak and Commuter East, some Tourist/Historic",LI,Long Island Rail Road,Not Assigned,Passenger (Formerly Commuter),Class 3,"SMT-1 - Amtrak and Commuter East, some Tourist/Historic",LI,Long Island Rail Road,Not Assigned,,0,,,,,,,,,,,,,,,,,,,,,,,,,,,,,,,,
LI,Long Island Rail Road,1976,EQ761103,76,11,LI,Long Island Rail Road,EQ761103,76,11,23,1976-11-23,9:52 AM,09,Obstruction,0.0,0.0,0.0,0.0,??????,,HEMPSTEAD,19.8,36,NY,NEW YORK,59,NASSAU,1,32.0,2,Day,1,Clear,2,Yard,LEAD TRACK,1,4,West,7,Yard/switching,Yes,904,5,Estimated,5,0.0,N,LI,009757,,No,,,,,No,0.0,0.0,0.0,0.0,0.0,0.0,0.0,0.0,0.0,0.0,0.0,0.0,0.0,10.0,0.0,0.0,0.0,0.0,1.0,0.0,40000.0,1075.0,41075.0,H602,"Switching movement, excessive speed",H602,"Switching movement, excessive speed",1,1,2,2,16,2,16,0.0,0.0,0.0,0.0,0.0,0.0,0.0,0.0,0.0,0.0,0.0,0.0,NoneNoneNoneNoneNoneNoneNoneNoneNoneNoneNoneNoneNoneNoneNone,Yard,1,1L,1L,1,LIEQ761103197611,LIEQ761103197611,Passenger (Formerly Commuter),Class 3,"SMT-1 - Amtrak and Commuter East, some Tourist/Historic",LI,Long Island Rail Road,Not Assigned,Passenger (Formerly Commuter),Class 3,"SMT-1 - Amtrak and Commuter East, some Tourist/Historic",LI,Long Island Rail Road,Not Assigned,,0,,,,,,,,,,,,,,,,,,,,,,,,,,,,,,,,
LI,Long Island Rail Road,1976,EQ760803,76,08,LI,Long Island Rail Road,EQ760803,76,08,18,1976-08-18,3:32 AM,01,Derailment,0.0,0.0,0.0,0.0,??????,,AMAGANSETT,104.3,36,NY,NEW YORK,103,SUFFOLK,1,60.0,4,Dark,1,Clear,1,Main,SINGLE MAIN TRACK,3,3,East,2,Passenger Train - Pulling,Yes,2,30,Estimated,30,0.0,OIM,LI,000250,1,,,,,,Yes,1.0,0.0,0.0,0.0,0.0,1.0,0.0,0.0,0.0,0.0,0.0,1.0,0.0,7.0,0.0,0.0,1.0,0.0,2.0,0.0,12500.0,5000.0,17500.0,H703,Switch not latched or locked,H703,Switch not latched or locked,1,1,2,3,59,3,33,0.0,0.0,0.0,0.0,0.0,0.0,0.0,0.0,0.0,0.0,0.0,0.0,NoneNoneNoneNoneNoneNoneNoneNoneNoneNoneNoneNoneNoneNoneNone,Main,3,1L,1L,1,LIEQ760803197608,LIEQ760803197608,Passenger (Formerly Commuter),Class 3,"SMT-1 - Amtrak and Commuter East, some Tourist/Historic",LI,Long Island Rail Road,Not Assigned,Passenger (Formerly Commuter),Class 3,"SMT-1 - Amtrak and Commuter East, some Tourist/Historic",LI,Long Island Rail Road,Not Assigned,.140,0,,,,,,,,,,,,,,,,,,,,,,,,,,,,,,,,