reportingrailroadcode,reportingrailroadname,report_year,incidentnumber,accidentyear,accidentmonth,maintenancerailroadcode,maintenancerailroadname,maintenanceaccidentnumber,maintenanceaccidentyear,maintenanceaccidentmonth,day,date,time,accident_type_code,accidenttype,hazmatcars,hazmatcarsdamaged,hazmatreleasedcars,personsevacuated,divisioncode,division,station,milepost,statecode,stateabbr,statename,countycode,countyname,district,temperature,visibilitycode,visibility,weather_condition_code,weathercondition,track_type_code,tracktype,trackname,trackclass,train_direction_code,traindirection,equipment_type_code,equipmenttype,equipmentattended,trainnumber,trainspeed,recordedestimatedspeed,maximumspeed,grosstonnage,method_of_operation_code,firstcarinitials,firstcarnumber,firstcarposition,firstcarloaded,causingcarinitials,causingcarnumber,causingcarposition,causingcarloaded,passengerstransported,headendlocomotives,midtrainmanuallocomotives,midtrainremotelocomotives,rearendmanuallocomotives,rearendremotelocomotives,derailedheadendlocomotives,derailedmidtrainmanuallo,derailedmidtrainremotelo,derailedrearendmanualloc,derailedrearendremoteloc,loadedfreightcars,loadedpassengercars,emptyfreightcars,emptypassengercars,cabooses,derailedloadedfreightcars,derailedloadedpassengercars,derailedemptyfreightcars,derailedemptypassengercars,derailedcabooses,equipmentdamagecost,trackdamagecost,totaldamagecost,primaryaccidentcausecode,primaryaccidentcause,accidentcausecode,accidentcause,engineersonduty,conductorsonduty,brakemenonduty,hoursengineersonduty,minutesengineersonduty,hoursconductorsonduty,minutesconductorsonduty,railroademployeeskilled,railroademployeesinjured,passengerskilled,passengersinjured,otherskilled,othersinjured,personskilledforreportin,personsinjuredforreporti,totalpersonskilled,totalpersonsinjured,totalkilledform54,totalinjuredform54,narrative,jointtracktype,jointtrackclass,classcode,class,jointcd,incidentkey,reportkey,reporting_railroad_company_grouping,reporting_railroad_class,reporting_railroad_smt_grouping,reporting_parent_railroad_company_code,reporting_parent_railroad_company_name,reporting_railroad_holding_company,maintenance_railroad_company_grouping,maintenance_railroad_class,maintenance_railroad_smt_grouping,maintenance_parent_railroad_company_code,maintenance_parent_railroad_company_name,maintenance_railroad_holding_company,trackdensity,firemenonduty,gxid,contributingaccidentcausecode,contributingaccidentcause,subdivision,signalization_code,signalization,methodofoperation,adjunct_1,adjunctcode1,remote_control_locomotive_code,remotecontrollocomotive,specialstudy1,latitude,longitude,adjunct_2,adjunctcode2,positivealcoholtests,positivedrugtests,specialstudy2,adjunct_3,adjunctcode3,otherrailroadcode,otherrailroadname,otheraccidentnumber,accidentyearother,accidentmonthother,other_railroad_company_grouping,other_railroad_class,other_railroad_smt_grouping,other_parent_railroad_company_code,other_parent_railroad_company_name,other_railroad_holding_company
LI,Long Island Rail Road,1976,EQ760505,76,05,LI,Long Island Rail Road,EQ760505,76,05,10,1976-05-10,7:30 AM,01,Derailment,0.0,0.0,0.0,0.0,??????,,PORT WASHINGTON,18.1,36,NY,NEW YORK,59,NASSAU,1,60.0,2,Day,1,Clear,2,Yard,NO 6 TRACK,2,3,East,7,Yard/switching,Yes,9191,3,Estimated,3,0.0,N,LI,009082,10,No,,,,,No,0.0,0.0,0.0,0.0,0.0,0.0,0.0,0.0,0.0,0.0,0.0,0.0,0.0,10.0,0.0,0.0,0.0,0.0,1.0,0.0,300.0,1920.0,2220.0,H603,"Train on main track inside yard limits, excessive speed  [Desc.Changed-Refer to Current/Prev.Guides]",H603,"Train on main track inside yard limits, excessive speed  [Desc.Changed-Refer to Current/Prev.Guides]",1,1,2,0,20,0,20,0.0,0.0,0.0,0.0,0.0,0.0,0.0,0.0,0.0,0.0,0.0,0.0,NoneNoneNoneNoneNoneNoneNoneNoneNoneNoneNoneNoneNoneNoneNone,Yard,2,1L,1L,1,LIEQ760505197605,LIEQ760505197605,Passenger (Formerly Commuter),Class 3,"SMT-1 - Amtrak and Commuter East, some Tourist/Historic",LI,Long Island Rail Road,Not Assigned,Passenger (Formerly Commuter),Class 3,"SMT-1 - Amtrak and Commuter East, some Tourist/Historic",LI,Long Island Rail Road,Not Assigned,,0,,,,,,,,,,,,,,,,,,,,,,,,,,,,,,,,
LI,Long Island Rail Road,1976,EQ760401,76,04,LI,Long Island Rail Road,EQ760401,76,04,02,1976-04-02,7:35 PM,01,Derailment,0.0,0.0,0.0,0.0,??????,,GREENPORT,94.3,36,NY,NEW YORK,103,SUFFOLK,1,50.0,4,Dark,2,Cloudy,2,Yard,OLD MAIN TRACK,1,3,East,2,Passenger Train - Pulling,Yes,212,15,Estimated,15,0.0,N,LI,000213,1,,,,,,Yes,1.0,0.0,0.0,0.0,0.0,1.0,0.0,0.0,0.0,0.0,0.0,2.0,0.0,0.0,0.0,0.0,1.0,0.0,0.0,0.0,200.0,3100.0,3300.0,H702,Switch improperly lined,H702,Switch improperly lined,1,1,1,3,37,3,7,0.0,0.0,0.0,0.0,0.0,0.0,0.0,0.0,0.0,0.0,0.0,0.0,NoneNoneNoneNoneNoneNoneNoneNoneNoneNoneNoneNoneNoneNoneNone,Yard,1,1L,1L,1,LIEQ760401197604,LIEQ760401197604,Passenger (Formerly Commuter),Class 3,"SMT-1 - Amtrak and Commuter East, some Tourist/Historic",LI,Long Island Rail Road,Not Assigned,Passenger (Formerly Commuter),Class 3,"SMT-1 - Amtrak and Commuter East, some Tourist/Historic",LI,Long Island Rail Road,Not Assigned,,0,,,,,,,,,,,,,,,,,,,,,,,,,,,,,,,,
LI,Long Island Rail Road,1976,EQ760307,76,03,LI,Long Island Rail Road,EQ760307,76,03,04,1976-03-04,9:00 PM,01,Derailment,0.0,0.0,0.0,0.0,??????,,YAPHANK,62.4,36,NY,NEW YORK,103,SUFFOLK,1,40.0,4,Dark,3,Rain,4,Industry,BROOKHAVEN LAB TR,1,4,West,1,Freight Train,,62,7,Estimated,7,0.0,N,SOU,065327,1,Yes,,,,,No,2.0,0.0,0.0,0.0,0.0,2.0,0.0,0.0,0.0,0.0,1.0,0.0,0.0,0.0,0.0,1.0,0.0,0.0,0.0,0.0,0.0,10000.0,10000.0,T314,Switch point worn or broken,T314,Switch point worn or broken,,,,,,,,0.0,0.0,0.0,0.0,0.0,0.0,0.0,0.0,0.0,0.0,0.0,0.0,NoneNoneNoneNoneNoneNoneNoneNoneNoneNoneNoneNoneNoneNoneNone,Industry,1,1L,1L,1,LIEQ760307197603,LIEQ760307197603,Passenger (Formerly Commuter),Class 3,"SMT-1 - Amtrak and Commuter East, some Tourist/Historic",LI,Long Island Rail Road,Not Assigned,Passenger (Formerly Commuter),Class 3,"SMT-1 - Amtrak and Commuter East, some Tourist/Historic",LI,Long Island Rail Road,Not Assigned,,,,,,,,,,,,,,,,,,,,,,,,,,,,,,,,,,
LI,Long Island Rail Road,1976,EQ760201,76,02,LI,Long Island Rail Road,EQ760201,76,02,14,1976-02-14,8:34 AM,09,Obstruction,0.0,0.0,0.0,0.0,??????,,HEMPSTEAD,19.8,36,NY,NEW YORK,59,NASSAU,1,35.0,2,Day,1,Clear,2,Yard,NO 6,1,3,East,2,Passenger Train - Pulling,,4708,7,Estimated,7,0.0,N,LI,009262,1,Yes,,,,,Yes,0.0,0.0,0.0,0.0,0.0,0.0,0.0,0.0,0.0,0.0,0.0,6.0,0.0,0.0,0.0,0.0,2.0,0.0,0.0,0.0,6500.0,1660.0,8160.0,H603,"Train on main track inside yard limits, excessive speed  [Desc.Changed-Refer to Current/Prev.Guides]",H603,"Train on main track inside yard limits, excessive speed  [Desc.Changed-Refer to Current/Prev.Guides]",,,,,,,,0.0,2.0,0.0,0.0,0.0,0.0,0.0,2.0,0.0,2.0,0.0,2.0,NoneNoneNoneNoneNoneNoneNoneNoneNoneNoneNoneNoneNoneNoneNone,Yard,1,1L,1L,1,LIEQ760201197602,LIEQ760201197602,Passenger (Formerly Commuter),Class 3,"SMT-1 - Amtrak and Commuter East, some Tourist/Historic",LI,Long Island Rail Road,Not Assigned,Passenger (Formerly Commuter),Class 3,"SMT-1 - Amtrak and Commuter East, some Tourist/Historic",LI,Long Island Rail Road,Not Assigned,,,,,,,,,,,,,,,,,,,,,,,,,,,,,,,,,,
LV,Lehigh Valley Railroad,1976,BD3,76,01,LV,Lehigh Valley Railroad,BD3,76,01,18,1976-01-18,10:00 PM,01,Derailment,0.0,0.0,0.0,0.0,??????,BUFFALO,UPTON,418.5,36,NY,NEW YORK,103,SUFFOLK,1,-5.0,4,Dark,1,Clear,1,Main,SGL MAIN,3,4,West,1,Freight Train,,322,35,Estimated,35,3987.0,E,SP,241758,19,Yes,,,,,No,3.0,0.0,0.0,0.0,0.0,0.0,0.0,0.0,0.0,0.0,29.0,0.0,61.0,0.0,1.0,3.0,0.0,8.0,0.0,0.0,10468.0,5312.0,15780.0,T210,Broken Rail - Head and web separation (outside joint bar limits)  [Desc.Changed-Refer to Current/Pre,T210,Broken Rail - Head and web separation (outside joint bar limits)  [Desc.Changed-Refer to Current/Pre,,,,,,,,0.0,0.0,0.0,0.0,0.0,0.0,0.0,0.0,0.0,0.0,0.0,0.0,NoneNoneNoneNoneNoneNoneNoneNoneNoneNoneNoneNoneNoneNoneNone,Main,3,1L,1L,1,LVBD3197601,LVBD3197601,,Class 3,,LV,Lehigh Valley Railroad,Not Assigned,,Class 3,,LV,Lehigh Valley Railroad,Not Assigned,133226,,,,,,,,,,,,,,,,,,,,,,,,,,,,,,,,,
LI,Long Island Rail Road,1976,EQ760152,76,01,LI,Long Island Rail Road,EQ760152,76,01,24,1976-01-24,6:30 AM,01,Derailment,0.0,0.0,0.0,0.0,??????,,MINEOLA,19.0,36,NY,NEW YORK,59,NASSAU,1,20.0,1,Dawn,2,Cloudy,1,Main,NO 1,4,4,West,2,Passenger Train - Pulling,,4601,65,Estimated,65,0.0,DGEIM,LI,000615,1,,LI,000615,1,,Yes,1.0,0.0,0.0,0.0,1.0,1.0,0.0,0.0,0.0,0.0,0.0,6.0,0.0,0.0,0.0,0.0,0.0,0.0,0.0,0.0,23000.0,22200.0,45200.0,E62L,Broken plate (LOCOMOTIVE),E62L,Broken plate (LOCOMOTIVE),,,,,,,,0.0,0.0,0.0,0.0,0.0,0.0,0.0,0.0,0.0,0.0,0.0,0.0,NoneNoneNoneNoneNoneNoneNoneNoneNoneNoneNoneNoneNoneNoneNone,Main,4,1L,1L,1,LIEQ760152197601,LIEQ760152197601,Passenger (Formerly Commuter),Class 3,"SMT-1 - Amtrak and Commuter East, some Tourist/Historic",LI,Long Island Rail Road,Not Assigned,Passenger (Formerly Commuter),Class 3,"SMT-1 - Amtrak and Commuter East, some Tourist/Historic",LI,Long Island Rail Road,Not Assigned,351950,,,,,,,,,,,,,,,,,,,,,,,,,,,,,,,,,
LI,Long Island Rail Road,1976,EQ760152,76,01,LI,Long Island Rail Road,EQ760152,76,01,24,1976-01-24,6:30 AM,01,Derailment,0.0,0.0,0.0,0.0,??????,,MINEOLA,19.0,36,NY,NEW YORK,59,NASSAU,1,20.0,1,Dawn,2,Cloudy,1,Main,NO 1,4,4,West,2,Passenger Train - Pulling,,4601,65,Estimated,65,0.0,DGEIM,LI,000615,1,,LI,000615,1,,Yes,1.0,0.0,0.0,0.0,1.0,1.0,0.0,0.0,0.0,0.0,0.0,6.0,0.0,0.0,0.0,0.0,0.0,0.0,0.0,0.0,23000.0,22200.0,45200.0,E62L,Broken plate (LOCOMOTIVE),E62L,Broken plate (LOCOMOTIVE),,,,,,,,0.0,0.0,0.0,0.0,0.0,0.0,0.0,0.0,0.0,0.0,0.0,0.0,NoneNoneNoneNoneNoneNoneNoneNoneNoneNoneNoneNoneNoneNoneNone,Main,4,1L,1L,1,LIEQ760152197601,LIEQ760152197601,Passenger (Formerly Commuter),Class 3,"SMT-1 - Amtrak and Commuter East, some Tourist/Historic",LI,Long Island Rail Road,Not Assigned,Passenger (Formerly Commuter),Class 3,"SMT-1 - Amtrak and Commuter East, some Tourist/Historic",LI,Long Island Rail Road,Not Assigned,351950,,,,,,,,,,,,,,,,,,,,,,,,,,,,,,,,,
LI,Long Island Rail Road,1977,EQ771203,77,12,LI,Long Island Rail Road,EQ771203,77,12,01,1977-12-01,10:01 AM,09,Obstruction,0.0,0.0,0.0,0.0,??????,,HEMPSTEAD,19.8,36,NY,NEW YORK,59,NASSAU,1,45.0,1,Dawn,3,Rain,2,Yard,TRACK NO 2,1,3,East,7,Yard/switching,Yes,9140,5,Estimated,5,0.0,N,LI,009140,1,No,,,,,No,0.0,0.0,0.0,0.0,0.0,0.0,0.0,0.0,0.0,0.0,0.0,0.0,0.0,8.0,0.0,0.0,0.0,0.0,1.0,0.0,4300.0,1365.0,5665.0,H602,"Switching movement, excessive speed",H602,"Switching movement, excessive speed",1,1,2,5,6,5,6,0.0,0.0,0.0,0.0,0.0,0.0,0.0,0.0,0.0,0.0,0.0,0.0,NoneNoneNoneNoneNoneNoneNoneNoneNoneNoneNoneNoneNoneNoneNone,Yard,1,1L,1L,1,LIEQ771203197712,LIEQ771203197712,Passenger (Formerly Commuter),Class 3,"SMT-1 - Amtrak and Commuter East, some Tourist/Historic",LI,Long Island Rail Road,Not Assigned,Passenger (Formerly Commuter),Class 3,"SMT-1 - Amtrak and Commuter East, some Tourist/Historic",LI,Long Island Rail Road,Not Assigned,,0,,,,,,,,,,,,,,,,,,,,,,,,,,,,,,,,
LI,Long Island Rail Road,1977,EQ771105,77,11,LI,Long Island Rail Road,EQ771105,77,11,13,1977-11-13,10:55 AM,01,Derailment,0.0,0.0,0.0,0.0,??????,,BRIDGEHAMPTON,94.0,36,NY,NEW YORK,103,SUFFOLK,1,40.0,2,Day,2,Cloudy,1,Main,SINGLE MAIN TRACK,2,3,East,2,Passenger Train - Pulling,Yes,4004,1,Estimated,1,0.0,OIM,LI,002858,7,No,,,,,Yes,1.0,0.0,0.0,0.0,0.0,0.0,0.0,0.0,0.0,0.0,0.0,4.0,0.0,4.0,0.0,0.0,0.0,0.0,3.0,0.0,975.0,5000.0,5975.0,E48C,"Broken, missing, or otherwise defective springs  (including incorrect repair and/or installation)",E48C,"Broken, missing, or otherwise defective springs  (including incorrect repair and/or installation)",1,1,2,1,51,1,51,0.0,0.0,0.0,0.0,0.0,0.0,0.0,0.0,0.0,0.0,0.0,0.0,NoneNoneNoneNoneNoneNoneNoneNoneNoneNoneNoneNoneNoneNoneNone,Main,2,1L,1L,1,LIEQ771105197711,LIEQ771105197711,Passenger (Formerly Commuter),Class 3,"SMT-1 - Amtrak and Commuter East, some Tourist/Historic",LI,Long Island Rail Road,Not Assigned,Passenger (Formerly Commuter),Class 3,"SMT-1 - Amtrak and Commuter East, some Tourist/Historic",LI,Long Island Rail Road,Not Assigned,2.6,0,,,,,,,,,,,,,,,,,,,,,,,,,,,,,,,,
LI,Long Island Rail Road,1997,EQ970501,97,05,LI,Long Island Rail Road,EQ970501,97,05,11,1997-05-11,4:54 PM,01,Derailment,0.0,0.0,0.0,0.0,SYSTEM,SYSTEM,LONG BEACH,22.7,36,NY,NEW YORK,59,NASSAU,1,75.0,2,Day,1,Clear,2,Yard,5 TRACK,1,3,East,2,Passenger Train - Pulling,Yes,6858,5,Estimated,5,0.0,BDIMN,LI,009866,1,Yes,,,0,,Yes,1.0,0.0,0.0,0.0,0.0,1.0,0.0,0.0,0.0,0.0,0.0,5.0,0.0,4.0,0.0,0.0,1.0,0.0,0.0,0.0,4538.0,5211.0,9749.0,M405,Interaction of lateral/vertical forces (includes harmonic rock off),M405,Interaction of lateral/vertical forces (includes harmonic rock off),1,1,1,7,34,7,34,0.0,0.0,0.0,0.0,0.0,0.0,0.0,0.0,0.0,0.0,0.0,0.0,"TRAIN #6858 WAS HEADING EASTWARD INTO 5 STATION TRACK AT LONG BEACH, WHEN THE FIRST TWO CARS OF THE10 CAR CONSIST (MU CAR 9866 AND 9865) DERAILED AS THE TRAIN PROCEEDED OVER THE 5 & 6 DIVIDER SWITCH.THE CAUSE OF THIS ACCIDENT WAS DETERMINED TO BE HIGH LATERAL OVER VERTICAL FORCE, WHICH RESULTED IN AN INCREASED COEFFICIENT OF FRICTION BETWEEN THE WHEEL FLANGE OF THE DERAILED WHEEL AND THE RAIL HEAD OF THE OUTSIDE RAIL (HIGH RAIL) IN THE CURVED PORTION OF TRACK AT THE POINT OF DERAILMENT.  A GUARD RAIL WAS INSTALLED AT THIS LOCATION TO PREVENT REOCCURRENCE.NoneNoneNoneNoneNoneNoneNoneNoneNone",Yard,1,3L,3L,1,LIEQ970501199705,LIEQ970501199705,Passenger (Formerly Commuter),Class 3,"SMT-1 - Amtrak and Commuter East, some Tourist/Historic",LI,Long Island Rail Road,Not Assigned,Passenger (Formerly Commuter),Class 3,"SMT-1 - Amtrak and Commuter East, some Tourist/Historic",LI,Long Island Rail Road,Not Assigned,,0,,,,,,,,,,,,,,,,,,,,,,,,,,,,,,,,
LI,Long Island Rail Road,1997,EQ970501,97,05,LI,Long Island Rail Road,EQ970501,97,05,11,1997-05-11,4:54 PM,01,Derailment,0.0,0.0,0.0,0.0,SYSTEM,SYSTEM,LONG BEACH,22.7,36,NY,NEW YORK,59,NASSAU,1,75.0,2,Day,1,Clear,2,Yard,5 TRACK,1,3,East,2,Passenger Train - Pulling,Yes,6858,5,Estimated,5,0.0,BDIMN,LI,009866,1,Yes,,,0,,Yes,1.0,0.0,0.0,0.0,0.0,1.0,0.0,0.0,0.0,0.0,0.0,5.0,0.0,4.0,0.0,0.0,1.0,0.0,0.0,0.0,4538.0,5211.0,9749.0,M405,Interaction of lateral/vertical forces (includes harmonic rock off),M405,Interaction of lateral/vertical forces (includes harmonic rock off),1,1,1,7,34,7,34,0.0,0.0,0.0,0.0,0.0,0.0,0.0,0.0,0.0,0.0,0.0,0.0,"TRAIN #6858 WAS HEADING EASTWARD INTO 5 STATION TRACK AT LONG BEACH, WHEN THE FIRST TWO CARS OF THE10 CAR CONSIST (MU CAR 9866 AND 9865) DERAILED AS THE TRAIN PROCEEDED OVER THE 5 & 6 DIVIDER SWITCH.THE CAUSE OF THIS ACCIDENT WAS DETERMINED TO BE HIGH LATERAL OVER VERTICAL FORCE, WHICH RESULTED IN AN INCREASED COEFFICIENT OF FRICTION BETWEEN THE WHEEL FLANGE OF THE DERAILED WHEEL AND THE RAIL HEAD OF THE OUTSIDE RAIL (HIGH RAIL) IN THE CURVED PORTION OF TRACK AT THE POINT OF DERAILMENT.  A GUARD RAIL WAS INSTALLED AT THIS LOCATION TO PREVENT REOCCURRENCE.NoneNoneNoneNoneNoneNoneNoneNoneNone",Yard,1,3L,3L,1,LIEQ970501199705,LIEQ970501199705,Passenger (Formerly Commuter),Class 3,"SMT-1 - Amtrak and Commuter East, some Tourist/Historic",LI,Long Island Rail Road,Not Assigned,Passenger (Formerly Commuter),Class 3,"SMT-1 - Amtrak and Commuter East, some Tourist/Historic",LI,Long Island Rail Road,Not Assigned,,0,,,,,,,,,,,,,,,,,,,,,,,,,,,,,,,,
LI,Long Island Rail Road,1997,EQ970501,97,05,LI,Long Island Rail Road,EQ970501,97,05,11,1997-05-11,4:54 PM,01,Derailment,0.0,0.0,0.0,0.0,SYSTEM,SYSTEM,LONG BEACH,22.7,36,NY,NEW YORK,59,NASSAU,1,75.0,2,Day,1,Clear,2,Yard,5 TRACK,1,3,East,2,Passenger Train - Pulling,Yes,6858,5,Estimated,5,0.0,BDIMN,LI,009866,1,Yes,,,0,,Yes,1.0,0.0,0.0,0.0,0.0,1.0,0.0,0.0,0.0,0.0,0.0,5.0,0.0,4.0,0.0,0.0,1.0,0.0,0.0,0.0,4538.0,5211.0,9749.0,M405,Interaction of lateral/vertical forces (includes harmonic rock off),M405,Interaction of lateral/vertical forces (includes harmonic rock off),1,1,1,7,34,7,34,0.0,0.0,0.0,0.0,0.0,0.0,0.0,0.0,0.0,0.0,0.0,0.0,"TRAIN #6858 WAS HEADING EASTWARD INTO 5 STATION TRACK AT LONG BEACH, WHEN THE FIRST TWO CARS OF THE10 CAR CONSIST (MU CAR 9866 AND 9865) DERAILED AS THE TRAIN PROCEEDED OVER THE 5 & 6 DIVIDER SWITCH.THE CAUSE OF THIS ACCIDENT WAS DETERMINED TO BE HIGH LATERAL OVER VERTICAL FORCE, WHICH RESULTED IN AN INCREASED COEFFICIENT OF FRICTION BETWEEN THE WHEEL FLANGE OF THE DERAILED WHEEL AND THE RAIL HEAD OF THE OUTSIDE RAIL (HIGH RAIL) IN THE CURVED PORTION OF TRACK AT THE POINT OF DERAILMENT.  A GUARD RAIL WAS INSTALLED AT THIS LOCATION TO PREVENT REOCCURRENCE.NoneNoneNoneNoneNoneNoneNoneNoneNone",Yard,1,3L,3L,1,LIEQ970501199705,LIEQ970501199705,Passenger (Formerly Commuter),Class 3,"SMT-1 - Amtrak and Commuter East, some Tourist/Historic",LI,Long Island Rail Road,Not Assigned,Passenger (Formerly Commuter),Class 3,"SMT-1 - Amtrak and Commuter East, some Tourist/Historic",LI,Long Island Rail Road,Not Assigned,,0,,,,,,,,,,,,,,,,,,,,,,,,,,,,,,,,
LI,Long Island Rail Road,1997,EQ970501,97,05,LI,Long Island Rail Road,EQ970501,97,05,11,1997-05-11,4:54 PM,01,Derailment,0.0,0.0,0.0,0.0,SYSTEM,SYSTEM,LONG BEACH,22.7,36,NY,NEW YORK,59,NASSAU,1,75.0,2,Day,1,Clear,2,Yard,5 TRACK,1,3,East,2,Passenger Train - Pulling,Yes,6858,5,Estimated,5,0.0,BDIMN,LI,009866,1,Yes,,,0,,Yes,1.0,0.0,0.0,0.0,0.0,1.0,0.0,0.0,0.0,0.0,0.0,5.0,0.0,4.0,0.0,0.0,1.0,0.0,0.0,0.0,4538.0,5211.0,9749.0,M405,Interaction of lateral/vertical forces (includes harmonic rock off),M405,Interaction of lateral/vertical forces (includes harmonic rock off),1,1,1,7,34,7,34,0.0,0.0,0.0,0.0,0.0,0.0,0.0,0.0,0.0,0.0,0.0,0.0,"TRAIN #6858 WAS HEADING EASTWARD INTO 5 STATION TRACK AT LONG BEACH, WHEN THE FIRST TWO CARS OF THE10 CAR CONSIST (MU CAR 9866 AND 9865) DERAILED AS THE TRAIN PROCEEDED OVER THE 5 & 6 DIVIDER SWITCH.THE CAUSE OF THIS ACCIDENT WAS DETERMINED TO BE HIGH LATERAL OVER VERTICAL FORCE, WHICH RESULTED IN AN INCREASED COEFFICIENT OF FRICTION BETWEEN THE WHEEL FLANGE OF THE DERAILED WHEEL AND THE RAIL HEAD OF THE OUTSIDE RAIL (HIGH RAIL) IN THE CURVED PORTION OF TRACK AT THE POINT OF DERAILMENT.  A GUARD RAIL WAS INSTALLED AT THIS LOCATION TO PREVENT REOCCURRENCE.NoneNoneNoneNoneNoneNoneNoneNoneNone",Yard,1,3L,3L,1,LIEQ970501199705,LIEQ970501199705,Passenger (Formerly Commuter),Class 3,"SMT-1 - Amtrak and Commuter East, some Tourist/Historic",LI,Long Island Rail Road,Not Assigned,Passenger (Formerly Commuter),Class 3,"SMT-1 - Amtrak and Commuter East, some Tourist/Historic",LI,Long Island Rail Road,Not Assigned,,0,,,,,,,,,,,,,,,,,,,,,,,,,,,,,,,,
LI,Long Island Rail Road,1997,EQ970404,97,04,LI,Long Island Rail Road,EQ970404,97,04,22,1997-04-22,8:15 AM,01,Derailment,0.0,0.0,0.0,0.0,SYSTEM,SYSTEM,PINEAIRE,39.1,36,NY,NEW YORK,103,SUFFOLK,1,42.0,2,Day,1,Clear,3,Siding,PINEAIRE SIDING,1,4,West,1,Freight Train,Yes,RF-7,3,Estimated,3,0.0,MN,LI,155829,7,Yes,,,0,,No,2.0,0.0,0.0,0.0,0.0,0.0,0.0,0.0,0.0,0.0,7.0,0.0,0.0,0.0,0.0,3.0,0.0,0.0,0.0,0.0,1500.0,21462.0,22962.0,H702,Switch improperly lined,H702,Switch improperly lined,1,1,1,,15,,15,0.0,0.0,0.0,0.0,0.0,0.0,0.0,0.0,0.0,0.0,0.0,0.0,"CREW OF RF-70 OPERATED TRAIN CONSIST THROUGH IMPROPERLY LINED SWITCH ON PINEAIRE NORTH SIDING TRACK,RESULTING IN THE DERAILMENT OF THREE FREIGHT CARS.NoneNoneNoneNoneNoneNoneNoneNoneNoneNoneNoneNoneNone",Siding,1,3L,3L,1,LIEQ970404199704,LIEQ970404199704,Passenger (Formerly Commuter),Class 3,"SMT-1 - Amtrak and Commuter East, some Tourist/Historic",LI,Long Island Rail Road,Not Assigned,Passenger (Formerly Commuter),Class 3,"SMT-1 - Amtrak and Commuter East, some Tourist/Historic",LI,Long Island Rail Road,Not Assigned,,0,,,,,,,,,,,,,,,,,,,,,,,,,,,,,,,,
LI,Long Island Rail Road,1997,GR970301,97,03,LI,Long Island Rail Road,GR970301,97,03,19,1997-03-19,6:25 PM,07,Hwy-rail crossing,0.0,0.0,0.0,0.0,SYSTEM,SYSTEM,WYNDANCH,36.8,36,NY,NEW YORK,103,SUFFOLK,1,48.0,4,Dark,1,Clear,1,Main,MAIN LINE,4,3,East,2,Passenger Train - Pulling,Yes,2068,40,Estimated,40,0.0,BDGIM,MU,009486,1,Yes,,,0,,Yes,1.0,0.0,0.0,0.0,0.0,0.0,0.0,0.0,0.0,0.0,0.0,7.0,0.0,0.0,0.0,0.0,0.0,0.0,0.0,0.0,9182.0,0.0,9182.0,M304,Highway user cited for violation of highway-rail grade crossing traffic laws,M304,Highway user cited for violation of highway-rail grade crossing traffic laws,1,1,1,3,30,3,30,0.0,0.0,0.0,0.0,0.0,0.0,0.0,1.0,0.0,1.0,0.0,0.0,DRIVER OF MOTOR VEHICLE MADE LEFT HAND TURN AND PROCEEDED AROUND DESCENDED GATES INTO PATH OF EASTBOUND TRAIN.  TRAIN STRUCK REAR QUARTER PANEL OF 1992 DODGE VAN CAUSING EXTENSIVE DAMAGE TO SAME.  OPERATOR OF VAN WAS TRANSPORTED TO LOCAL HOSPITAL FOR TREATMENT.NoneNoneNoneNoneNoneNoneNoneNoneNoneNoneNoneNone,Main,4,3L,3L,1,LIGR970301199703,LIGR970301199703,Passenger (Formerly Commuter),Class 3,"SMT-1 - Amtrak and Commuter East, some Tourist/Historic",LI,Long Island Rail Road,Not Assigned,Passenger (Formerly Commuter),Class 3,"SMT-1 - Amtrak and Commuter East, some Tourist/Historic",LI,Long Island Rail Road,Not Assigned,,0,338162P,,,,,,,,,,,,,,,,,,,,,,,,,,,,,,,
LI,Long Island Rail Road,1997,GR970301,97,03,LI,Long Island Rail Road,GR970301,97,03,19,1997-03-19,6:25 PM,07,Hwy-rail crossing,0.0,0.0,0.0,0.0,SYSTEM,SYSTEM,WYNDANCH,36.8,36,NY,NEW YORK,103,SUFFOLK,1,48.0,4,Dark,1,Clear,1,Main,MAIN LINE,4,3,East,2,Passenger Train - Pulling,Yes,2068,40,Estimated,40,0.0,BDGIM,MU,009486,1,Yes,,,0,,Yes,1.0,0.0,0.0,0.0,0.0,0.0,0.0,0.0,0.0,0.0,0.0,7.0,0.0,0.0,0.0,0.0,0.0,0.0,0.0,0.0,9182.0,0.0,9182.0,M304,Highway user cited for violation of highway-rail grade crossing traffic laws,M304,Highway user cited for violation of highway-rail grade crossing traffic laws,1,1,1,3,30,3,30,0.0,0.0,0.0,0.0,0.0,0.0,0.0,1.0,0.0,1.0,0.0,0.0,DRIVER OF MOTOR VEHICLE MADE LEFT HAND TURN AND PROCEEDED AROUND DESCENDED GATES INTO PATH OF EASTBOUND TRAIN.  TRAIN STRUCK REAR QUARTER PANEL OF 1992 DODGE VAN CAUSING EXTENSIVE DAMAGE TO SAME.  OPERATOR OF VAN WAS TRANSPORTED TO LOCAL HOSPITAL FOR TREATMENT.NoneNoneNoneNoneNoneNoneNoneNoneNoneNoneNoneNone,Main,4,3L,3L,1,LIGR970301199703,LIGR970301199703,Passenger (Formerly Commuter),Class 3,"SMT-1 - Amtrak and Commuter East, some Tourist/Historic",LI,Long Island Rail Road,Not Assigned,Passenger (Formerly Commuter),Class 3,"SMT-1 - Amtrak and Commuter East, some Tourist/Historic",LI,Long Island Rail Road,Not Assigned,,0,338162P,,,,,,,,,,,,,,,,,,,,,,,,,,,,,,,