reportingrailroadcode,reportingrailroadname,report_year,incidentnumber,accidentyear,accidentmonth,maintenancerailroadcode,maintenancerailroadname,maintenanceaccidentnumber,maintenanceaccidentyear,maintenanceaccidentmonth,day,date,time,accident_type_code,accidenttype,hazmatcars,hazmatcarsdamaged,hazmatreleasedcars,personsevacuated,divisioncode,division,station,milepost,statecode,stateabbr,statename,countycode,countyname,district,temperature,visibilitycode,visibility,weather_condition_code,weathercondition,track_type_code,tracktype,trackname,trackclass,train_direction_code,traindirection,equipment_type_code,equipmenttype,equipmentattended,trainnumber,trainspeed,recordedestimatedspeed,maximumspeed,grosstonnage,method_of_operation_code,firstcarinitials,firstcarnumber,firstcarposition,firstcarloaded,causingcarinitials,causingcarnumber,causingcarposition,causingcarloaded,passengerstransported,headendlocomotives,midtrainmanuallocomotives,midtrainremotelocomotives,rearendmanuallocomotives,rearendremotelocomotives,derailedheadendlocomotives,derailedmidtrainmanuallo,derailedmidtrainremotelo,derailedrearendmanualloc,derailedrearendremoteloc,loadedfreightcars,loadedpassengercars,emptyfreightcars,emptypassengercars,cabooses,derailedloadedfreightcars,derailedloadedpassengercars,derailedemptyfreightcars,derailedemptypassengercars,derailedcabooses,equipmentdamagecost,trackdamagecost,totaldamagecost,primaryaccidentcausecode,primaryaccidentcause,accidentcausecode,accidentcause,engineersonduty,conductorsonduty,brakemenonduty,hoursengineersonduty,minutesengineersonduty,hoursconductorsonduty,minutesconductorsonduty,railroademployeeskilled,railroademployeesinjured,passengerskilled,passengersinjured,otherskilled,othersinjured,personskilledforreportin,personsinjuredforreporti,totalpersonskilled,totalpersonsinjured,totalkilledform54,totalinjuredform54,narrative,jointtracktype,jointtrackclass,classcode,class,jointcd,incidentkey,reportkey,reporting_railroad_company_grouping,reporting_railroad_class,reporting_railroad_smt_grouping,reporting_parent_railroad_company_code,reporting_parent_railroad_company_name,reporting_railroad_holding_company,maintenance_railroad_company_grouping,maintenance_railroad_class,maintenance_railroad_smt_grouping,maintenance_parent_railroad_company_code,maintenance_parent_railroad_company_name,maintenance_railroad_holding_company,trackdensity,firemenonduty,gxid,contributingaccidentcausecode,contributingaccidentcause,subdivision,signalization_code,signalization,methodofoperation,adjunct_1,adjunctcode1,remote_control_locomotive_code,remotecontrollocomotive,specialstudy1,latitude,longitude,adjunct_2,adjunctcode2,positivealcoholtests,positivedrugtests,specialstudy2,adjunct_3,adjunctcode3,otherrailroadcode,otherrailroadname,otheraccidentnumber,accidentyearother,accidentmonthother,other_railroad_company_grouping,other_railroad_class,other_railroad_smt_grouping,other_parent_railroad_company_code,other_parent_railroad_company_name,other_railroad_holding_company
LI,Long Island Rail Road,1997,EQ970305,97,03,LI,Long Island Rail Road,EQ970305,97,03,30,1997-03-30,11:02 AM,01,Derailment,0.0,0.0,0.0,0.0,SYSTEM,SYSTEM,LONG BEACH,22.7,36,NY,NEW YORK,59,NASSAU,1,61.0,2,Day,1,Clear,2,Yard,5 TRACK,1,3,East,2,Passenger Train - Pulling,Yes,6818,5,Estimated,5,0.0,BDIMN,MU,009819,4,Yes,,,0,,Yes,1.0,0.0,0.0,0.0,0.0,0.0,0.0,0.0,0.0,0.0,0.0,4.0,0.0,3.0,0.0,0.0,1.0,0.0,0.0,0.0,4472.0,7066.0,11538.0,T199,Other track geometry defects (Provide detailed description in narrative),T199,Other track geometry defects (Provide detailed description in narrative),1,1,1,1,39,1,39,0.0,0.0,0.0,0.0,0.0,0.0,0.0,0.0,0.0,0.0,0.0,0.0,"TRAIN# 6818 PROCEEDING EASTWARD INTO NUMBER 5 TRACK OVER THE 5&6 DIVIDER SWITCH IN LONG BEACH YARD DERAILED THE 4TH CAR (MU 9819) OF THE CONSIST OF 8 MU CARS.  THE EAST TRUCK OF 9819 DERAILED DUE TO THE SHARP DEGREE OF CURVATURE.  ALTHOUGH THE CURVATURE WAS DESIGNED AND MAINTAINED WITHIN FRA TRACK STANDARDS - THE DEGREE OF CURVATURE IN COMBINATION WITH NEWLY TRUED WHEELS, INSUFFICIENT LUBRICATIONOF SOUTH STOCK RAIL AND THE SLOW YARD SPEED RESULTED IN WHEEL CLIMB AND DERAILMENT OF THE EAST TRUCKOF THAT CAR.NoneNoneNoneNoneNoneNoneNoneNoneNone",Yard,1,3L,3L,1,LIEQ970305199703,LIEQ970305199703,Passenger (Formerly Commuter),Class 3,"SMT-1 - Amtrak and Commuter East, some Tourist/Historic",LI,Long Island Rail Road,Not Assigned,Passenger (Formerly Commuter),Class 3,"SMT-1 - Amtrak and Commuter East, some Tourist/Historic",LI,Long Island Rail Road,Not Assigned,,0,,,,,,,,,,,,,,,,,,,,,,,,,,,,,,,,
LI,Long Island Rail Road,1997,EQ970305,97,03,LI,Long Island Rail Road,EQ970305,97,03,30,1997-03-30,11:02 AM,01,Derailment,0.0,0.0,0.0,0.0,SYSTEM,SYSTEM,LONG BEACH,22.7,36,NY,NEW YORK,59,NASSAU,1,61.0,2,Day,1,Clear,2,Yard,5 TRACK,1,3,East,2,Passenger Train - Pulling,Yes,6818,5,Estimated,5,0.0,BDIMN,MU,009819,4,Yes,,,0,,Yes,1.0,0.0,0.0,0.0,0.0,0.0,0.0,0.0,0.0,0.0,0.0,4.0,0.0,3.0,0.0,0.0,1.0,0.0,0.0,0.0,4472.0,7066.0,11538.0,T199,Other track geometry defects (Provide detailed description in narrative),T199,Other track geometry defects (Provide detailed description in narrative),1,1,1,1,39,1,39,0.0,0.0,0.0,0.0,0.0,0.0,0.0,0.0,0.0,0.0,0.0,0.0,"TRAIN# 6818 PROCEEDING EASTWARD INTO NUMBER 5 TRACK OVER THE 5&6 DIVIDER SWITCH IN LONG BEACH YARD DERAILED THE 4TH CAR (MU 9819) OF THE CONSIST OF 8 MU CARS.  THE EAST TRUCK OF 9819 DERAILED DUE TO THE SHARP DEGREE OF CURVATURE.  ALTHOUGH THE CURVATURE WAS DESIGNED AND MAINTAINED WITHIN FRA TRACK STANDARDS - THE DEGREE OF CURVATURE IN COMBINATION WITH NEWLY TRUED WHEELS, INSUFFICIENT LUBRICATIONOF SOUTH STOCK RAIL AND THE SLOW YARD SPEED RESULTED IN WHEEL CLIMB AND DERAILMENT OF THE EAST TRUCKOF THAT CAR.NoneNoneNoneNoneNoneNoneNoneNoneNone",Yard,1,3L,3L,1,LIEQ970305199703,LIEQ970305199703,Passenger (Formerly Commuter),Class 3,"SMT-1 - Amtrak and Commuter East, some Tourist/Historic",LI,Long Island Rail Road,Not Assigned,Passenger (Formerly Commuter),Class 3,"SMT-1 - Amtrak and Commuter East, some Tourist/Historic",LI,Long Island Rail Road,Not Assigned,,0,,,,,,,,,,,,,,,,,,,,,,,,,,,,,,,,
LI,Long Island Rail Road,1997,EQ970305,97,03,LI,Long Island Rail Road,EQ970305,97,03,30,1997-03-30,11:02 AM,01,Derailment,0.0,0.0,0.0,0.0,SYSTEM,SYSTEM,LONG BEACH,22.7,36,NY,NEW YORK,59,NASSAU,1,61.0,2,Day,1,Clear,2,Yard,5 TRACK,1,3,East,2,Passenger Train - Pulling,Yes,6818,5,Estimated,5,0.0,BDIMN,MU,009819,4,Yes,,,0,,Yes,1.0,0.0,0.0,0.0,0.0,0.0,0.0,0.0,0.0,0.0,0.0,4.0,0.0,3.0,0.0,0.0,1.0,0.0,0.0,0.0,4472.0,7066.0,11538.0,T199,Other track geometry defects (Provide detailed description in narrative),T199,Other track geometry defects (Provide detailed description in narrative),1,1,1,1,39,1,39,0.0,0.0,0.0,0.0,0.0,0.0,0.0,0.0,0.0,0.0,0.0,0.0,"TRAIN# 6818 PROCEEDING EASTWARD INTO NUMBER 5 TRACK OVER THE 5&6 DIVIDER SWITCH IN LONG BEACH YARD DERAILED THE 4TH CAR (MU 9819) OF THE CONSIST OF 8 MU CARS.  THE EAST TRUCK OF 9819 DERAILED DUE TO THE SHARP DEGREE OF CURVATURE.  ALTHOUGH THE CURVATURE WAS DESIGNED AND MAINTAINED WITHIN FRA TRACK STANDARDS - THE DEGREE OF CURVATURE IN COMBINATION WITH NEWLY TRUED WHEELS, INSUFFICIENT LUBRICATIONOF SOUTH STOCK RAIL AND THE SLOW YARD SPEED RESULTED IN WHEEL CLIMB AND DERAILMENT OF THE EAST TRUCKOF THAT CAR.NoneNoneNoneNoneNoneNoneNoneNoneNone",Yard,1,3L,3L,1,LIEQ970305199703,LIEQ970305199703,Passenger (Formerly Commuter),Class 3,"SMT-1 - Amtrak and Commuter East, some Tourist/Historic",LI,Long Island Rail Road,Not Assigned,Passenger (Formerly Commuter),Class 3,"SMT-1 - Amtrak and Commuter East, some Tourist/Historic",LI,Long Island Rail Road,Not Assigned,,0,,,,,,,,,,,,,,,,,,,,,,,,,,,,,,,,
LI,Long Island Rail Road,1997,EQ970305,97,03,LI,Long Island Rail Road,EQ970305,97,03,30,1997-03-30,11:02 AM,01,Derailment,0.0,0.0,0.0,0.0,SYSTEM,SYSTEM,LONG BEACH,22.7,36,NY,NEW YORK,59,NASSAU,1,61.0,2,Day,1,Clear,2,Yard,5 TRACK,1,3,East,2,Passenger Train - Pulling,Yes,6818,5,Estimated,5,0.0,BDIMN,MU,009819,4,Yes,,,0,,Yes,1.0,0.0,0.0,0.0,0.0,0.0,0.0,0.0,0.0,0.0,0.0,4.0,0.0,3.0,0.0,0.0,1.0,0.0,0.0,0.0,4472.0,7066.0,11538.0,T199,Other track geometry defects (Provide detailed description in narrative),T199,Other track geometry defects (Provide detailed description in narrative),1,1,1,1,39,1,39,0.0,0.0,0.0,0.0,0.0,0.0,0.0,0.0,0.0,0.0,0.0,0.0,"TRAIN# 6818 PROCEEDING EASTWARD INTO NUMBER 5 TRACK OVER THE 5&6 DIVIDER SWITCH IN LONG BEACH YARD DERAILED THE 4TH CAR (MU 9819) OF THE CONSIST OF 8 MU CARS.  THE EAST TRUCK OF 9819 DERAILED DUE TO THE SHARP DEGREE OF CURVATURE.  ALTHOUGH THE CURVATURE WAS DESIGNED AND MAINTAINED WITHIN FRA TRACK STANDARDS - THE DEGREE OF CURVATURE IN COMBINATION WITH NEWLY TRUED WHEELS, INSUFFICIENT LUBRICATIONOF SOUTH STOCK RAIL AND THE SLOW YARD SPEED RESULTED IN WHEEL CLIMB AND DERAILMENT OF THE EAST TRUCKOF THAT CAR.NoneNoneNoneNoneNoneNoneNoneNoneNone",Yard,1,3L,3L,1,LIEQ970305199703,LIEQ970305199703,Passenger (Formerly Commuter),Class 3,"SMT-1 - Amtrak and Commuter East, some Tourist/Historic",LI,Long Island Rail Road,Not Assigned,Passenger (Formerly Commuter),Class 3,"SMT-1 - Amtrak and Commuter East, some Tourist/Historic",LI,Long Island Rail Road,Not Assigned,,0,,,,,,,,,,,,,,,,,,,,,,,,,,,,,,,,
LI,Long Island Rail Road,1997,EQ970302,97,03,LI,Long Island Rail Road,EQ970302,97,03,05,1997-03-05,7:05 AM,09,Obstruction,0.0,0.0,0.0,0.0,SYSTEM,SYSTEM,HEMPSTEAD,19.8,36,NY,NEW YORK,59,NASSAU,1,35.0,2,Day,1,Clear,2,Yard,STATION TRACK #7,1,3,East,7,Yard/switching,Yes,717,2,Estimated,2,0.0,BDIMN,MU,009820,1,No,,,0,,No,1.0,0.0,0.0,0.0,0.0,0.0,0.0,0.0,0.0,0.0,0.0,0.0,0.0,7.0,0.0,0.0,0.0,0.0,0.0,0.0,13224.0,0.0,13224.0,H307,"Shoving movement, man on or at leading end of movement, failure to control",H307,"Shoving movement, man on or at leading end of movement, failure to control",1,1,1,6,40,6,40,0.0,0.0,0.0,0.0,0.0,0.0,0.0,0.0,0.0,0.0,0.0,0.0,"WHILE MAKING REVERSE MOVEMENT WITH EQUIPMENT OF TRAIN 717, THE CONDUCTOR ON THE LEADING END FAILED TO CONTROL TRAIN MOVEMENT RESULTING IN TRAIN STRIKING THE BUMPER POST/BLOCK AT THE EAST END OF TRACK#7.NoneNoneNoneNoneNoneNoneNoneNoneNoneNoneNoneNone",Yard,1,3L,3L,1,LIEQ970302199703,LIEQ970302199703,Passenger (Formerly Commuter),Class 3,"SMT-1 - Amtrak and Commuter East, some Tourist/Historic",LI,Long Island Rail Road,Not Assigned,Passenger (Formerly Commuter),Class 3,"SMT-1 - Amtrak and Commuter East, some Tourist/Historic",LI,Long Island Rail Road,Not Assigned,,0,,,,,,,,,,,,,,,,,,,,,,,,,,,,,,,,
LI,Long Island Rail Road,1997,EQ970302,97,03,LI,Long Island Rail Road,EQ970302,97,03,05,1997-03-05,7:05 AM,09,Obstruction,0.0,0.0,0.0,0.0,SYSTEM,SYSTEM,HEMPSTEAD,19.8,36,NY,NEW YORK,59,NASSAU,1,35.0,2,Day,1,Clear,2,Yard,STATION TRACK #7,1,3,East,7,Yard/switching,Yes,717,2,Estimated,2,0.0,BDIMN,MU,009820,1,No,,,0,,No,1.0,0.0,0.0,0.0,0.0,0.0,0.0,0.0,0.0,0.0,0.0,0.0,0.0,7.0,0.0,0.0,0.0,0.0,0.0,0.0,13224.0,0.0,13224.0,H307,"Shoving movement, man on or at leading end of movement, failure to control",H307,"Shoving movement, man on or at leading end of movement, failure to control",1,1,1,6,40,6,40,0.0,0.0,0.0,0.0,0.0,0.0,0.0,0.0,0.0,0.0,0.0,0.0,"WHILE MAKING REVERSE MOVEMENT WITH EQUIPMENT OF TRAIN 717, THE CONDUCTOR ON THE LEADING END FAILED TO CONTROL TRAIN MOVEMENT RESULTING IN TRAIN STRIKING THE BUMPER POST/BLOCK AT THE EAST END OF TRACK#7.NoneNoneNoneNoneNoneNoneNoneNoneNoneNoneNoneNone",Yard,1,3L,3L,1,LIEQ970302199703,LIEQ970302199703,Passenger (Formerly Commuter),Class 3,"SMT-1 - Amtrak and Commuter East, some Tourist/Historic",LI,Long Island Rail Road,Not Assigned,Passenger (Formerly Commuter),Class 3,"SMT-1 - Amtrak and Commuter East, some Tourist/Historic",LI,Long Island Rail Road,Not Assigned,,0,,,,,,,,,,,,,,,,,,,,,,,,,,,,,,,,
LI,Long Island Rail Road,1997,EQ970302,97,03,LI,Long Island Rail Road,EQ970302,97,03,05,1997-03-05,7:05 AM,09,Obstruction,0.0,0.0,0.0,0.0,SYSTEM,SYSTEM,HEMPSTEAD,19.8,36,NY,NEW YORK,59,NASSAU,1,35.0,2,Day,1,Clear,2,Yard,STATION TRACK #7,1,3,East,7,Yard/switching,Yes,717,2,Estimated,2,0.0,BDIMN,MU,009820,1,No,,,0,,No,1.0,0.0,0.0,0.0,0.0,0.0,0.0,0.0,0.0,0.0,0.0,0.0,0.0,7.0,0.0,0.0,0.0,0.0,0.0,0.0,13224.0,0.0,13224.0,H307,"Shoving movement, man on or at leading end of movement, failure to control",H307,"Shoving movement, man on or at leading end of movement, failure to control",1,1,1,6,40,6,40,0.0,0.0,0.0,0.0,0.0,0.0,0.0,0.0,0.0,0.0,0.0,0.0,"WHILE MAKING REVERSE MOVEMENT WITH EQUIPMENT OF TRAIN 717, THE CONDUCTOR ON THE LEADING END FAILED TO CONTROL TRAIN MOVEMENT RESULTING IN TRAIN STRIKING THE BUMPER POST/BLOCK AT THE EAST END OF TRACK#7.NoneNoneNoneNoneNoneNoneNoneNoneNoneNoneNoneNone",Yard,1,3L,3L,1,LIEQ970302199703,LIEQ970302199703,Passenger (Formerly Commuter),Class 3,"SMT-1 - Amtrak and Commuter East, some Tourist/Historic",LI,Long Island Rail Road,Not Assigned,Passenger (Formerly Commuter),Class 3,"SMT-1 - Amtrak and Commuter East, some Tourist/Historic",LI,Long Island Rail Road,Not Assigned,,0,,,,,,,,,,,,,,,,,,,,,,,,,,,,,,,,
LI,Long Island Rail Road,1997,EQ970302,97,03,LI,Long Island Rail Road,EQ970302,97,03,05,1997-03-05,7:05 AM,09,Obstruction,0.0,0.0,0.0,0.0,SYSTEM,SYSTEM,HEMPSTEAD,19.8,36,NY,NEW YORK,59,NASSAU,1,35.0,2,Day,1,Clear,2,Yard,STATION TRACK #7,1,3,East,7,Yard/switching,Yes,717,2,Estimated,2,0.0,BDIMN,MU,009820,1,No,,,0,,No,1.0,0.0,0.0,0.0,0.0,0.0,0.0,0.0,0.0,0.0,0.0,0.0,0.0,7.0,0.0,0.0,0.0,0.0,0.0,0.0,13224.0,0.0,13224.0,H307,"Shoving movement, man on or at leading end of movement, failure to control",H307,"Shoving movement, man on or at leading end of movement, failure to control",1,1,1,6,40,6,40,0.0,0.0,0.0,0.0,0.0,0.0,0.0,0.0,0.0,0.0,0.0,0.0,"WHILE MAKING REVERSE MOVEMENT WITH EQUIPMENT OF TRAIN 717, THE CONDUCTOR ON THE LEADING END FAILED TO CONTROL TRAIN MOVEMENT RESULTING IN TRAIN STRIKING THE BUMPER POST/BLOCK AT THE EAST END OF TRACK#7.NoneNoneNoneNoneNoneNoneNoneNoneNoneNoneNoneNone",Yard,1,3L,3L,1,LIEQ970302199703,LIEQ970302199703,Passenger (Formerly Commuter),Class 3,"SMT-1 - Amtrak and Commuter East, some Tourist/Historic",LI,Long Island Rail Road,Not Assigned,Passenger (Formerly Commuter),Class 3,"SMT-1 - Amtrak and Commuter East, some Tourist/Historic",LI,Long Island Rail Road,Not Assigned,,0,,,,,,,,,,,,,,,,,,,,,,,,,,,,,,,,
LI,Long Island Rail Road,1997,EQ970303,97,03,LI,Long Island Rail Road,EQ970303,97,03,16,1997-03-16,6:02 AM,09,Obstruction,0.0,0.0,0.0,0.0,SYSTEM,SYSTEM,HICKSVILLE,26.1,36,NY,NEW YORK,59,NASSAU,1,30.0,2,Day,1,Clear,1,Main,MAIN LINE #2,4,3,East,2,Passenger Train - Pulling,Yes,8006,80,Estimated,80,0.0,BDGIM,MU,009322,1,Yes,,,0,,Yes,1.0,0.0,0.0,0.0,0.0,0.0,0.0,0.0,0.0,0.0,0.0,3.0,0.0,4.0,0.0,0.0,0.0,0.0,0.0,0.0,44136.0,192.0,44328.0,M503,"Vandalism of track or track appliances, e.g., objects  placed on track, switch thrown, etc.",M503,"Vandalism of track or track appliances, e.g., objects  placed on track, switch thrown, etc.",1,1,1,5,21,5,21,0.0,0.0,0.0,0.0,0.0,0.0,0.0,0.0,0.0,0.0,0.0,0.0,TRAIN 8006 PROCEEDING EASTWARD ON MAIN LINE #2 EAST OF DIVIDE INTERLOCKING STRUCK A METAL SHOPPING CART/DEBRIS WHILE OPERATING AT APPROXIMATELY 80 MPH - RESULTING IN EXTENSIVE DAMAGE TO THE LEAD MU CAR #9322.NoneNoneNoneNoneNoneNoneNoneNoneNoneNoneNoneNone,Main,4,3L,3L,1,LIEQ970303199703,LIEQ970303199703,Passenger (Formerly Commuter),Class 3,"SMT-1 - Amtrak and Commuter East, some Tourist/Historic",LI,Long Island Rail Road,Not Assigned,Passenger (Formerly Commuter),Class 3,"SMT-1 - Amtrak and Commuter East, some Tourist/Historic",LI,Long Island Rail Road,Not Assigned,,0,,,,,,,,,,,,,,,,,,,,,,,,,,,,,,,,
LI,Long Island Rail Road,1997,EQ970303,97,03,LI,Long Island Rail Road,EQ970303,97,03,16,1997-03-16,6:02 AM,09,Obstruction,0.0,0.0,0.0,0.0,SYSTEM,SYSTEM,HICKSVILLE,26.1,36,NY,NEW YORK,59,NASSAU,1,30.0,2,Day,1,Clear,1,Main,MAIN LINE #2,4,3,East,2,Passenger Train - Pulling,Yes,8006,80,Estimated,80,0.0,BDGIM,MU,009322,1,Yes,,,0,,Yes,1.0,0.0,0.0,0.0,0.0,0.0,0.0,0.0,0.0,0.0,0.0,3.0,0.0,4.0,0.0,0.0,0.0,0.0,0.0,0.0,44136.0,192.0,44328.0,M503,"Vandalism of track or track appliances, e.g., objects  placed on track, switch thrown, etc.",M503,"Vandalism of track or track appliances, e.g., objects  placed on track, switch thrown, etc.",1,1,1,5,21,5,21,0.0,0.0,0.0,0.0,0.0,0.0,0.0,0.0,0.0,0.0,0.0,0.0,TRAIN 8006 PROCEEDING EASTWARD ON MAIN LINE #2 EAST OF DIVIDE INTERLOCKING STRUCK A METAL SHOPPING CART/DEBRIS WHILE OPERATING AT APPROXIMATELY 80 MPH - RESULTING IN EXTENSIVE DAMAGE TO THE LEAD MU CAR #9322.NoneNoneNoneNoneNoneNoneNoneNoneNoneNoneNoneNone,Main,4,3L,3L,1,LIEQ970303199703,LIEQ970303199703,Passenger (Formerly Commuter),Class 3,"SMT-1 - Amtrak and Commuter East, some Tourist/Historic",LI,Long Island Rail Road,Not Assigned,Passenger (Formerly Commuter),Class 3,"SMT-1 - Amtrak and Commuter East, some Tourist/Historic",LI,Long Island Rail Road,Not Assigned,,0,,,,,,,,,,,,,,,,,,,,,,,,,,,,,,,,
LI,Long Island Rail Road,1997,EQ970204,97,02,LI,Long Island Rail Road,EQ970204,97,02,14,1997-02-14,3:05 PM,01,Derailment,0.0,0.0,0.0,0.0,SYSTEM,SYSTEM,HUNTINGTON STATION,34.7,36,NY,NEW YORK,103,SUFFOLK,1,28.0,4,Dark,6,Snow,3,Siding,EAST END,1,3,East,7,Yard/switching,Yes,1629,4,Estimated,4,0.0,AFIM,MU,009344,1,No,,,0,,No,1.0,0.0,0.0,0.0,0.0,1.0,0.0,0.0,0.0,0.0,0.0,0.0,0.0,7.0,0.0,0.0,0.0,0.0,0.0,0.0,5487.0,2758.0,8245.0,H307,"Shoving movement, man on or at leading end of movement, failure to control",H307,"Shoving movement, man on or at leading end of movement, failure to control",1,1,1,2,32,2,32,0.0,0.0,0.0,0.0,0.0,0.0,0.0,0.0,0.0,0.0,0.0,0.0,"WHILE MAKING REVERSE MOVEMENT WITH EQUIPMENT OF TRAIN 1629, ON THE EAST END EXTENSION SIDING AT HUNTINGTON, THE CONDUCTOR ON THE LEADING END OF THE CONSIST FAILED TO CONTROL THE TRAIN MOVEMENT AND PROCEEDED THROUGH A SWITCH IMPROPERLY LINED RESULTING IN THE DERAILMENT OF THE LEAD CAR (MU CAR NUMBER9344).NoneNoneNoneNoneNoneNoneNoneNoneNoneNoneNone",Siding,1,3L,3L,1,LIEQ970204199702,LIEQ970204199702,Passenger (Formerly Commuter),Class 3,"SMT-1 - Amtrak and Commuter East, some Tourist/Historic",LI,Long Island Rail Road,Not Assigned,Passenger (Formerly Commuter),Class 3,"SMT-1 - Amtrak and Commuter East, some Tourist/Historic",LI,Long Island Rail Road,Not Assigned,,0,,,,,,,,,,,,,,,,,,,,,,,,,,,,,,,,
LI,Long Island Rail Road,1997,EQ970204,97,02,LI,Long Island Rail Road,EQ970204,97,02,14,1997-02-14,3:05 PM,01,Derailment,0.0,0.0,0.0,0.0,SYSTEM,SYSTEM,HUNTINGTON STATION,34.7,36,NY,NEW YORK,103,SUFFOLK,1,28.0,4,Dark,6,Snow,3,Siding,EAST END,1,3,East,7,Yard/switching,Yes,1629,4,Estimated,4,0.0,AFIM,MU,009344,1,No,,,0,,No,1.0,0.0,0.0,0.0,0.0,1.0,0.0,0.0,0.0,0.0,0.0,0.0,0.0,7.0,0.0,0.0,0.0,0.0,0.0,0.0,5487.0,2758.0,8245.0,H307,"Shoving movement, man on or at leading end of movement, failure to control",H307,"Shoving movement, man on or at leading end of movement, failure to control",1,1,1,2,32,2,32,0.0,0.0,0.0,0.0,0.0,0.0,0.0,0.0,0.0,0.0,0.0,0.0,"WHILE MAKING REVERSE MOVEMENT WITH EQUIPMENT OF TRAIN 1629, ON THE EAST END EXTENSION SIDING AT HUNTINGTON, THE CONDUCTOR ON THE LEADING END OF THE CONSIST FAILED TO CONTROL THE TRAIN MOVEMENT AND PROCEEDED THROUGH A SWITCH IMPROPERLY LINED RESULTING IN THE DERAILMENT OF THE LEAD CAR (MU CAR NUMBER9344).NoneNoneNoneNoneNoneNoneNoneNoneNoneNoneNone",Siding,1,3L,3L,1,LIEQ970204199702,LIEQ970204199702,Passenger (Formerly Commuter),Class 3,"SMT-1 - Amtrak and Commuter East, some Tourist/Historic",LI,Long Island Rail Road,Not Assigned,Passenger (Formerly Commuter),Class 3,"SMT-1 - Amtrak and Commuter East, some Tourist/Historic",LI,Long Island Rail Road,Not Assigned,,0,,,,,,,,,,,,,,,,,,,,,,,,,,,,,,,,
LI,Long Island Rail Road,1997,EQ970207,97,02,LI,Long Island Rail Road,EQ970207,97,02,25,1997-02-25,9:02 PM,01,Derailment,0.0,0.0,0.0,0.0,SYSTEM,SYSTEM,CARLE PLACE,20.6,36,NY,NEW YORK,59,NASSAU,1,25.0,4,Dark,1,Clear,1,Main,MAIN LINE 2,4,3,East,1,Freight Train,Yes,RF-6,40,Estimated,40,0.0,AGIM,LI,004096,25,Yes,,,0,,No,2.0,0.0,0.0,0.0,0.0,0.0,0.0,0.0,0.0,0.0,25.0,0.0,0.0,0.0,0.0,4.0,0.0,0.0,0.0,0.0,21866.0,186146.0,208012.0,E40C,Side bearing clearance insufficient,E40C,Side bearing clearance insufficient,1,1,1,2,2,2,2,0.0,0.0,0.0,0.0,0.0,0.0,0.0,0.0,0.0,0.0,0.0,0.0,"WHILE THE RF-60 WAS OPERATING EASTWARD ON MAIN LINE TRACK 2, THE LAST FOUR CARS OF THE FREIGHT CONSIST DERAILED.  FOLLOWING INTENSIVE INVESTIGATION, THE PRIMARY CAUSE OF THIS ACCIDENT WAS DETERMINED TO BE RELATED TO INSUFFICIENT SIDE BEARING CLEARANCE OF ORE JENNY FREIGHT CAR NUMBER 4096 (FRA CAUSECODE E40C).  SECONDARY CAUSAL FACTORS INCLUDED THE OPERATION OF THE TRAIN CONSIST ELEVEN MILES PER HOUR ABOVE THE 30 MPH MAS SPEED RESTRICTION FOR ORE JENNY EQUIPMENT (FRA CAUSE CODE H699), AND IMPROPER LOADING OF MATERIAL WHICH WAS UNEVENLY SHIFTED TO THE NORTH SIDE OFF THE CAR.  AN FRA FORM F 6180.81 HAD BEEN PREPARED AND SUBMITTED AS PART OF THIS REPORT UPDATE.NoneNoneNoneNoneNoneNoneNoneNone",Main,4,3L,3L,1,LIEQ970207199702,LIEQ970207199702,Passenger (Formerly Commuter),Class 3,"SMT-1 - Amtrak and Commuter East, some Tourist/Historic",LI,Long Island Rail Road,Not Assigned,Passenger (Formerly Commuter),Class 3,"SMT-1 - Amtrak and Commuter East, some Tourist/Historic",LI,Long Island Rail Road,Not Assigned,,0,,H699,"Speed, other (Provide detailed description in narrative)",,,,,,,,,,,,,,,,,,,,,,,,,,,,,
LI,Long Island Rail Road,1997,EQ970207,97,02,LI,Long Island Rail Road,EQ970207,97,02,25,1997-02-25,9:02 PM,01,Derailment,0.0,0.0,0.0,0.0,SYSTEM,SYSTEM,CARLE PLACE,20.6,36,NY,NEW YORK,59,NASSAU,1,25.0,4,Dark,1,Clear,1,Main,MAIN LINE 2,4,3,East,1,Freight Train,Yes,RF-6,40,Estimated,40,0.0,AGIM,LI,004096,25,Yes,,,0,,No,2.0,0.0,0.0,0.0,0.0,0.0,0.0,0.0,0.0,0.0,25.0,0.0,0.0,0.0,0.0,4.0,0.0,0.0,0.0,0.0,21866.0,186146.0,208012.0,E40C,Side bearing clearance insufficient,E40C,Side bearing clearance insufficient,1,1,1,2,2,2,2,0.0,0.0,0.0,0.0,0.0,0.0,0.0,0.0,0.0,0.0,0.0,0.0,"WHILE THE RF-60 WAS OPERATING EASTWARD ON MAIN LINE TRACK 2, THE LAST FOUR CARS OF THE FREIGHT CONSIST DERAILED.  FOLLOWING INTENSIVE INVESTIGATION, THE PRIMARY CAUSE OF THIS ACCIDENT WAS DETERMINED TO BE RELATED TO INSUFFICIENT SIDE BEARING CLEARANCE OF ORE JENNY FREIGHT CAR NUMBER 4096 (FRA CAUSECODE E40C).  SECONDARY CAUSAL FACTORS INCLUDED THE OPERATION OF THE TRAIN CONSIST ELEVEN MILES PER HOUR ABOVE THE 30 MPH MAS SPEED RESTRICTION FOR ORE JENNY EQUIPMENT (FRA CAUSE CODE H699), AND IMPROPER LOADING OF MATERIAL WHICH WAS UNEVENLY SHIFTED TO THE NORTH SIDE OFF THE CAR.  AN FRA FORM F 6180.81 HAD BEEN PREPARED AND SUBMITTED AS PART OF THIS REPORT UPDATE.NoneNoneNoneNoneNoneNoneNoneNone",Main,4,3L,3L,1,LIEQ970207199702,LIEQ970207199702,Passenger (Formerly Commuter),Class 3,"SMT-1 - Amtrak and Commuter East, some Tourist/Historic",LI,Long Island Rail Road,Not Assigned,Passenger (Formerly Commuter),Class 3,"SMT-1 - Amtrak and Commuter East, some Tourist/Historic",LI,Long Island Rail Road,Not Assigned,,0,,H699,"Speed, other (Provide detailed description in narrative)",,,,,,,,,,,,,,,,,,,,,,,,,,,,,