reportingrailroadcode,reportingrailroadname,report_year,incidentnumber,accidentyear,accidentmonth,maintenancerailroadcode,maintenancerailroadname,maintenanceaccidentnumber,maintenanceaccidentyear,maintenanceaccidentmonth,day,date,time,accident_type_code,accidenttype,hazmatcars,hazmatcarsdamaged,hazmatreleasedcars,personsevacuated,divisioncode,division,station,milepost,statecode,stateabbr,statename,countycode,countyname,district,temperature,visibilitycode,visibility,weather_condition_code,weathercondition,track_type_code,tracktype,trackname,trackclass,train_direction_code,traindirection,equipment_type_code,equipmenttype,equipmentattended,trainnumber,trainspeed,recordedestimatedspeed,maximumspeed,grosstonnage,method_of_operation_code,firstcarinitials,firstcarnumber,firstcarposition,firstcarloaded,causingcarinitials,causingcarnumber,causingcarposition,causingcarloaded,passengerstransported,headendlocomotives,midtrainmanuallocomotives,midtrainremotelocomotives,rearendmanuallocomotives,rearendremotelocomotives,derailedheadendlocomotives,derailedmidtrainmanuallo,derailedmidtrainremotelo,derailedrearendmanualloc,derailedrearendremoteloc,loadedfreightcars,loadedpassengercars,emptyfreightcars,emptypassengercars,cabooses,derailedloadedfreightcars,derailedloadedpassengercars,derailedemptyfreightcars,derailedemptypassengercars,derailedcabooses,equipmentdamagecost,trackdamagecost,totaldamagecost,primaryaccidentcausecode,primaryaccidentcause,accidentcausecode,accidentcause,engineersonduty,conductorsonduty,brakemenonduty,hoursengineersonduty,minutesengineersonduty,hoursconductorsonduty,minutesconductorsonduty,railroademployeeskilled,railroademployeesinjured,passengerskilled,passengersinjured,otherskilled,othersinjured,personskilledforreportin,personsinjuredforreporti,totalpersonskilled,totalpersonsinjured,totalkilledform54,totalinjuredform54,narrative,jointtracktype,jointtrackclass,classcode,class,jointcd,incidentkey,reportkey,reporting_railroad_company_grouping,reporting_railroad_class,reporting_railroad_smt_grouping,reporting_parent_railroad_company_code,reporting_parent_railroad_company_name,reporting_railroad_holding_company,maintenance_railroad_company_grouping,maintenance_railroad_class,maintenance_railroad_smt_grouping,maintenance_parent_railroad_company_code,maintenance_parent_railroad_company_name,maintenance_railroad_holding_company,trackdensity,firemenonduty,gxid,contributingaccidentcausecode,contributingaccidentcause,subdivision,signalization_code,signalization,methodofoperation,adjunct_1,adjunctcode1,remote_control_locomotive_code,remotecontrollocomotive,specialstudy1,latitude,longitude,adjunct_2,adjunctcode2,positivealcoholtests,positivedrugtests,specialstudy2,adjunct_3,adjunctcode3,otherrailroadcode,otherrailroadname,otheraccidentnumber,accidentyearother,accidentmonthother,other_railroad_company_grouping,other_railroad_class,other_railroad_smt_grouping,other_parent_railroad_company_code,other_parent_railroad_company_name,other_railroad_holding_company
LI,Long Island Rail Road,1997,EQ970109,97,01,LI,Long Island Rail Road,EQ970109,97,01,31,1997-01-31,12:12 PM,09,Obstruction,0.0,0.0,0.0,0.0,SYSTEM,SYSTEM,CENTRAL ISLIP,44.2,36,NY,NEW YORK,103,SUFFOLK,1,36.0,2,Day,2,Cloudy,1,Main,MAIN LINE,4,4,West,2,Passenger Train - Pulling,Yes,2051,65,Estimated,65,0.0,ABDGIM,LI,009607,1,Yes,,,0,,Yes,1.0,0.0,0.0,0.0,0.0,0.0,0.0,0.0,0.0,0.0,0.0,7.0,0.0,0.0,0.0,0.0,0.0,0.0,0.0,0.0,67617.0,235.0,67852.0,M503,"Vandalism of track or track appliances, e.g., objects  placed on track, switch thrown, etc.",M503,"Vandalism of track or track appliances, e.g., objects  placed on track, switch thrown, etc.",1,1,1,4,55,4,55,0.0,0.0,0.0,0.0,0.0,0.0,0.0,0.0,0.0,0.0,0.0,0.0,TRAIN #2051 WAS PROCEEDING WEST AND STRUCK A SHOPPING CART ONE HALF MILE EAST OF CENTRAL ISLIP STATION ON THE MAIN LINE BRANCH.  THE METAL DEBRIS FROM THE CART BECAME LEDGED UNDER THE WEST END TRUCK OF THE THIRD MU CAR (CAR #9139) RESULTING IN AN ELECTRICAL FIRE TO THE SOUTH SIDE SHOE BEAM AND EXTENSIVE DAMAGE TO WEST END TRUCK OF THAT CAR.  THE CAUSE OF THIS ACCIDENT WAS DETERMINED TO BE VANDALISM.NoneNoneNoneNoneNoneNoneNoneNoneNoneNone,Main,4,3L,3L,1,LIEQ970109199701,LIEQ970109199701,Passenger (Formerly Commuter),Class 3,"SMT-1 - Amtrak and Commuter East, some Tourist/Historic",LI,Long Island Rail Road,Not Assigned,Passenger (Formerly Commuter),Class 3,"SMT-1 - Amtrak and Commuter East, some Tourist/Historic",LI,Long Island Rail Road,Not Assigned,,0,,,,,,,,,,,,,,,,,,,,,,,,,,,,,,,,
LI,Long Island Rail Road,1997,EQ970109,97,01,LI,Long Island Rail Road,EQ970109,97,01,31,1997-01-31,12:12 PM,09,Obstruction,0.0,0.0,0.0,0.0,SYSTEM,SYSTEM,CENTRAL ISLIP,44.2,36,NY,NEW YORK,103,SUFFOLK,1,36.0,2,Day,2,Cloudy,1,Main,MAIN LINE,4,4,West,2,Passenger Train - Pulling,Yes,2051,65,Estimated,65,0.0,ABDGIM,LI,009607,1,Yes,,,0,,Yes,1.0,0.0,0.0,0.0,0.0,0.0,0.0,0.0,0.0,0.0,0.0,7.0,0.0,0.0,0.0,0.0,0.0,0.0,0.0,0.0,67617.0,235.0,67852.0,M503,"Vandalism of track or track appliances, e.g., objects  placed on track, switch thrown, etc.",M503,"Vandalism of track or track appliances, e.g., objects  placed on track, switch thrown, etc.",1,1,1,4,55,4,55,0.0,0.0,0.0,0.0,0.0,0.0,0.0,0.0,0.0,0.0,0.0,0.0,TRAIN #2051 WAS PROCEEDING WEST AND STRUCK A SHOPPING CART ONE HALF MILE EAST OF CENTRAL ISLIP STATION ON THE MAIN LINE BRANCH.  THE METAL DEBRIS FROM THE CART BECAME LEDGED UNDER THE WEST END TRUCK OF THE THIRD MU CAR (CAR #9139) RESULTING IN AN ELECTRICAL FIRE TO THE SOUTH SIDE SHOE BEAM AND EXTENSIVE DAMAGE TO WEST END TRUCK OF THAT CAR.  THE CAUSE OF THIS ACCIDENT WAS DETERMINED TO BE VANDALISM.NoneNoneNoneNoneNoneNoneNoneNoneNoneNone,Main,4,3L,3L,1,LIEQ970109199701,LIEQ970109199701,Passenger (Formerly Commuter),Class 3,"SMT-1 - Amtrak and Commuter East, some Tourist/Historic",LI,Long Island Rail Road,Not Assigned,Passenger (Formerly Commuter),Class 3,"SMT-1 - Amtrak and Commuter East, some Tourist/Historic",LI,Long Island Rail Road,Not Assigned,,0,,,,,,,,,,,,,,,,,,,,,,,,,,,,,,,,
LI,Long Island Rail Road,1997,EQ970109,97,01,LI,Long Island Rail Road,EQ970109,97,01,31,1997-01-31,12:12 PM,09,Obstruction,0.0,0.0,0.0,0.0,SYSTEM,SYSTEM,CENTRAL ISLIP,44.2,36,NY,NEW YORK,103,SUFFOLK,1,36.0,2,Day,2,Cloudy,1,Main,MAIN LINE,4,4,West,2,Passenger Train - Pulling,Yes,2051,65,Estimated,65,0.0,ABDGIM,LI,009607,1,Yes,,,0,,Yes,1.0,0.0,0.0,0.0,0.0,0.0,0.0,0.0,0.0,0.0,0.0,7.0,0.0,0.0,0.0,0.0,0.0,0.0,0.0,0.0,67617.0,235.0,67852.0,M503,"Vandalism of track or track appliances, e.g., objects  placed on track, switch thrown, etc.",M503,"Vandalism of track or track appliances, e.g., objects  placed on track, switch thrown, etc.",1,1,1,4,55,4,55,0.0,0.0,0.0,0.0,0.0,0.0,0.0,0.0,0.0,0.0,0.0,0.0,TRAIN #2051 WAS PROCEEDING WEST AND STRUCK A SHOPPING CART ONE HALF MILE EAST OF CENTRAL ISLIP STATION ON THE MAIN LINE BRANCH.  THE METAL DEBRIS FROM THE CART BECAME LEDGED UNDER THE WEST END TRUCK OF THE THIRD MU CAR (CAR #9139) RESULTING IN AN ELECTRICAL FIRE TO THE SOUTH SIDE SHOE BEAM AND EXTENSIVE DAMAGE TO WEST END TRUCK OF THAT CAR.  THE CAUSE OF THIS ACCIDENT WAS DETERMINED TO BE VANDALISM.NoneNoneNoneNoneNoneNoneNoneNoneNoneNone,Main,4,3L,3L,1,LIEQ970109199701,LIEQ970109199701,Passenger (Formerly Commuter),Class 3,"SMT-1 - Amtrak and Commuter East, some Tourist/Historic",LI,Long Island Rail Road,Not Assigned,Passenger (Formerly Commuter),Class 3,"SMT-1 - Amtrak and Commuter East, some Tourist/Historic",LI,Long Island Rail Road,Not Assigned,,0,,,,,,,,,,,,,,,,,,,,,,,,,,,,,,,,
LI,Long Island Rail Road,1997,EQ970109,97,01,LI,Long Island Rail Road,EQ970109,97,01,31,1997-01-31,12:12 PM,09,Obstruction,0.0,0.0,0.0,0.0,SYSTEM,SYSTEM,CENTRAL ISLIP,44.2,36,NY,NEW YORK,103,SUFFOLK,1,36.0,2,Day,2,Cloudy,1,Main,MAIN LINE,4,4,West,2,Passenger Train - Pulling,Yes,2051,65,Estimated,65,0.0,ABDGIM,LI,009607,1,Yes,,,0,,Yes,1.0,0.0,0.0,0.0,0.0,0.0,0.0,0.0,0.0,0.0,0.0,7.0,0.0,0.0,0.0,0.0,0.0,0.0,0.0,0.0,67617.0,235.0,67852.0,M503,"Vandalism of track or track appliances, e.g., objects  placed on track, switch thrown, etc.",M503,"Vandalism of track or track appliances, e.g., objects  placed on track, switch thrown, etc.",1,1,1,4,55,4,55,0.0,0.0,0.0,0.0,0.0,0.0,0.0,0.0,0.0,0.0,0.0,0.0,TRAIN #2051 WAS PROCEEDING WEST AND STRUCK A SHOPPING CART ONE HALF MILE EAST OF CENTRAL ISLIP STATION ON THE MAIN LINE BRANCH.  THE METAL DEBRIS FROM THE CART BECAME LEDGED UNDER THE WEST END TRUCK OF THE THIRD MU CAR (CAR #9139) RESULTING IN AN ELECTRICAL FIRE TO THE SOUTH SIDE SHOE BEAM AND EXTENSIVE DAMAGE TO WEST END TRUCK OF THAT CAR.  THE CAUSE OF THIS ACCIDENT WAS DETERMINED TO BE VANDALISM.NoneNoneNoneNoneNoneNoneNoneNoneNoneNone,Main,4,3L,3L,1,LIEQ970109199701,LIEQ970109199701,Passenger (Formerly Commuter),Class 3,"SMT-1 - Amtrak and Commuter East, some Tourist/Historic",LI,Long Island Rail Road,Not Assigned,Passenger (Formerly Commuter),Class 3,"SMT-1 - Amtrak and Commuter East, some Tourist/Historic",LI,Long Island Rail Road,Not Assigned,,0,,,,,,,,,,,,,,,,,,,,,,,,,,,,,,,,
LI,Long Island Rail Road,2000,GR20000101,00,01,LI,Long Island Rail Road,GR20000101,00,01,30,2000-01-30,9:30 AM,07,Hwy-rail crossing,0.0,0.0,0.0,0.0,SYSTEM,SYSTEM,CENTRAL ISLIP,43.5,36,NY,NEW YORK,103,SUFFOLK,1,34.0,2,Day,2,Cloudy,1,Main,MAINLINE,4,3,East,2,Passenger Train - Pulling,Yes,8012,70,Estimated,70,0.0,ADFIM,LI,009508,1,Yes,,,0,,Yes,1.0,0.0,0.0,0.0,0.0,0.0,0.0,0.0,0.0,0.0,0.0,5.0,0.0,2.0,0.0,0.0,0.0,0.0,0.0,0.0,20000.0,869.0,20869.0,M304,Highway user cited for violation of highway-rail grade crossing traffic laws,M304,Highway user cited for violation of highway-rail grade crossing traffic laws,1,1,1,1,52,1,52,0.0,0.0,0.0,0.0,0.0,1.0,0.0,1.0,0.0,1.0,0.0,1.0,TRAIN NUMBER 8012 WAS OPERATING EASTBOUND AT APPROXIMATELY 70 MPH THROUGH CENTRAL ISLIP ON THE MAINLINE TRACK WHEN A MOTOR VEHICLE OPERATOR WENT UNDER THE CROSSING GATE AT CARLTON AVENUE CROSSING ANDSTOPPED HIS VEHICLE FOULING THE MAIN TRACK.  THE MOTOR VEHCILE WAS STRUCK BY THE TRAIN RESULTING INEXTENSIVE DAMAGE TO THE ON TRACK EQUIPMENT AND THE MOTOR VEHICLE.  THE OPERATOR OF THE MOTOR VEHICLE RECEIVED ONLY MINOR INJURIES AND WAS ARRESTED FOR DWI AND RECEIVED NUMEROUS SUMMONSES FROM THE MTAPOLICE.NoneNoneNoneNoneNoneNoneNoneNoneNone,Main,4,3L,3L,1,LIGR20000101200001,LIGR20000101200001,Passenger (Formerly Commuter),Class 3,"SMT-1 - Amtrak and Commuter East, some Tourist/Historic",LI,Long Island Rail Road,Not Assigned,Passenger (Formerly Commuter),Class 3,"SMT-1 - Amtrak and Commuter East, some Tourist/Historic",LI,Long Island Rail Road,Not Assigned,,,338172V,,,,,,,,,,,,,,,,,,,,,,,,,,,,,,,
LI,Long Island Rail Road,2000,GR20000101,00,01,LI,Long Island Rail Road,GR20000101,00,01,30,2000-01-30,9:30 AM,07,Hwy-rail crossing,0.0,0.0,0.0,0.0,SYSTEM,SYSTEM,CENTRAL ISLIP,43.5,36,NY,NEW YORK,103,SUFFOLK,1,34.0,2,Day,2,Cloudy,1,Main,MAINLINE,4,3,East,2,Passenger Train - Pulling,Yes,8012,70,Estimated,70,0.0,ADFIM,LI,009508,1,Yes,,,0,,Yes,1.0,0.0,0.0,0.0,0.0,0.0,0.0,0.0,0.0,0.0,0.0,5.0,0.0,2.0,0.0,0.0,0.0,0.0,0.0,0.0,20000.0,869.0,20869.0,M304,Highway user cited for violation of highway-rail grade crossing traffic laws,M304,Highway user cited for violation of highway-rail grade crossing traffic laws,1,1,1,1,52,1,52,0.0,0.0,0.0,0.0,0.0,1.0,0.0,1.0,0.0,1.0,0.0,1.0,TRAIN NUMBER 8012 WAS OPERATING EASTBOUND AT APPROXIMATELY 70 MPH THROUGH CENTRAL ISLIP ON THE MAINLINE TRACK WHEN A MOTOR VEHICLE OPERATOR WENT UNDER THE CROSSING GATE AT CARLTON AVENUE CROSSING ANDSTOPPED HIS VEHICLE FOULING THE MAIN TRACK.  THE MOTOR VEHCILE WAS STRUCK BY THE TRAIN RESULTING INEXTENSIVE DAMAGE TO THE ON TRACK EQUIPMENT AND THE MOTOR VEHICLE.  THE OPERATOR OF THE MOTOR VEHICLE RECEIVED ONLY MINOR INJURIES AND WAS ARRESTED FOR DWI AND RECEIVED NUMEROUS SUMMONSES FROM THE MTAPOLICE.NoneNoneNoneNoneNoneNoneNoneNoneNone,Main,4,3L,3L,1,LIGR20000101200001,LIGR20000101200001,Passenger (Formerly Commuter),Class 3,"SMT-1 - Amtrak and Commuter East, some Tourist/Historic",LI,Long Island Rail Road,Not Assigned,Passenger (Formerly Commuter),Class 3,"SMT-1 - Amtrak and Commuter East, some Tourist/Historic",LI,Long Island Rail Road,Not Assigned,,,338172V,,,,,,,,,,,,,,,,,,,,,,,,,,,,,,,
LI,Long Island Rail Road,2000,GR20001201,00,12,LI,Long Island Rail Road,GR20001201,00,12,01,2000-12-01,5:15 PM,07,Hwy-rail crossing,0.0,0.0,0.0,0.0,SYSTEM,SYSTEM,WYANDANCH,34.7,36,NY,NEW YORK,103,SUFFOLK,1,47.0,4,Dark,1,Clear,1,Main,MAIN LINE,4,4,West,2,Passenger Train - Pulling,Yes,EXTR,75,Estimated,75,0.0,ADGIM,LI,005019,1,No,,,0,,No,0.0,0.0,0.0,0.0,1.0,0.0,0.0,0.0,0.0,0.0,0.0,0.0,0.0,2.0,0.0,0.0,0.0,0.0,0.0,0.0,100000.0,2661.0,102661.0,M304,Highway user cited for violation of highway-rail grade crossing traffic laws,M304,Highway user cited for violation of highway-rail grade crossing traffic laws,1,1,1,9,15,9,15,0.0,0.0,0.0,0.0,0.0,0.0,0.0,0.0,0.0,0.0,0.0,0.0,MOTOR VEHICLE OPERATED BY UNLICENSED OPERATOR STALLED ON CROSSING AND WAS STRUCK BY EXTRA TRAIN 5019WEST AT STRAIGHT PATH ROAD IN WYANDANCH.  THE OPERATOR OF THE VEHICLE EXITED THE VEHICLE AND CLEARED HERSELF FROM THE TRACK BEFORE THE VEHICLE WAS STRUCK BY THE TRAIN. ALL CROSSING WARNING SYSTEMS WERE FUNCTIONING PROPERLY AT THE TIME OF THE ACCIDENT.  THERE WERE NO INJURIES REPORTED AS A RESULT OFTHIS ACCIDENT.NoneNoneNoneNoneNoneNoneNoneNoneNoneNone,Main,4,3L,3L,1,LIGR20001201200012,LIGR20001201200012,Passenger (Formerly Commuter),Class 3,"SMT-1 - Amtrak and Commuter East, some Tourist/Historic",LI,Long Island Rail Road,Not Assigned,Passenger (Formerly Commuter),Class 3,"SMT-1 - Amtrak and Commuter East, some Tourist/Historic",LI,Long Island Rail Road,Not Assigned,,,338162P,,,,,,,,,,,,,,,,,,,,,,,,,,,,,,,
LI,Long Island Rail Road,2000,GR20001201,00,12,LI,Long Island Rail Road,GR20001201,00,12,01,2000-12-01,5:15 PM,07,Hwy-rail crossing,0.0,0.0,0.0,0.0,SYSTEM,SYSTEM,WYANDANCH,34.7,36,NY,NEW YORK,103,SUFFOLK,1,47.0,4,Dark,1,Clear,1,Main,MAIN LINE,4,4,West,2,Passenger Train - Pulling,Yes,EXTR,75,Estimated,75,0.0,ADGIM,LI,005019,1,No,,,0,,No,0.0,0.0,0.0,0.0,1.0,0.0,0.0,0.0,0.0,0.0,0.0,0.0,0.0,2.0,0.0,0.0,0.0,0.0,0.0,0.0,100000.0,2661.0,102661.0,M304,Highway user cited for violation of highway-rail grade crossing traffic laws,M304,Highway user cited for violation of highway-rail grade crossing traffic laws,1,1,1,9,15,9,15,0.0,0.0,0.0,0.0,0.0,0.0,0.0,0.0,0.0,0.0,0.0,0.0,MOTOR VEHICLE OPERATED BY UNLICENSED OPERATOR STALLED ON CROSSING AND WAS STRUCK BY EXTRA TRAIN 5019WEST AT STRAIGHT PATH ROAD IN WYANDANCH.  THE OPERATOR OF THE VEHICLE EXITED THE VEHICLE AND CLEARED HERSELF FROM THE TRACK BEFORE THE VEHICLE WAS STRUCK BY THE TRAIN. ALL CROSSING WARNING SYSTEMS WERE FUNCTIONING PROPERLY AT THE TIME OF THE ACCIDENT.  THERE WERE NO INJURIES REPORTED AS A RESULT OFTHIS ACCIDENT.NoneNoneNoneNoneNoneNoneNoneNoneNoneNone,Main,4,3L,3L,1,LIGR20001201200012,LIGR20001201200012,Passenger (Formerly Commuter),Class 3,"SMT-1 - Amtrak and Commuter East, some Tourist/Historic",LI,Long Island Rail Road,Not Assigned,Passenger (Formerly Commuter),Class 3,"SMT-1 - Amtrak and Commuter East, some Tourist/Historic",LI,Long Island Rail Road,Not Assigned,,,338162P,,,,,,,,,,,,,,,,,,,,,,,,,,,,,,,
LI,Long Island Rail Road,2000,EQ20001007,00,10,LI,Long Island Rail Road,EQ20001007,00,10,31,2000-10-31,6:54 PM,09,Obstruction,0.0,0.0,0.0,0.0,SYSTEM,SYSTEM,WEST HEMPSTEAD,20.1,36,NY,NEW YORK,59,NASSAU,1,55.0,4,Dark,1,Clear,2,Yard,POCKET TRACK,4,3,East,7,Yard/switching,Yes,955,5,Recorded,5,0.0,IMN,LI,009740,1,No,,,0,,No,1.0,0.0,0.0,0.0,0.0,0.0,0.0,0.0,0.0,0.0,0.0,0.0,0.0,7.0,0.0,0.0,0.0,0.0,1.0,0.0,61010.0,639.0,61649.0,M505,Cause under active investigation by reporting railroad  (Amended report will be forwarded when repor,M505,Cause under active investigation by reporting railroad  (Amended report will be forwarded when repor,1,1,1,2,48,2,48,0.0,2.0,0.0,0.0,0.0,0.0,0.0,2.0,0.0,2.0,0.0,2.0,"THE CREW OF THE NON-PASSENGER EQUIPMENT TRAIN NUMBER 955 WAS MAKING A SHOVING INTO THE POCKET TRACKAT WEST HEMPSTEAD AND STRUCK THE BUMPER BLOCK WHICH RESULTED IN THE DERAILMENT OF THE LEAD CAR MU 9740 AND EQUIPMENT AND TRACK DAMAGE.  THIS HUMAN FACTOR ACCIDENT REMAINS UNDER INVESTIGATION PENDING TRAIL RESULTS OF EMPLOYEES INVOLVED.  ONCE THE TRAIL IS COMPLETE, AN UPDATED REPORT WILL BE FORWARDED.NoneNoneNoneNoneNoneNoneNoneNoneNoneNone",Yard,4,3L,3L,1,LIEQ20001007200010,LIEQ20001007200010,Passenger (Formerly Commuter),Class 3,"SMT-1 - Amtrak and Commuter East, some Tourist/Historic",LI,Long Island Rail Road,Not Assigned,Passenger (Formerly Commuter),Class 3,"SMT-1 - Amtrak and Commuter East, some Tourist/Historic",LI,Long Island Rail Road,Not Assigned,,,,,,,,,,,,,,,,,,,,,,,,,,,,,,,,,,
LI,Long Island Rail Road,2000,EQ20001005,00,10,LI,Long Island Rail Road,EQ20001005,00,10,23,2000-10-23,5:18 PM,11,Fire/violent rupture,0.0,0.0,0.0,0.0,SYSTEM,SYSTEM,HUNTINGTON,34.7,36,NY,NEW YORK,103,SUFFOLK,1,65.0,3,Dusk,1,Clear,1,Main,PORT JEFFERSON 2,3,3,East,2,Passenger Train - Pulling,Yes,658,38,Recorded,38,0.0,ADFIM,LI,000503,1,No,,,0,,Yes,1.0,0.0,0.0,1.0,0.0,0.0,0.0,0.0,0.0,0.0,0.0,6.0,0.0,0.0,0.0,0.0,0.0,0.0,0.0,0.0,500000.0,4184.0,504184.0,E74L,Electrically caused fire (LOCOMOTIVE),E74L,Electrically caused fire (LOCOMOTIVE),1,1,1,2,48,2,48,0.0,0.0,0.0,0.0,0.0,0.0,0.0,0.0,0.0,0.0,0.0,0.0,THE LEAD ENGINE OF EASTBOUND TRAIN NUMBER 658 (DM LOCOMOTIVE NUMBER 503) DEVELOPED ELECTRICAL ARCHING OF THE 3RD RAIL SHOE BEAM RESULTING IN AN ELECTRICAL FIRE AND MAJOR DAMAGE TO THE ELECTRICAL SYSTEM OF THAT LOCOMOTIVE.NoneNoneNoneNoneNoneNoneNoneNoneNoneNoneNoneNone,Main,3,3L,3L,1,LIEQ20001005200010,LIEQ20001005200010,Passenger (Formerly Commuter),Class 3,"SMT-1 - Amtrak and Commuter East, some Tourist/Historic",LI,Long Island Rail Road,Not Assigned,Passenger (Formerly Commuter),Class 3,"SMT-1 - Amtrak and Commuter East, some Tourist/Historic",LI,Long Island Rail Road,Not Assigned,,,,,,,,,,,,,,,,,,,,,,,,,,,,,,,,,,
LI,Long Island Rail Road,2000,EQ20001005,00,10,LI,Long Island Rail Road,EQ20001005,00,10,23,2000-10-23,5:18 PM,11,Fire/violent rupture,0.0,0.0,0.0,0.0,SYSTEM,SYSTEM,HUNTINGTON,34.7,36,NY,NEW YORK,103,SUFFOLK,1,65.0,3,Dusk,1,Clear,1,Main,PORT JEFFERSON 2,3,3,East,2,Passenger Train - Pulling,Yes,658,38,Recorded,38,0.0,ADFIM,LI,000503,1,No,,,0,,Yes,1.0,0.0,0.0,1.0,0.0,0.0,0.0,0.0,0.0,0.0,0.0,6.0,0.0,0.0,0.0,0.0,0.0,0.0,0.0,0.0,500000.0,4184.0,504184.0,E74L,Electrically caused fire (LOCOMOTIVE),E74L,Electrically caused fire (LOCOMOTIVE),1,1,1,2,48,2,48,0.0,0.0,0.0,0.0,0.0,0.0,0.0,0.0,0.0,0.0,0.0,0.0,THE LEAD ENGINE OF EASTBOUND TRAIN NUMBER 658 (DM LOCOMOTIVE NUMBER 503) DEVELOPED ELECTRICAL ARCHING OF THE 3RD RAIL SHOE BEAM RESULTING IN AN ELECTRICAL FIRE AND MAJOR DAMAGE TO THE ELECTRICAL SYSTEM OF THAT LOCOMOTIVE.NoneNoneNoneNoneNoneNoneNoneNoneNoneNoneNoneNone,Main,3,3L,3L,1,LIEQ20001005200010,LIEQ20001005200010,Passenger (Formerly Commuter),Class 3,"SMT-1 - Amtrak and Commuter East, some Tourist/Historic",LI,Long Island Rail Road,Not Assigned,Passenger (Formerly Commuter),Class 3,"SMT-1 - Amtrak and Commuter East, some Tourist/Historic",LI,Long Island Rail Road,Not Assigned,,,,,,,,,,,,,,,,,,,,,,,,,,,,,,,,,,
LI,Long Island Rail Road,2000,EQ20001004,00,10,LI,Long Island Rail Road,EQ20001004,00,10,09,2000-10-09,4:12 PM,09,Obstruction,0.0,0.0,0.0,0.0,SYSTEM,SYSTEM,BRENTWOOD,41.1,36,NY,NEW YORK,103,SUFFOLK,1,55.0,2,Day,1,Clear,1,Main,MAINLINE,4,4,West,2,Passenger Train - Pulling,Yes,5051,60,Recorded,60,0.0,ADFIM,LI,009395,1,No,,,0,,No,1.0,0.0,0.0,0.0,0.0,0.0,0.0,0.0,0.0,0.0,0.0,0.0,0.0,9.0,0.0,0.0,0.0,0.0,0.0,0.0,20858.0,217.0,21075.0,M503,"Vandalism of track or track appliances, e.g., objects  placed on track, switch thrown, etc.",M503,"Vandalism of track or track appliances, e.g., objects  placed on track, switch thrown, etc.",1,1,1,,53,,53,0.0,0.0,0.0,0.0,0.0,0.0,0.0,0.0,0.0,0.0,0.0,0.0,NON-PASSWNGER EQUIPMENT TRAIN 5051 OPERATING AT BRENTWOOD STATION STRUCK A METAL SHOPPING CART PLACED NON-PASSENGER EQUIPMENT TRAIN 5051 OPERATING WESTWARD AT BRENTWOOD STATION STRUCK A METAL SHOPPINGCART PLACED ON TRACK (FRA CAUSE CODE M503) WHICH RESULTED IN DAMAGE TO MU CAR 9395 THE LEAD CAR OFA 10 CAR CONSIST.  NO INJURIES WERE REPORT AS A RESULT OF THIS INCIDENT.NoneNoneNoneNoneNoneNoneNoneNoneNoneNoneNone,Main,4,3L,3L,1,LIEQ20001004200010,LIEQ20001004200010,Passenger (Formerly Commuter),Class 3,"SMT-1 - Amtrak and Commuter East, some Tourist/Historic",LI,Long Island Rail Road,Not Assigned,Passenger (Formerly Commuter),Class 3,"SMT-1 - Amtrak and Commuter East, some Tourist/Historic",LI,Long Island Rail Road,Not Assigned,,,,,,,,,,,,,,,,,,,,,,,,,,,,,,,,,,