reportingrailroadcode,reportingrailroadname,report_year,incidentnumber,accidentyear,accidentmonth,maintenancerailroadcode,maintenancerailroadname,maintenanceaccidentnumber,maintenanceaccidentyear,maintenanceaccidentmonth,day,date,time,accident_type_code,accidenttype,hazmatcars,hazmatcarsdamaged,hazmatreleasedcars,personsevacuated,divisioncode,division,station,milepost,statecode,stateabbr,statename,countycode,countyname,district,temperature,visibilitycode,visibility,weather_condition_code,weathercondition,track_type_code,tracktype,trackname,trackclass,train_direction_code,traindirection,equipment_type_code,equipmenttype,equipmentattended,trainnumber,trainspeed,recordedestimatedspeed,maximumspeed,grosstonnage,method_of_operation_code,firstcarinitials,firstcarnumber,firstcarposition,firstcarloaded,causingcarinitials,causingcarnumber,causingcarposition,causingcarloaded,passengerstransported,headendlocomotives,midtrainmanuallocomotives,midtrainremotelocomotives,rearendmanuallocomotives,rearendremotelocomotives,derailedheadendlocomotives,derailedmidtrainmanuallo,derailedmidtrainremotelo,derailedrearendmanualloc,derailedrearendremoteloc,loadedfreightcars,loadedpassengercars,emptyfreightcars,emptypassengercars,cabooses,derailedloadedfreightcars,derailedloadedpassengercars,derailedemptyfreightcars,derailedemptypassengercars,derailedcabooses,equipmentdamagecost,trackdamagecost,totaldamagecost,primaryaccidentcausecode,primaryaccidentcause,accidentcausecode,accidentcause,engineersonduty,conductorsonduty,brakemenonduty,hoursengineersonduty,minutesengineersonduty,hoursconductorsonduty,minutesconductorsonduty,railroademployeeskilled,railroademployeesinjured,passengerskilled,passengersinjured,otherskilled,othersinjured,personskilledforreportin,personsinjuredforreporti,totalpersonskilled,totalpersonsinjured,totalkilledform54,totalinjuredform54,narrative,jointtracktype,jointtrackclass,classcode,class,jointcd,incidentkey,reportkey,reporting_railroad_company_grouping,reporting_railroad_class,reporting_railroad_smt_grouping,reporting_parent_railroad_company_code,reporting_parent_railroad_company_name,reporting_railroad_holding_company,maintenance_railroad_company_grouping,maintenance_railroad_class,maintenance_railroad_smt_grouping,maintenance_parent_railroad_company_code,maintenance_parent_railroad_company_name,maintenance_railroad_holding_company,trackdensity,firemenonduty,gxid,contributingaccidentcausecode,contributingaccidentcause,subdivision,signalization_code,signalization,methodofoperation,adjunct_1,adjunctcode1,remote_control_locomotive_code,remotecontrollocomotive,specialstudy1,latitude,longitude,adjunct_2,adjunctcode2,positivealcoholtests,positivedrugtests,specialstudy2,adjunct_3,adjunctcode3,otherrailroadcode,otherrailroadname,otheraccidentnumber,accidentyearother,accidentmonthother,other_railroad_company_grouping,other_railroad_class,other_railroad_smt_grouping,other_parent_railroad_company_code,other_parent_railroad_company_name,other_railroad_holding_company
LI,Long Island Rail Road,2000,EQ20001004,00,10,LI,Long Island Rail Road,EQ20001004,00,10,09,2000-10-09,4:12 PM,09,Obstruction,0.0,0.0,0.0,0.0,SYSTEM,SYSTEM,BRENTWOOD,41.1,36,NY,NEW YORK,103,SUFFOLK,1,55.0,2,Day,1,Clear,1,Main,MAINLINE,4,4,West,2,Passenger Train - Pulling,Yes,5051,60,Recorded,60,0.0,ADFIM,LI,009395,1,No,,,0,,No,1.0,0.0,0.0,0.0,0.0,0.0,0.0,0.0,0.0,0.0,0.0,0.0,0.0,9.0,0.0,0.0,0.0,0.0,0.0,0.0,20858.0,217.0,21075.0,M503,"Vandalism of track or track appliances, e.g., objects  placed on track, switch thrown, etc.",M503,"Vandalism of track or track appliances, e.g., objects  placed on track, switch thrown, etc.",1,1,1,,53,,53,0.0,0.0,0.0,0.0,0.0,0.0,0.0,0.0,0.0,0.0,0.0,0.0,NON-PASSWNGER EQUIPMENT TRAIN 5051 OPERATING AT BRENTWOOD STATION STRUCK A METAL SHOPPING CART PLACED NON-PASSENGER EQUIPMENT TRAIN 5051 OPERATING WESTWARD AT BRENTWOOD STATION STRUCK A METAL SHOPPINGCART PLACED ON TRACK (FRA CAUSE CODE M503) WHICH RESULTED IN DAMAGE TO MU CAR 9395 THE LEAD CAR OFA 10 CAR CONSIST.  NO INJURIES WERE REPORT AS A RESULT OF THIS INCIDENT.NoneNoneNoneNoneNoneNoneNoneNoneNoneNoneNone,Main,4,3L,3L,1,LIEQ20001004200010,LIEQ20001004200010,Passenger (Formerly Commuter),Class 3,"SMT-1 - Amtrak and Commuter East, some Tourist/Historic",LI,Long Island Rail Road,Not Assigned,Passenger (Formerly Commuter),Class 3,"SMT-1 - Amtrak and Commuter East, some Tourist/Historic",LI,Long Island Rail Road,Not Assigned,,,,,,,,,,,,,,,,,,,,,,,,,,,,,,,,,,
LI,Long Island Rail Road,2000,EQ20001006,00,10,LI,Long Island Rail Road,EQ20001006,00,10,28,2000-10-28,11:50 AM,09,Obstruction,0.0,0.0,0.0,0.0,SYSTEM,SYSTEM,CENTRAL ISLIP,44.1,36,NY,NEW YORK,103,SUFFOLK,1,55.0,2,Day,1,Clear,1,Main,MAIN LINE,4,4,West,2,Passenger Train - Pulling,Yes,8019,60,Recorded,60,0.0,ADFIM,LI,009055,1,Yes,,,0,,Yes,1.0,0.0,0.0,0.0,0.0,0.0,0.0,0.0,0.0,0.0,0.0,7.0,0.0,0.0,0.0,0.0,0.0,0.0,0.0,0.0,25748.0,429.0,26177.0,M503,"Vandalism of track or track appliances, e.g., objects  placed on track, switch thrown, etc.",M503,"Vandalism of track or track appliances, e.g., objects  placed on track, switch thrown, etc.",1,1,1,5,8,5,8,0.0,0.0,0.0,0.0,0.0,0.0,0.0,0.0,0.0,0.0,0.0,0.0,PASSENGER TRAIN NUMBER 8019 WAS OPERATING WESTWARD AT CENTRAL ISLIP AT 60 MPH WHEN IT STRUCK METAL DEBRIS PLACED ON TRACK (FRA CAUSE CODE M503) WHICH RESULTED IN DAMAGE TO MU CAR 9055. NO INJURIES WERE REPORTED AS A RESULT OF THIS INCIDENT.NoneNoneNoneNoneNoneNoneNoneNoneNoneNoneNoneNone,Main,4,3L,3L,1,LIEQ20001006200010,LIEQ20001006200010,Passenger (Formerly Commuter),Class 3,"SMT-1 - Amtrak and Commuter East, some Tourist/Historic",LI,Long Island Rail Road,Not Assigned,Passenger (Formerly Commuter),Class 3,"SMT-1 - Amtrak and Commuter East, some Tourist/Historic",LI,Long Island Rail Road,Not Assigned,,,,,,,,,,,,,,,,,,,,,,,,,,,,,,,,,,
LI,Long Island Rail Road,2000,EQ20001006,00,10,LI,Long Island Rail Road,EQ20001006,00,10,28,2000-10-28,11:50 AM,09,Obstruction,0.0,0.0,0.0,0.0,SYSTEM,SYSTEM,CENTRAL ISLIP,44.1,36,NY,NEW YORK,103,SUFFOLK,1,55.0,2,Day,1,Clear,1,Main,MAIN LINE,4,4,West,2,Passenger Train - Pulling,Yes,8019,60,Recorded,60,0.0,ADFIM,LI,009055,1,Yes,,,0,,Yes,1.0,0.0,0.0,0.0,0.0,0.0,0.0,0.0,0.0,0.0,0.0,7.0,0.0,0.0,0.0,0.0,0.0,0.0,0.0,0.0,25748.0,429.0,26177.0,M503,"Vandalism of track or track appliances, e.g., objects  placed on track, switch thrown, etc.",M503,"Vandalism of track or track appliances, e.g., objects  placed on track, switch thrown, etc.",1,1,1,5,8,5,8,0.0,0.0,0.0,0.0,0.0,0.0,0.0,0.0,0.0,0.0,0.0,0.0,PASSENGER TRAIN NUMBER 8019 WAS OPERATING WESTWARD AT CENTRAL ISLIP AT 60 MPH WHEN IT STRUCK METAL DEBRIS PLACED ON TRACK (FRA CAUSE CODE M503) WHICH RESULTED IN DAMAGE TO MU CAR 9055. NO INJURIES WERE REPORTED AS A RESULT OF THIS INCIDENT.NoneNoneNoneNoneNoneNoneNoneNoneNoneNoneNoneNone,Main,4,3L,3L,1,LIEQ20001006200010,LIEQ20001006200010,Passenger (Formerly Commuter),Class 3,"SMT-1 - Amtrak and Commuter East, some Tourist/Historic",LI,Long Island Rail Road,Not Assigned,Passenger (Formerly Commuter),Class 3,"SMT-1 - Amtrak and Commuter East, some Tourist/Historic",LI,Long Island Rail Road,Not Assigned,,,,,,,,,,,,,,,,,,,,,,,,,,,,,,,,,,
LI,Long Island Rail Road,2000,EQ20000804,00,08,LI,Long Island Rail Road,EQ20000804,00,08,24,2000-08-24,4:35 AM,01,Derailment,0.0,0.0,0.0,0.0,,STSTEM,PORT WASHINGTON,17.5,36,NY,NEW YORK,59,NASSAU,1,70.0,4,Dark,1,Clear,2,Yard,SOUTH LEAD,1,4,West,7,Yard/switching,Yes,EXTR,10,Estimated,10,0.0,ADIMN,LI,009223,1,No,,,0,,No,1.0,0.0,0.0,0.0,0.0,1.0,0.0,0.0,0.0,0.0,0.0,0.0,0.0,9.0,0.0,0.0,0.0,0.0,0.0,0.0,41496.0,238.0,41734.0,H307,"Shoving movement, man on or at leading end of movement, failure to control",H307,"Shoving movement, man on or at leading end of movement, failure to control",1,1,1,1,50,1,50,0.0,0.0,0.0,0.0,0.0,0.0,0.0,0.0,0.0,0.0,0.0,0.0,THE TRAIN CREW OF RUN NUMBER 93 WAS MAKING A SWITCHING MOVE IN PORT WASHINGTON YARD WITH 10 MU CARS.THE MOVE WAS A SHOVING MOVE WESTWARD ON THE SOUTH SWITCHING LEAD WITH THE CONDUCTOR ON THE LEAD END (MU CAR NUMBER 9223) TO CONTROL THE MOVE.  THE CONDUCTOR ON THE LEADING END OF THE MOVEMENT FAILEDTO CONTROL THE MOVE AND OPERATED OVER A DERAIL IN NORMAL POSITION RESULTING IN THE DERAILMENT OF ALL FOUR AXLES OF THE LEAD CAR MU 9223. THIS HUMAN FACTOR ACCIDENT RESULTED IN DAMAGE TO THE LEAD MU CAR 9223 AND MINOR TRACK DAMAGE.  NO INJURIES WERE REPORTED AS A RESULT OF THIS ACCIDENT.NoneNoneNoneNoneNoneNoneNoneNoneNone,Yard,1,3L,3L,1,LIEQ20000804200008,LIEQ20000804200008,Passenger (Formerly Commuter),Class 3,"SMT-1 - Amtrak and Commuter East, some Tourist/Historic",LI,Long Island Rail Road,Not Assigned,Passenger (Formerly Commuter),Class 3,"SMT-1 - Amtrak and Commuter East, some Tourist/Historic",LI,Long Island Rail Road,Not Assigned,,,,,,,,,,,,,,,,,,,,,,,,,,,,,,,,,,
LI,Long Island Rail Road,2000,EQ20000804,00,08,LI,Long Island Rail Road,EQ20000804,00,08,24,2000-08-24,4:35 AM,01,Derailment,0.0,0.0,0.0,0.0,,STSTEM,PORT WASHINGTON,17.5,36,NY,NEW YORK,59,NASSAU,1,70.0,4,Dark,1,Clear,2,Yard,SOUTH LEAD,1,4,West,7,Yard/switching,Yes,EXTR,10,Estimated,10,0.0,ADIMN,LI,009223,1,No,,,0,,No,1.0,0.0,0.0,0.0,0.0,1.0,0.0,0.0,0.0,0.0,0.0,0.0,0.0,9.0,0.0,0.0,0.0,0.0,0.0,0.0,41496.0,238.0,41734.0,H307,"Shoving movement, man on or at leading end of movement, failure to control",H307,"Shoving movement, man on or at leading end of movement, failure to control",1,1,1,1,50,1,50,0.0,0.0,0.0,0.0,0.0,0.0,0.0,0.0,0.0,0.0,0.0,0.0,THE TRAIN CREW OF RUN NUMBER 93 WAS MAKING A SWITCHING MOVE IN PORT WASHINGTON YARD WITH 10 MU CARS.THE MOVE WAS A SHOVING MOVE WESTWARD ON THE SOUTH SWITCHING LEAD WITH THE CONDUCTOR ON THE LEAD END (MU CAR NUMBER 9223) TO CONTROL THE MOVE.  THE CONDUCTOR ON THE LEADING END OF THE MOVEMENT FAILEDTO CONTROL THE MOVE AND OPERATED OVER A DERAIL IN NORMAL POSITION RESULTING IN THE DERAILMENT OF ALL FOUR AXLES OF THE LEAD CAR MU 9223. THIS HUMAN FACTOR ACCIDENT RESULTED IN DAMAGE TO THE LEAD MU CAR 9223 AND MINOR TRACK DAMAGE.  NO INJURIES WERE REPORTED AS A RESULT OF THIS ACCIDENT.NoneNoneNoneNoneNoneNoneNoneNoneNone,Yard,1,3L,3L,1,LIEQ20000804200008,LIEQ20000804200008,Passenger (Formerly Commuter),Class 3,"SMT-1 - Amtrak and Commuter East, some Tourist/Historic",LI,Long Island Rail Road,Not Assigned,Passenger (Formerly Commuter),Class 3,"SMT-1 - Amtrak and Commuter East, some Tourist/Historic",LI,Long Island Rail Road,Not Assigned,,,,,,,,,,,,,,,,,,,,,,,,,,,,,,,,,,
LI,Long Island Rail Road,2000,EQ20000804,00,08,LI,Long Island Rail Road,EQ20000804,00,08,24,2000-08-24,4:35 AM,01,Derailment,0.0,0.0,0.0,0.0,,STSTEM,PORT WASHINGTON,17.5,36,NY,NEW YORK,59,NASSAU,1,70.0,4,Dark,1,Clear,2,Yard,SOUTH LEAD,1,4,West,7,Yard/switching,Yes,EXTR,10,Estimated,10,0.0,ADIMN,LI,009223,1,No,,,0,,No,1.0,0.0,0.0,0.0,0.0,1.0,0.0,0.0,0.0,0.0,0.0,0.0,0.0,9.0,0.0,0.0,0.0,0.0,0.0,0.0,41496.0,238.0,41734.0,H307,"Shoving movement, man on or at leading end of movement, failure to control",H307,"Shoving movement, man on or at leading end of movement, failure to control",1,1,1,1,50,1,50,0.0,0.0,0.0,0.0,0.0,0.0,0.0,0.0,0.0,0.0,0.0,0.0,THE TRAIN CREW OF RUN NUMBER 93 WAS MAKING A SWITCHING MOVE IN PORT WASHINGTON YARD WITH 10 MU CARS.THE MOVE WAS A SHOVING MOVE WESTWARD ON THE SOUTH SWITCHING LEAD WITH THE CONDUCTOR ON THE LEAD END (MU CAR NUMBER 9223) TO CONTROL THE MOVE.  THE CONDUCTOR ON THE LEADING END OF THE MOVEMENT FAILEDTO CONTROL THE MOVE AND OPERATED OVER A DERAIL IN NORMAL POSITION RESULTING IN THE DERAILMENT OF ALL FOUR AXLES OF THE LEAD CAR MU 9223. THIS HUMAN FACTOR ACCIDENT RESULTED IN DAMAGE TO THE LEAD MU CAR 9223 AND MINOR TRACK DAMAGE.  NO INJURIES WERE REPORTED AS A RESULT OF THIS ACCIDENT.NoneNoneNoneNoneNoneNoneNoneNoneNone,Yard,1,3L,3L,1,LIEQ20000804200008,LIEQ20000804200008,Passenger (Formerly Commuter),Class 3,"SMT-1 - Amtrak and Commuter East, some Tourist/Historic",LI,Long Island Rail Road,Not Assigned,Passenger (Formerly Commuter),Class 3,"SMT-1 - Amtrak and Commuter East, some Tourist/Historic",LI,Long Island Rail Road,Not Assigned,,,,,,,,,,,,,,,,,,,,,,,,,,,,,,,,,,
LI,Long Island Rail Road,2000,EQ20000804,00,08,LI,Long Island Rail Road,EQ20000804,00,08,24,2000-08-24,4:35 AM,01,Derailment,0.0,0.0,0.0,0.0,,STSTEM,PORT WASHINGTON,17.5,36,NY,NEW YORK,59,NASSAU,1,70.0,4,Dark,1,Clear,2,Yard,SOUTH LEAD,1,4,West,7,Yard/switching,Yes,EXTR,10,Estimated,10,0.0,ADIMN,LI,009223,1,No,,,0,,No,1.0,0.0,0.0,0.0,0.0,1.0,0.0,0.0,0.0,0.0,0.0,0.0,0.0,9.0,0.0,0.0,0.0,0.0,0.0,0.0,41496.0,238.0,41734.0,H307,"Shoving movement, man on or at leading end of movement, failure to control",H307,"Shoving movement, man on or at leading end of movement, failure to control",1,1,1,1,50,1,50,0.0,0.0,0.0,0.0,0.0,0.0,0.0,0.0,0.0,0.0,0.0,0.0,THE TRAIN CREW OF RUN NUMBER 93 WAS MAKING A SWITCHING MOVE IN PORT WASHINGTON YARD WITH 10 MU CARS.THE MOVE WAS A SHOVING MOVE WESTWARD ON THE SOUTH SWITCHING LEAD WITH THE CONDUCTOR ON THE LEAD END (MU CAR NUMBER 9223) TO CONTROL THE MOVE.  THE CONDUCTOR ON THE LEADING END OF THE MOVEMENT FAILEDTO CONTROL THE MOVE AND OPERATED OVER A DERAIL IN NORMAL POSITION RESULTING IN THE DERAILMENT OF ALL FOUR AXLES OF THE LEAD CAR MU 9223. THIS HUMAN FACTOR ACCIDENT RESULTED IN DAMAGE TO THE LEAD MU CAR 9223 AND MINOR TRACK DAMAGE.  NO INJURIES WERE REPORTED AS A RESULT OF THIS ACCIDENT.NoneNoneNoneNoneNoneNoneNoneNoneNone,Yard,1,3L,3L,1,LIEQ20000804200008,LIEQ20000804200008,Passenger (Formerly Commuter),Class 3,"SMT-1 - Amtrak and Commuter East, some Tourist/Historic",LI,Long Island Rail Road,Not Assigned,Passenger (Formerly Commuter),Class 3,"SMT-1 - Amtrak and Commuter East, some Tourist/Historic",LI,Long Island Rail Road,Not Assigned,,,,,,,,,,,,,,,,,,,,,,,,,,,,,,,,,,
LI,Long Island Rail Road,2000,GR20000801,00,08,LI,Long Island Rail Road,GR20000801,00,08,15,2000-08-15,5:26 AM,07,Hwy-rail crossing,0.0,0.0,0.0,0.0,SYSTEM,SYSTEM,CENTRE MORICHES,64.6,36,NY,NEW YORK,103,SUFFOLK,1,65.0,1,Dawn,2,Cloudy,1,Main,MONTAUK,3,4,West,2,Passenger Train - Pulling,Yes,2733,65,Estimated,65,0.0,IMO,LI,005008,1,Yes,,,0,,Yes,0.0,0.0,0.0,0.0,1.0,0.0,0.0,0.0,0.0,0.0,0.0,3.0,0.0,0.0,0.0,0.0,0.0,0.0,0.0,0.0,5595.0,2742.0,8337.0,M304,Highway user cited for violation of highway-rail grade crossing traffic laws,M304,Highway user cited for violation of highway-rail grade crossing traffic laws,1,1,1,,50,,50,0.0,0.0,0.0,0.0,0.0,0.0,0.0,0.0,0.0,0.0,0.0,0.0,LOW BOY TYPE TRAILER TRANSPORTING 2 BOATS BECAME STUCK ON OLD NECK ROAD CROSSING AND WAS STRUCK BY WESTBOUND TRAIN NUMBER 2733.  NOTE: THIS ACCIDENT HAPPENED IN MANUAL BLOCK TERRITORY AND IS IN CONNECTION WITH GRADE CROSSING REPORT # GR20000801NoneNoneNoneNoneNoneNoneNoneNoneNoneNoneNoneNone,Main,3,3L,3L,1,LIGR20000801200008,LIGR20000801200008,Passenger (Formerly Commuter),Class 3,"SMT-1 - Amtrak and Commuter East, some Tourist/Historic",LI,Long Island Rail Road,Not Assigned,Passenger (Formerly Commuter),Class 3,"SMT-1 - Amtrak and Commuter East, some Tourist/Historic",LI,Long Island Rail Road,Not Assigned,,,338073X,,,,,,,,,,,,,,,,,,,,,,,,,,,,,,,
LI,Long Island Rail Road,2000,EQ20000805,00,08,LI,Long Island Rail Road,EQ20000805,00,08,23,2000-08-23,9:54 PM,09,Obstruction,0.0,0.0,0.0,0.0,SYSTEM,SYSTEM,MINEOLA,19.1,36,NY,NEW YORK,59,NASSAU,1,70.0,4,Dark,1,Clear,1,Main,MAIN LINE #2,4,3,East,2,Passenger Train - Pulling,Yes,2082,65,Estimated,65,0.0,ADFIM,LI,009694,1,No,,,0,,Yes,1.0,0.0,0.0,0.0,0.0,0.0,0.0,0.0,0.0,0.0,0.0,4.0,0.0,3.0,0.0,0.0,0.0,0.0,0.0,0.0,24748.0,299.0,25047.0,M503,"Vandalism of track or track appliances, e.g., objects  placed on track, switch thrown, etc.",M503,"Vandalism of track or track appliances, e.g., objects  placed on track, switch thrown, etc.",1,1,1,4,55,4,55,0.0,0.0,0.0,0.0,0.0,0.0,0.0,0.0,0.0,0.0,0.0,0.0,"EASTBOUND PASSENGER TRAIN NUMBER 2082 STRUCK METAL DEBRIS EAST OF MINEOLA STATION ON MAIN LINE TRACK#2.  THE METAL DEBRIC CAUSED ARCHING AND A FIRE AND SMOKE CONDITION UNDER THE EAST TRUCK OF MU CARNUMBER 9694, RESULTING IN DAMAGE TO THAT CAR.NoneNoneNoneNoneNoneNoneNoneNoneNoneNoneNoneNone",Main,4,3L,3L,1,LIEQ20000805200008,LIEQ20000805200008,Passenger (Formerly Commuter),Class 3,"SMT-1 - Amtrak and Commuter East, some Tourist/Historic",LI,Long Island Rail Road,Not Assigned,Passenger (Formerly Commuter),Class 3,"SMT-1 - Amtrak and Commuter East, some Tourist/Historic",LI,Long Island Rail Road,Not Assigned,,,,,,,,,,,,,,,,,,,,,,,,,,,,,,,,,,
LI,Long Island Rail Road,2000,EQ20000805,00,08,LI,Long Island Rail Road,EQ20000805,00,08,23,2000-08-23,9:54 PM,09,Obstruction,0.0,0.0,0.0,0.0,SYSTEM,SYSTEM,MINEOLA,19.1,36,NY,NEW YORK,59,NASSAU,1,70.0,4,Dark,1,Clear,1,Main,MAIN LINE #2,4,3,East,2,Passenger Train - Pulling,Yes,2082,65,Estimated,65,0.0,ADFIM,LI,009694,1,No,,,0,,Yes,1.0,0.0,0.0,0.0,0.0,0.0,0.0,0.0,0.0,0.0,0.0,4.0,0.0,3.0,0.0,0.0,0.0,0.0,0.0,0.0,24748.0,299.0,25047.0,M503,"Vandalism of track or track appliances, e.g., objects  placed on track, switch thrown, etc.",M503,"Vandalism of track or track appliances, e.g., objects  placed on track, switch thrown, etc.",1,1,1,4,55,4,55,0.0,0.0,0.0,0.0,0.0,0.0,0.0,0.0,0.0,0.0,0.0,0.0,"EASTBOUND PASSENGER TRAIN NUMBER 2082 STRUCK METAL DEBRIS EAST OF MINEOLA STATION ON MAIN LINE TRACK#2.  THE METAL DEBRIC CAUSED ARCHING AND A FIRE AND SMOKE CONDITION UNDER THE EAST TRUCK OF MU CARNUMBER 9694, RESULTING IN DAMAGE TO THAT CAR.NoneNoneNoneNoneNoneNoneNoneNoneNoneNoneNoneNone",Main,4,3L,3L,1,LIEQ20000805200008,LIEQ20000805200008,Passenger (Formerly Commuter),Class 3,"SMT-1 - Amtrak and Commuter East, some Tourist/Historic",LI,Long Island Rail Road,Not Assigned,Passenger (Formerly Commuter),Class 3,"SMT-1 - Amtrak and Commuter East, some Tourist/Historic",LI,Long Island Rail Road,Not Assigned,,,,,,,,,,,,,,,,,,,,,,,,,,,,,,,,,,
LI,Long Island Rail Road,2000,EQ20000803,00,08,LI,Long Island Rail Road,EQ20000803,00,08,10,2000-08-10,6:20 AM,09,Obstruction,0.0,0.0,0.0,0.0,SYSTEM,SYSTEM,HICKSVILLE,24.9,36,NY,NEW YORK,59,NASSAU,1,65.0,2,Day,1,Clear,1,Main,MAIN LINE #2,3,3,East,2,Passenger Train - Pulling,Yes,4698,20,Estimated,20,0.0,ADFIM,LI,009272,3,No,,,0,,No,1.0,0.0,0.0,0.0,0.0,0.0,0.0,0.0,0.0,0.0,0.0,0.0,0.0,9.0,0.0,0.0,0.0,0.0,0.0,0.0,50000.0,274.0,50274.0,M404,"Object or equipment on or fouling track - other than above (for  vandalism, see code M503)",M404,"Object or equipment on or fouling track - other than above (for  vandalism, see code M503)",1,1,1,5,39,5,39,0.0,0.0,0.0,0.0,0.0,0.0,0.0,0.0,0.0,0.0,0.0,0.0,REGULAR EQUIPMENT TRAIN 4698 WAS PROCEEDING EASTWARD THROUGH DIVIDE INTERLOCKING WHEN THE THIRD CAR(MU CAR 9272 STRUCK AN MU TRACTION MOTOR FILTER COVER WHICH HAD FALLEN OFF A PREVIOUS TRAIN. THE METALIC COVER RESULTED IN ARCHING OF THE THIRD RAIL AND A FIRE AND SMOKE CONDITION UNDER THE EAST TRUCKOF MU CAR 9272.  NO INJURIES WERE REPORTED AS A RESULT OF THIS ACCIDENT.NoneNoneNoneNoneNoneNoneNoneNoneNoneNoneNone,Main,3,3L,3L,1,LIEQ20000803200008,LIEQ20000803200008,Passenger (Formerly Commuter),Class 3,"SMT-1 - Amtrak and Commuter East, some Tourist/Historic",LI,Long Island Rail Road,Not Assigned,Passenger (Formerly Commuter),Class 3,"SMT-1 - Amtrak and Commuter East, some Tourist/Historic",LI,Long Island Rail Road,Not Assigned,,,,,,,,,,,,,,,,,,,,,,,,,,,,,,,,,,
LI,Long Island Rail Road,2000,EQ20000803,00,08,LI,Long Island Rail Road,EQ20000803,00,08,10,2000-08-10,6:20 AM,09,Obstruction,0.0,0.0,0.0,0.0,SYSTEM,SYSTEM,HICKSVILLE,24.9,36,NY,NEW YORK,59,NASSAU,1,65.0,2,Day,1,Clear,1,Main,MAIN LINE #2,3,3,East,2,Passenger Train - Pulling,Yes,4698,20,Estimated,20,0.0,ADFIM,LI,009272,3,No,,,0,,No,1.0,0.0,0.0,0.0,0.0,0.0,0.0,0.0,0.0,0.0,0.0,0.0,0.0,9.0,0.0,0.0,0.0,0.0,0.0,0.0,50000.0,274.0,50274.0,M404,"Object or equipment on or fouling track - other than above (for  vandalism, see code M503)",M404,"Object or equipment on or fouling track - other than above (for  vandalism, see code M503)",1,1,1,5,39,5,39,0.0,0.0,0.0,0.0,0.0,0.0,0.0,0.0,0.0,0.0,0.0,0.0,REGULAR EQUIPMENT TRAIN 4698 WAS PROCEEDING EASTWARD THROUGH DIVIDE INTERLOCKING WHEN THE THIRD CAR(MU CAR 9272 STRUCK AN MU TRACTION MOTOR FILTER COVER WHICH HAD FALLEN OFF A PREVIOUS TRAIN. THE METALIC COVER RESULTED IN ARCHING OF THE THIRD RAIL AND A FIRE AND SMOKE CONDITION UNDER THE EAST TRUCKOF MU CAR 9272.  NO INJURIES WERE REPORTED AS A RESULT OF THIS ACCIDENT.NoneNoneNoneNoneNoneNoneNoneNoneNoneNoneNone,Main,3,3L,3L,1,LIEQ20000803200008,LIEQ20000803200008,Passenger (Formerly Commuter),Class 3,"SMT-1 - Amtrak and Commuter East, some Tourist/Historic",LI,Long Island Rail Road,Not Assigned,Passenger (Formerly Commuter),Class 3,"SMT-1 - Amtrak and Commuter East, some Tourist/Historic",LI,Long Island Rail Road,Not Assigned,,,,,,,,,,,,,,,,,,,,,,,,,,,,,,,,,,
LI,Long Island Rail Road,2000,EQ20000601,00,06,LI,Long Island Rail Road,EQ20000601,00,06,10,2000-06-10,3:30 AM,09,Obstruction,0.0,0.0,0.0,0.0,SYSTEM,SYSTEM,SPEONK,71.6,36,NY,NEW YORK,103,SUFFOLK,1,60.0,4,Dark,1,Clear,2,Yard,WEST WYE TRACK,1,4,West,7,Yard/switching,Yes,5799,7,Recorded,7,0.0,IMN,LI,000501,1,No,,,0,,No,1.0,0.0,0.0,0.0,1.0,1.0,0.0,0.0,0.0,0.0,0.0,0.0,0.0,8.0,0.0,0.0,0.0,0.0,0.0,0.0,12000.0,1454.0,13454.0,H307,"Shoving movement, man on or at leading end of movement, failure to control",H307,"Shoving movement, man on or at leading end of movement, failure to control",1,1,1,8,,8,,0.0,0.0,0.0,0.0,0.0,0.0,0.0,0.0,0.0,0.0,0.0,0.0,"THE CREW OF TRAIN NUMBER 5799 WAS MAKING A SHOVING YARD MOVE ON THE WEST LEG OF THE WYE TRACK IN SPEONK YARD THE CONDUCTOR ON THE LEADING END OF THE MOVEMENT (ON ENGINE 501).  THE CONDUCTOR FAILED TOCONTROL THE MOVEMENT AND ENGINE 501 STRUCK THE BUMPER BLOCK AT THE END OF THE WYE TRACK AND DERAILED.  THIS HUMAN FACTOR ACCIDENT RESULTED IN DAMAGE TO ENGINE 501 AND TRACK.  NO INJURIES RESULTED FROMTHIS ACCIDENT.  THE CONDUCTOR INVOLVED WAS DISCIPLINED AND RETRAINED ON THE MANUAL BLOCK RULES, SPEONK YARD PHYSICAL CHARACTERISTICS  AND DE AN DM LOCOMOTIVE EQUIPMENT OPERATION AND COMMUNICATIONS.NoneNoneNoneNoneNoneNoneNoneNoneNone",Yard,1,3L,3L,1,LIEQ20000601200006,LIEQ20000601200006,Passenger (Formerly Commuter),Class 3,"SMT-1 - Amtrak and Commuter East, some Tourist/Historic",LI,Long Island Rail Road,Not Assigned,Passenger (Formerly Commuter),Class 3,"SMT-1 - Amtrak and Commuter East, some Tourist/Historic",LI,Long Island Rail Road,Not Assigned,,,,,,,,,,,,,,,,,,,,,,,,,,,,,,,,,,