reportingrailroadcode,reportingrailroadname,report_year,incidentnumber,accidentyear,accidentmonth,maintenancerailroadcode,maintenancerailroadname,maintenanceaccidentnumber,maintenanceaccidentyear,maintenanceaccidentmonth,day,date,time,accident_type_code,accidenttype,hazmatcars,hazmatcarsdamaged,hazmatreleasedcars,personsevacuated,divisioncode,division,station,milepost,statecode,stateabbr,statename,countycode,countyname,district,temperature,visibilitycode,visibility,weather_condition_code,weathercondition,track_type_code,tracktype,trackname,trackclass,train_direction_code,traindirection,equipment_type_code,equipmenttype,equipmentattended,trainnumber,trainspeed,recordedestimatedspeed,maximumspeed,grosstonnage,method_of_operation_code,firstcarinitials,firstcarnumber,firstcarposition,firstcarloaded,causingcarinitials,causingcarnumber,causingcarposition,causingcarloaded,passengerstransported,headendlocomotives,midtrainmanuallocomotives,midtrainremotelocomotives,rearendmanuallocomotives,rearendremotelocomotives,derailedheadendlocomotives,derailedmidtrainmanuallo,derailedmidtrainremotelo,derailedrearendmanualloc,derailedrearendremoteloc,loadedfreightcars,loadedpassengercars,emptyfreightcars,emptypassengercars,cabooses,derailedloadedfreightcars,derailedloadedpassengercars,derailedemptyfreightcars,derailedemptypassengercars,derailedcabooses,equipmentdamagecost,trackdamagecost,totaldamagecost,primaryaccidentcausecode,primaryaccidentcause,accidentcausecode,accidentcause,engineersonduty,conductorsonduty,brakemenonduty,hoursengineersonduty,minutesengineersonduty,hoursconductorsonduty,minutesconductorsonduty,railroademployeeskilled,railroademployeesinjured,passengerskilled,passengersinjured,otherskilled,othersinjured,personskilledforreportin,personsinjuredforreporti,totalpersonskilled,totalpersonsinjured,totalkilledform54,totalinjuredform54,narrative,jointtracktype,jointtrackclass,classcode,class,jointcd,incidentkey,reportkey,reporting_railroad_company_grouping,reporting_railroad_class,reporting_railroad_smt_grouping,reporting_parent_railroad_company_code,reporting_parent_railroad_company_name,reporting_railroad_holding_company,maintenance_railroad_company_grouping,maintenance_railroad_class,maintenance_railroad_smt_grouping,maintenance_parent_railroad_company_code,maintenance_parent_railroad_company_name,maintenance_railroad_holding_company,trackdensity,firemenonduty,gxid,contributingaccidentcausecode,contributingaccidentcause,subdivision,signalization_code,signalization,methodofoperation,adjunct_1,adjunctcode1,remote_control_locomotive_code,remotecontrollocomotive,specialstudy1,latitude,longitude,adjunct_2,adjunctcode2,positivealcoholtests,positivedrugtests,specialstudy2,adjunct_3,adjunctcode3,otherrailroadcode,otherrailroadname,otheraccidentnumber,accidentyearother,accidentmonthother,other_railroad_company_grouping,other_railroad_class,other_railroad_smt_grouping,other_parent_railroad_company_code,other_parent_railroad_company_name,other_railroad_holding_company
LI,Long Island Rail Road,2000,EQ20000502,00,05,LI,Long Island Rail Road,EQ20000502,00,05,17,2000-05-17,4:53 PM,09,Obstruction,0.0,0.0,0.0,0.0,SYSTEM,SYSTEM,CENTRAL ISLIP,43.7,36,NY,NEW YORK,103,SUFFOLK,1,66.0,2,Day,1,Clear,1,Main,MAIN LINE,4,4,West,2,Passenger Train - Pulling,Yes,2061,50,Recorded,50,0.0,ADGIM,LI,009131,1,Yes,,,0,,Yes,1.0,0.0,0.0,0.0,0.0,0.0,0.0,0.0,0.0,0.0,0.0,9.0,0.0,0.0,0.0,0.0,0.0,0.0,0.0,0.0,20937.0,1100.0,22037.0,M404,"Object or equipment on or fouling track - other than above (for  vandalism, see code M503)",M404,"Object or equipment on or fouling track - other than above (for  vandalism, see code M503)",1,1,1,4,37,4,37,0.0,0.0,0.0,0.0,0.0,0.0,0.0,0.0,0.0,0.0,0.0,0.0,"TRAIN NUMBER 2061 WAS PROCEEDING WESTWARD ON THE MAINLINE TRACK AT 50 MPH AND STRUCK A CROSSING GATEAT LOWELL AVENUE IN CENTRAL ISLIP.  THE CROSSING GATE INVOLVED HAD FOULED THE TRACK AFTER BEING STRUCK BY A VEHICLE OPERATOR PRIOR TO BEING STRUCK BY TRAIN 2061.  THIS OBSTRUCTION ACCIDENT RESULTED IN 20, 937.  DOLLARS IN EQUIPMENT DAMAGE TO MU CARS 9131 AND 9132 AND 1,100. IN RAILROAD PROPERTY DAMAGE.  NO INJURIES WERE REPORTED AS A RESULT OF THIS ACCIDENT.NoneNoneNoneNoneNoneNoneNoneNoneNoneNone",Main,4,3L,3L,1,LIEQ20000502200005,LIEQ20000502200005,Passenger (Formerly Commuter),Class 3,"SMT-1 - Amtrak and Commuter East, some Tourist/Historic",LI,Long Island Rail Road,Not Assigned,Passenger (Formerly Commuter),Class 3,"SMT-1 - Amtrak and Commuter East, some Tourist/Historic",LI,Long Island Rail Road,Not Assigned,,,,,,,,,,,,,,,,,,,,,,,,,,,,,,,,,,
LI,Long Island Rail Road,2000,EQ20000502,00,05,LI,Long Island Rail Road,EQ20000502,00,05,17,2000-05-17,4:53 PM,09,Obstruction,0.0,0.0,0.0,0.0,SYSTEM,SYSTEM,CENTRAL ISLIP,43.7,36,NY,NEW YORK,103,SUFFOLK,1,66.0,2,Day,1,Clear,1,Main,MAIN LINE,4,4,West,2,Passenger Train - Pulling,Yes,2061,50,Recorded,50,0.0,ADGIM,LI,009131,1,Yes,,,0,,Yes,1.0,0.0,0.0,0.0,0.0,0.0,0.0,0.0,0.0,0.0,0.0,9.0,0.0,0.0,0.0,0.0,0.0,0.0,0.0,0.0,20937.0,1100.0,22037.0,M404,"Object or equipment on or fouling track - other than above (for  vandalism, see code M503)",M404,"Object or equipment on or fouling track - other than above (for  vandalism, see code M503)",1,1,1,4,37,4,37,0.0,0.0,0.0,0.0,0.0,0.0,0.0,0.0,0.0,0.0,0.0,0.0,"TRAIN NUMBER 2061 WAS PROCEEDING WESTWARD ON THE MAINLINE TRACK AT 50 MPH AND STRUCK A CROSSING GATEAT LOWELL AVENUE IN CENTRAL ISLIP.  THE CROSSING GATE INVOLVED HAD FOULED THE TRACK AFTER BEING STRUCK BY A VEHICLE OPERATOR PRIOR TO BEING STRUCK BY TRAIN 2061.  THIS OBSTRUCTION ACCIDENT RESULTED IN 20, 937.  DOLLARS IN EQUIPMENT DAMAGE TO MU CARS 9131 AND 9132 AND 1,100. IN RAILROAD PROPERTY DAMAGE.  NO INJURIES WERE REPORTED AS A RESULT OF THIS ACCIDENT.NoneNoneNoneNoneNoneNoneNoneNoneNoneNone",Main,4,3L,3L,1,LIEQ20000502200005,LIEQ20000502200005,Passenger (Formerly Commuter),Class 3,"SMT-1 - Amtrak and Commuter East, some Tourist/Historic",LI,Long Island Rail Road,Not Assigned,Passenger (Formerly Commuter),Class 3,"SMT-1 - Amtrak and Commuter East, some Tourist/Historic",LI,Long Island Rail Road,Not Assigned,,,,,,,,,,,,,,,,,,,,,,,,,,,,,,,,,,
LI,Long Island Rail Road,2000,EQ20000402,00,04,LI,Long Island Rail Road,EQ20000402,00,04,09,2000-04-09,11:26 AM,01,Derailment,0.0,0.0,0.0,0.0,SYSTEM,SYSTEM,SPEONK,71.8,36,NY,NEW YORK,103,SUFFOLK,1,45.0,2,Day,2,Cloudy,2,Yard,SPEONK YARD,1,3,East,7,Yard/switching,Yes,8732,5,Estimated,5,0.0,IMN,LI,004128,3,No,,,0,,No,1.0,0.0,0.0,0.0,1.0,0.0,0.0,0.0,0.0,1.0,0.0,0.0,0.0,2.0,0.0,0.0,0.0,0.0,1.0,0.0,98358.0,24261.0,122619.0,H303,"Derail, failure to apply or remove",H303,"Derail, failure to apply or remove",1,1,1,2,52,2,22,0.0,0.0,0.0,0.0,0.0,0.0,0.0,0.0,0.0,0.0,0.0,0.0,TRAIN NUMBER 8732 WAS PROCEEDING EASTWARD INTO SPEONK YARD FROM THE MAIN TRACK WHEN THE ASSISTANT CONDUCTOR OPERATED THE HAND THROWN SWITCH RESULTING IN DERAIL APPLICATION UNDER THE TRAIN.  THE THIRDCAR IN THE CONSIST (CAR NUMBER 4128) AND THE CAB CAR ON THE WEST END OF THE CONSIST(CAB CAR 5004) DERAILED OVER DERAILER IN NORMAL POSITION UNDER THE MOVING TRAIN.  THIS HUMAN FACTOR ACCIDENT RESULTEDIN DAMAGE TO EQUIPMENT AND TRACK AND DID NOT RESULT IN ANY INJURIES.NoneNoneNoneNoneNoneNoneNoneNoneNoneNone,Yard,1,3L,3L,1,LIEQ20000402200004,LIEQ20000402200004,Passenger (Formerly Commuter),Class 3,"SMT-1 - Amtrak and Commuter East, some Tourist/Historic",LI,Long Island Rail Road,Not Assigned,Passenger (Formerly Commuter),Class 3,"SMT-1 - Amtrak and Commuter East, some Tourist/Historic",LI,Long Island Rail Road,Not Assigned,,,,,,,,,,,,,,,,,,,,,,,,,,,,,,,,,,
LI,Long Island Rail Road,2009,EQ20090401,09,04,LI,Long Island Rail Road,EQ20090401,09,04,16,2009-04-16,5:30 PM,09,Obstruction,0.0,0.0,0.0,0.0,SYSTEM,SYSTEM,BELLMORE,24.8,36,NY,NEW YORK,59,NASSAU,1,40.0,2,Day,1,Clear,1,Main,MONTAUK #1,4,4,West,2,Passenger Train - Pulling,Yes,LI 2,50,Estimated,50,0.0,D,LI,005017,1,Yes,,,0,,Yes,1.0,0.0,0.0,0.0,0.0,0.0,0.0,0.0,0.0,0.0,0.0,5.0,0.0,0.0,0.0,0.0,0.0,0.0,0.0,0.0,13110.0,0.0,13110.0,M404,"Object or equipment on or fouling track - other than above (for  vandalism, see code M503)",M404,"Object or equipment on or fouling track - other than above (for  vandalism, see code M503)",1,1,1,1,30,1,30,0.0,1.0,0.0,0.0,0.0,0.0,0.0,1.0,0.0,1.0,0.0,1.0,"PERSON JUMPED FROM PLATFORM INTO PATH OF TRAIN TRAVELLING NON-STOP THROUGH THE STATION AREA, IMPACTING THE OBSERVERS SIDE OF THE CAB CAR.  AS A RESULT - THE WINDSCREEN AND SURROUNDING SUPPORT WERE DAMAGED.  THE TRESPASSER WHO JUMPED WAS KILLED, AND THE ENGINEER RECEIVED MINOR INJURY AS A RESULT OF THE BROKEN GLASS ENTERING THE OPERATING COMPARTMENT.",Main,4,3L,3L,1,LIEQ20090401200904,LIEQ20090401200904,Passenger (Formerly Commuter),Class 3,"SMT-1 - Amtrak and Commuter East, some Tourist/Historic",LI,Long Island Rail Road,Not Assigned,Passenger (Formerly Commuter),Class 3,"SMT-1 - Amtrak and Commuter East, some Tourist/Historic",LI,Long Island Rail Road,Not Assigned,,0,,,,,,,,,,0,Not a remotely controlled operation,,0.0,0.0,,,0,0,,,,,,,,,,,,,,
LI,Long Island Rail Road,2009,EQ20090701,09,07,LI,Long Island Rail Road,EQ20090701,09,07,02,2009-07-02,4:26 PM,01,Derailment,0.0,0.0,0.0,125.0,SYSTEM,SYSTEM,HUNTINGTON,31.5,36,NY,NEW YORK,103,SUFFOLK,1,75.0,2,Day,2,Cloudy,1,Main,PORT JEFF #2,4,3,East,2,Passenger Train - Pulling,Yes,1714,15,Estimated,15,0.0,DI,LI,007094,1,Yes,,,0,,Yes,1.0,0.0,0.0,0.0,0.0,1.0,0.0,0.0,0.0,0.0,0.0,9.0,0.0,0.0,0.0,0.0,0.0,0.0,0.0,0.0,12000.0,22000.0,34000.0,M101,"Snow, ice, mud, gravel, coal, sand, etc. on track",M101,"Snow, ice, mud, gravel, coal, sand, etc. on track",1,1,1,2,26,2,26,0.0,0.0,0.0,0.0,0.0,0.0,0.0,0.0,0.0,0.0,0.0,0.0,TRAIN DERAILED AFTER TRAVERSING A CLOGGED FLANGEWAY ON THE AVERY ROAD CROSSING.  A WATER MAIN BROKECAUSING MUD AND ROCK TO BE DEPOSITED ON THE TRACKS.,Main,4,3L,3L,1,LIEQ20090701200907,LIEQ20090701200907,Passenger (Formerly Commuter),Class 3,"SMT-1 - Amtrak and Commuter East, some Tourist/Historic",LI,Long Island Rail Road,Not Assigned,Passenger (Formerly Commuter),Class 3,"SMT-1 - Amtrak and Commuter East, some Tourist/Historic",LI,Long Island Rail Road,Not Assigned,,,,,,,,,,,,0,Not a remotely controlled operation,,0.0,0.0,,,0,0,,,,,,,,,,,,,,
LI,Long Island Rail Road,2009,EQ20090704,09,07,LI,Long Island Rail Road,EQ20090704,09,07,21,2009-07-21,10:45 PM,09,Obstruction,0.0,0.0,0.0,0.0,SYSTEM,SYSTEM,PORT WASHINGTON,18,36,NY,NEW YORK,59,NASSAU,1,70.0,4,Dark,2,Cloudy,2,Yard,PORT WASHINGTON #4,1,3,East,7,Yard/switching,Yes,PMX4,5,Estimated,5,0.0,LM,LI,007069,1,No,,,0,,,1.0,0.0,0.0,0.0,0.0,0.0,0.0,0.0,0.0,0.0,0.0,0.0,0.0,0.0,0.0,0.0,0.0,0.0,0.0,0.0,21432.0,400.0,21832.0,H307,"Shoving movement, man on or at leading end of movement, failure to control",H307,"Shoving movement, man on or at leading end of movement, failure to control",1,1,,3,35,3,35,0.0,0.0,0.0,0.0,0.0,0.0,0.0,0.0,0.0,0.0,0.0,0.0,"DURING A SHOVING MOVEMENT INTO 4 STATION TRACK, CONDUCTOR FAILED TO CONTROL MOVEMENT, FAILING TO INITIATE A STOP IN ADVANCE OF THE BUMPER BLOCK.",Yard,1,3L,3L,1,LIEQ20090704200907,LIEQ20090704200907,Passenger (Formerly Commuter),Class 3,"SMT-1 - Amtrak and Commuter East, some Tourist/Historic",LI,Long Island Rail Road,Not Assigned,Passenger (Formerly Commuter),Class 3,"SMT-1 - Amtrak and Commuter East, some Tourist/Historic",LI,Long Island Rail Road,Not Assigned,,,,,,,,,,,,0,Not a remotely controlled operation,,0.0,0.0,,,0,0,,,,,,,,,,,,,,
LI,Long Island Rail Road,2003,EQ20031203,03,12,LI,Long Island Rail Road,EQ20031203,03,12,08,2003-12-08,9:48 PM,11,Fire/violent rupture,0.0,0.0,0.0,0.0,SYSTEM,SYSTEM,FAR ROCKAWAY,20.5,36,NY,NEW YORK,59,NASSAU,1,25.0,4,Dark,2,Cloudy,2,Yard,#2 STATION TRACK,1,4,West,7,Yard/switching,No,LI 1,0,Estimated,0,0.0,L,LI,009172,8,No,LI,009172,8,No,No,1.0,0.0,0.0,0.0,0.0,0.0,0.0,0.0,0.0,0.0,0.0,0.0,0.0,9.0,0.0,0.0,0.0,0.0,0.0,0.0,22909.0,1024.0,23933.0,E74L,Electrically caused fire (LOCOMOTIVE),E74L,Electrically caused fire (LOCOMOTIVE),0,0,0,,,,,0.0,0.0,0.0,0.0,0.0,0.0,0.0,0.0,0.0,0.0,0.0,0.0,"LAID UP TRAIN ON FAR ROCKAWAY YARD EXPERIENCED A SHOE BEAM FIRE - TRACKING / CARBONIZATION.  WEATHERRELATED CONTRIBUTING CAUSE, SNOW AND SALT CONDUCTIVITY ON THE INSULATION. DAMAGE TO BEAM, TRUCK ANDBODY OF THE MU.  SMALL INHALATION BY RESPONDING LIRR EMPLOYEES OFF ANOTHER TRAIN.",Yard,1,3L,3L,1,LIEQ20031203200312,LIEQ20031203200312,Passenger (Formerly Commuter),Class 3,"SMT-1 - Amtrak and Commuter East, some Tourist/Historic",LI,Long Island Rail Road,Not Assigned,Passenger (Formerly Commuter),Class 3,"SMT-1 - Amtrak and Commuter East, some Tourist/Historic",LI,Long Island Rail Road,Not Assigned,,0,,,,,,,,,,0,Not a remotely controlled operation,,0.0,0.0,,,,,,,,,,,,,,,,,,
LI,Long Island Rail Road,2008,EQ20080601,08,06,LI,Long Island Rail Road,EQ20080601,08,06,20,2008-06-20,7:06 AM,09,Obstruction,0.0,0.0,0.0,0.0,SYSTEM,SYSTEM,FAR ROCKAWAY,20.5,36,NY,NEW YORK,59,NASSAU,1,70.0,2,Day,1,Clear,2,Yard,FAR ROCK #2 STATION,1,4,West,2,Passenger Train - Pulling,Yes,2815,3,Recorded,3,0.0,LMN,LI,007030,1,No,,,0,,No,1.0,0.0,0.0,0.0,0.0,0.0,0.0,0.0,0.0,0.0,0.0,0.0,0.0,9.0,0.0,0.0,0.0,0.0,0.0,0.0,12500.0,8000.0,20500.0,H307,"Shoving movement, man on or at leading end of movement, failure to control",H307,"Shoving movement, man on or at leading end of movement, failure to control",1,1,1,,23,,23,0.0,0.0,0.0,0.0,0.0,0.0,0.0,0.0,0.0,0.0,0.0,0.0,"MAKING A SHOVING MOVEMENT INTO THE STATION TRACK - ASST. CONDUCTOR FAILED TO CONTROL THE MOVE.  UPONREALIZATION THAT THE ENGINEER WAS NOT STOPPING IN ADVANCE OF THE BUMPER BLOCK, FAILED TO PULL THE DUMP CORD OR OTHERWISE ENSURE PROPER STOPPING BEFORE - STRIKING SAME.",Yard,1,3L,3L,1,LIEQ20080601200806,LIEQ20080601200806,Passenger (Formerly Commuter),Class 3,"SMT-1 - Amtrak and Commuter East, some Tourist/Historic",LI,Long Island Rail Road,Not Assigned,Passenger (Formerly Commuter),Class 3,"SMT-1 - Amtrak and Commuter East, some Tourist/Historic",LI,Long Island Rail Road,Not Assigned,000000,0,,,,,,,,,,0,Not a remotely controlled operation,,0.0,0.0,,,0,0,,,,,,,,,,,,,,
LI,Long Island Rail Road,2008,EQ20080903,08,09,LI,Long Island Rail Road,EQ20080903,08,09,24,2008-09-24,8:38 AM,09,Obstruction,0.0,0.0,0.0,0.0,SYSTEM,SYSTEM,HEMPSTEAD,20.0,36,NY,NEW YORK,59,NASSAU,1,70.0,2,Day,1,Clear,2,Yard,7 TRACK HEMPSTEAD YD,1,3,East,2,Passenger Train - Pulling,Yes,3706,12,Recorded,12,0.0,DL,LI,009812,1,No,,,0,,No,1.0,0.0,0.0,0.0,0.0,1.0,0.0,0.0,0.0,0.0,0.0,0.0,0.0,5.0,0.0,0.0,0.0,0.0,0.0,0.0,250000.0,75000.0,325000.0,H607,Failure to comply with restricted speed or its equivalent not in connection with a block or interloc,H607,Failure to comply with restricted speed or its equivalent not in connection with a block or interloc,1,1,1,2,20,2,20,0.0,1.0,0.0,0.0,0.0,0.0,0.0,1.0,0.0,1.0,0.0,1.0,"EQUIPMENT TRAIN PULLING INTO 7 TRACK - HEMPSTEAD YARD, ENGINEER CLAIMS TO HAVE BEEN DISTRACTED, FAILED TO CONTROL MOVE INTO THE YARD, FAILED TO OBSERVE REQUIREMENTS OF RESTRICTIVE SPEED - IMPACTING THE BUMPER BLOCK AND SUBSEQUENTLY DERAILING THE HEAD CAR.  HEAVY DAMAGE TO LEAD CAR.",Yard,1,3L,3L,1,LIEQ20080903200809,LIEQ20080903200809,Passenger (Formerly Commuter),Class 3,"SMT-1 - Amtrak and Commuter East, some Tourist/Historic",LI,Long Island Rail Road,Not Assigned,Passenger (Formerly Commuter),Class 3,"SMT-1 - Amtrak and Commuter East, some Tourist/Historic",LI,Long Island Rail Road,Not Assigned,000000,0,,,,,,,,,,0,Not a remotely controlled operation,,0.0,0.0,,,0,0,,,,,,,,,,,,,,
LI,Long Island Rail Road,2013,GR20130501,13,05,LI,Long Island Rail Road,GR20130501,13,05,10,2013-05-10,3:58 PM,07,Hwy-rail crossing,0.0,0.0,0.0,0.0,,,BRENTWOOD,42.3,36,NY,NEW YORK,103,SUFFOLK,1,64.0,2,Day,1,Clear,1,Main,MAINLINE 1,4,4,West,D,EMU,Yes,5051,78,Recorded,78,0.0,,LI,009773,1,No,,,0,,No,0.0,0.0,0.0,0.0,0.0,0.0,0.0,0.0,0.0,0.0,0.0,0.0,0.0,10.0,0.0,0.0,0.0,0.0,0.0,0.0,7579.0,5683.0,13262.0,M308,Highway user deliberately disregarded crossing warning devices,M308,Highway user deliberately disregarded crossing warning devices,1,1,1,,41,,41,0.0,0.0,0.0,0.0,1.0,0.0,1.0,0.0,1.0,0.0,1.0,0.0,DRIVER DROVE AROUND LOWERED GATES AND WAS FATALLY STUCK BY TRAIN.,Main,4,No,No,1,LIGR20130501201305,LIGR20130501201305,Passenger (Formerly Commuter),Class 3,"SMT-1 - Amtrak and Commuter East, some Tourist/Historic",LI,Long Island Rail Road,Not Assigned,Passenger (Formerly Commuter),Class 3,"SMT-1 - Amtrak and Commuter East, some Tourist/Historic",LI,Long Island Rail Road,Not Assigned,,0,338170G,,,SYSTEM,1,Signaled,Signal Indication,A,Auto Cab Signals,0,Not a remotely controlled operation,CWR,40.786164,-73.220128,,,,,,,,,,,,,,,,,,
LI,Long Island Rail Road,2009,GR20090501,09,05,LI,Long Island Rail Road,GR20090501,09,05,02,2009-05-02,3:32 PM,07,Hwy-rail crossing,0.0,0.0,0.0,0.0,SYSTEM,SYSTEM,CENTRAL ISLIP,43.37,36,NY,NEW YORK,103,SUFFOLK,1,55.0,2,Day,2,Cloudy,1,Main,MAINLINE #2,4,3,East,2,Passenger Train - Pulling,Yes,LI80,65,Recorded,65,0.0,D,LI,007263,10,Yes,,,0,,Yes,1.0,0.0,0.0,0.0,0.0,0.0,0.0,0.0,0.0,0.0,0.0,9.0,0.0,0.0,0.0,0.0,0.0,0.0,0.0,0.0,344778.0,1467.0,346245.0,M303,Highway user misjudgment under normal weather and traffic conditions,M303,Highway user misjudgment under normal weather and traffic conditions,1,1,1,4,16,4,16,0.0,0.0,0.0,0.0,1.0,0.0,1.0,0.0,1.0,0.0,1.0,0.0,78 YEAR OLD FEMALE DROVE PAST THE DESCENEDED GATE WITH RESULTING IMPACT OF TRAIN 8054 - 10TH CAR.  DAMAGE TO TRUCK ASSEMBLY OF 10TH CAR WITH REPORTABLE DAMAGE.  INJURY TO DRIVER.  8/3/09 - NOTIFICATION RECEIVED THAT DRIVER HAS DIED AS A RESULT OF HER INJURIES.,Main,4,3L,3L,1,LIGR20090501200905,LIGR20090501200905,Passenger (Formerly Commuter),Class 3,"SMT-1 - Amtrak and Commuter East, some Tourist/Historic",LI,Long Island Rail Road,Not Assigned,Passenger (Formerly Commuter),Class 3,"SMT-1 - Amtrak and Commuter East, some Tourist/Historic",LI,Long Island Rail Road,Not Assigned,,,338172V,,,,,,,,,0,Not a remotely controlled operation,,0.0,0.0,,,0,0,,,,,,,,,,,,,,
LI,Long Island Rail Road,2009,GR20090801,09,08,LI,Long Island Rail Road,GR20090801,09,08,08,2009-08-08,7:03 PM,07,Hwy-rail crossing,0.0,0.0,0.0,0.0,SYSTEM,SYSTEM,DEER PARK,38.3,36,NY,NEW YORK,103,SUFFOLK,1,78.0,3,Dusk,2,Cloudy,1,Main,MAIN LINE #1,4,4,West,2,Passenger Train - Pulling,Yes,8063,60,Estimated,60,0.0,D,LI,007515,1,Yes,,,0,,Yes,1.0,0.0,0.0,0.0,0.0,0.0,0.0,0.0,0.0,0.0,0.0,11.0,0.0,0.0,0.0,0.0,0.0,0.0,0.0,0.0,275000.0,2300.0,277300.0,M304,Highway user cited for violation of highway-rail grade crossing traffic laws,M304,Highway user cited for violation of highway-rail grade crossing traffic laws,1,1,1,,53,,53,0.0,0.0,0.0,0.0,0.0,0.0,0.0,0.0,0.0,0.0,0.0,0.0,VEHICLE OPERATOR DROVE AROUND LOWERED GATES INTO THE PATH OF OF TRAIN 8063.,Main,4,3L,3L,1,LIGR20090801200908,LIGR20090801200908,Passenger (Formerly Commuter),Class 3,"SMT-1 - Amtrak and Commuter East, some Tourist/Historic",LI,Long Island Rail Road,Not Assigned,Passenger (Formerly Commuter),Class 3,"SMT-1 - Amtrak and Commuter East, some Tourist/Historic",LI,Long Island Rail Road,Not Assigned,,,338164D,,,,,,,,,0,Not a remotely controlled operation,,0.0,0.0,,,0,0,,,,,,,,,,,,,,
LI,Long Island Rail Road,2009,EQ20091202,09,12,LI,Long Island Rail Road,EQ20091202,09,12,13,2009-12-13,4:05 AM,01,Derailment,0.0,0.0,0.0,0.0,SYSTEM,SYSTEM,MERRICK,24,36,NY,NEW YORK,59,NASSAU,1,38.0,4,Dark,2,Cloudy,1,Main,MONTAUK #1,4,4,West,8,Light loco(s),Yes,ENG1,12,Recorded,12,0.0,M,LI,000165,2,,,,0,,No,1.0,0.0,0.0,1.0,0.0,0.0,0.0,0.0,1.0,0.0,0.0,0.0,0.0,0.0,0.0,0.0,0.0,0.0,0.0,0.0,5600.0,18750.0,24350.0,E59C,Other axle and journal bearing defects (CAR) (Provide detailed description in narrative),E59C,Other axle and journal bearing defects (CAR) (Provide detailed description in narrative),1,1,,3,35,3,35,0.0,0.0,0.0,0.0,0.0,0.0,0.0,0.0,0.0,0.0,0.0,0.0,"WHILE TRANSPORTING/TOWING AN OUT OF SERVICE LOCOMOTIVE WITH A DOLLY, THE DOLLY FAILED CAUSING A DERAILMENT OF ONE TRUCK ON THE LOCOMOTIVE. A DOLLY WAS USED DUE TO A FLAT WHEEL ON THE ENGINE.",Main,4,3L,3L,1,LIEQ20091202200912,LIEQ20091202200912,Passenger (Formerly Commuter),Class 3,"SMT-1 - Amtrak and Commuter East, some Tourist/Historic",LI,Long Island Rail Road,Not Assigned,Passenger (Formerly Commuter),Class 3,"SMT-1 - Amtrak and Commuter East, some Tourist/Historic",LI,Long Island Rail Road,Not Assigned,,,,,,,,,,,,0,Not a remotely controlled operation,,0.0,0.0,,,,,,,,,,,,,,,,,,
NYA,New York & Atlantic Railway Company,2003,030411,03,11,NYA,New York & Atlantic Railway Company,030411,03,11,04,2003-11-04,3:50 AM,01,Derailment,0.0,0.0,0.0,0.0,WESTWA,WESTWARD,DEER PARK,38.2,36,NY,NEW YORK,103,SUFFOLK,1,50.0,1,Dawn,4,Fog,3,Siding,SOUTHERN CONTAINER,1,4,West,1,Freight Train,Yes,RS-5,4,Recorded,4,0.0,ABD,CXST,387278,18,No,,,0,,No,2.0,0.0,0.0,0.0,0.0,0.0,0.0,0.0,0.0,0.0,22.0,0.0,18.0,0.0,0.0,0.0,0.0,2.0,0.0,0.0,42000.0,450000.0,492000.0,H599,Other causes relating to train handling or makeup (Provide detailed description in narrative),H599,Other causes relating to train handling or makeup (Provide detailed description in narrative),1,1,,9,40,9,40,0.0,0.0,0.0,0.0,0.0,0.0,0.0,0.0,0.0,0.0,0.0,0.0,"THE RS 50 HAD 33 CARS AND 2 ENGINES IN ROUTE TO SOUTHERN CONTAINER TO PICK UP 7 EMPTIES AND TO DELIVER 5 LOADS. UPON ARRIVAL AT DEER PARK THE RS-50 CUT AWAY 2 ENGINES ON THE EAST END AND PREPARED TO ENTER SOUTHERN CONTAINER WITH THE ENGINES TO COUPLE TO 7 EMPTY CARS AND TO ADD 7 EMPTIES TO THE EASTEND OF THEIR CONSIST. THE RS-50 CREW THEN MOVED THE ENTIRE 40 CAR CONSIST FROM THE MAIN TRACK AND THEN SHOVED WEST INTO SOUTHERN CONTAINER SIDING, WHEN THE ENGINEER STOPPED THE TRAIN, THE 18TH CAR JUMPED THE TRACK. WHEN THE ENGINEER BEGAN HIS WEST SHOVE IN THE OPPOSITE DIRECTION CAUSING THE 17TH CARTO DERAIL.",Siding,1,3,3,1,NYA030411200311,NYA030411200311,Shortline,Class 3,SMT-2 - Shortline – East,NYA,New York & Atlantic Railway Company,Anacostia R,Shortline,Class 3,SMT-2 - Shortline – East,NYA,New York & Atlantic Railway Company,Anacostia R,,,,,,,,,,,,0,Not a remotely controlled operation,,0.0,0.0,,,0,0,,,,,,,,,,,,,,