reportingrailroadcode,reportingrailroadname,report_year,incidentnumber,accidentyear,accidentmonth,maintenancerailroadcode,maintenancerailroadname,maintenanceaccidentnumber,maintenanceaccidentyear,maintenanceaccidentmonth,day,date,time,accident_type_code,accidenttype,hazmatcars,hazmatcarsdamaged,hazmatreleasedcars,personsevacuated,divisioncode,division,station,milepost,statecode,stateabbr,statename,countycode,countyname,district,temperature,visibilitycode,visibility,weather_condition_code,weathercondition,track_type_code,tracktype,trackname,trackclass,train_direction_code,traindirection,equipment_type_code,equipmenttype,equipmentattended,trainnumber,trainspeed,recordedestimatedspeed,maximumspeed,grosstonnage,method_of_operation_code,firstcarinitials,firstcarnumber,firstcarposition,firstcarloaded,causingcarinitials,causingcarnumber,causingcarposition,causingcarloaded,passengerstransported,headendlocomotives,midtrainmanuallocomotives,midtrainremotelocomotives,rearendmanuallocomotives,rearendremotelocomotives,derailedheadendlocomotives,derailedmidtrainmanuallo,derailedmidtrainremotelo,derailedrearendmanualloc,derailedrearendremoteloc,loadedfreightcars,loadedpassengercars,emptyfreightcars,emptypassengercars,cabooses,derailedloadedfreightcars,derailedloadedpassengercars,derailedemptyfreightcars,derailedemptypassengercars,derailedcabooses,equipmentdamagecost,trackdamagecost,totaldamagecost,primaryaccidentcausecode,primaryaccidentcause,accidentcausecode,accidentcause,engineersonduty,conductorsonduty,brakemenonduty,hoursengineersonduty,minutesengineersonduty,hoursconductorsonduty,minutesconductorsonduty,railroademployeeskilled,railroademployeesinjured,passengerskilled,passengersinjured,otherskilled,othersinjured,personskilledforreportin,personsinjuredforreporti,totalpersonskilled,totalpersonsinjured,totalkilledform54,totalinjuredform54,narrative,jointtracktype,jointtrackclass,classcode,class,jointcd,incidentkey,reportkey,reporting_railroad_company_grouping,reporting_railroad_class,reporting_railroad_smt_grouping,reporting_parent_railroad_company_code,reporting_parent_railroad_company_name,reporting_railroad_holding_company,maintenance_railroad_company_grouping,maintenance_railroad_class,maintenance_railroad_smt_grouping,maintenance_parent_railroad_company_code,maintenance_parent_railroad_company_name,maintenance_railroad_holding_company,trackdensity,firemenonduty,gxid,contributingaccidentcausecode,contributingaccidentcause,subdivision,signalization_code,signalization,methodofoperation,adjunct_1,adjunctcode1,remote_control_locomotive_code,remotecontrollocomotive,specialstudy1,latitude,longitude,adjunct_2,adjunctcode2,positivealcoholtests,positivedrugtests,specialstudy2,adjunct_3,adjunctcode3,otherrailroadcode,otherrailroadname,otheraccidentnumber,accidentyearother,accidentmonthother,other_railroad_company_grouping,other_railroad_class,other_railroad_smt_grouping,other_parent_railroad_company_code,other_parent_railroad_company_name,other_railroad_holding_company
LI,Long Island Rail Road,2003,EQ20030202,03,02,LI,Long Island Rail Road,EQ20030202,03,02,18,2003-02-18,11:17 PM,09,Obstruction,0.0,0.0,0.0,0.0,SYSTEM,SYSTEM,PORTWASHINGTON,18.1,36,NY,NEW YORK,59,NASSAU,1,24.0,4,Dark,6,Snow,2,Yard,TRACK #2,1,3,East,2,Passenger Train - Pulling,Yes,6418,5,Estimated,5,0.0,LM,LI,009420,1,No,,,0,,Yes,1.0,0.0,0.0,0.0,0.0,1.0,0.0,0.0,0.0,0.0,0.0,7.0,0.0,0.0,0.0,0.0,0.0,0.0,0.0,0.0,7500.0,400.0,7900.0,H605,Failure to comply with restricted speed in connection with the restrictive indication of a block or,H605,Failure to comply with restricted speed in connection with the restrictive indication of a block or,1,1,1,1,40,1,40,0.0,0.0,0.0,0.0,0.0,0.0,0.0,0.0,0.0,0.0,0.0,0.0,"COMING INTO PORTWASHINGTON YARD #2 TRACK - HEAVY SNOW CONDITIONS, ENGINEER FAILED TO CONTROL MOVE VIA RESTRICTED SPEED.  TRAIN FAILED TO STOP CLEAR OF BUMPER BLOCK STRIKING SAME.",Yard,1,3L,3L,1,LIEQ20030202200302,LIEQ20030202200302,Passenger (Formerly Commuter),Class 3,"SMT-1 - Amtrak and Commuter East, some Tourist/Historic",LI,Long Island Rail Road,Not Assigned,Passenger (Formerly Commuter),Class 3,"SMT-1 - Amtrak and Commuter East, some Tourist/Historic",LI,Long Island Rail Road,Not Assigned,,0,,,,,,,,,,,,,,,,,0,0,,,,,,,,,,,,,,
LI,Long Island Rail Road,2003,EQ20031003,03,10,LI,Long Island Rail Road,EQ20031003,03,10,06,2003-10-06,11:33 AM,03,Rear end collision,0.0,0.0,0.0,0.0,SYSTEM,SYSTEM,SMITHTOWN,47.1,36,NY,NEW YORK,103,SUFFOLK,1,64.0,2,Day,1,Clear,1,Main,PORT JEFFERSON #1,3,4,West,9,Maint./inspect Car,Yes,,13,Recorded,13,0.0,HM,LI,000030,1,No,,,0,,No,0.0,0.0,0.0,0.0,0.0,0.0,0.0,0.0,0.0,0.0,0.0,0.0,1.0,0.0,0.0,0.0,0.0,0.0,0.0,0.0,250000.0,32000.0,382000.0,H605,Failure to comply with restricted speed in connection with the restrictive indication of a block or,H605,Failure to comply with restricted speed in connection with the restrictive indication of a block or,1,1,0,4,3,4,3,0.0,2.0,0.0,0.0,0.0,0.0,0.0,2.0,0.0,2.0,0.0,2.0,"WHILE MAKING A TRACK CAR MOVE WITH THREE SEPARATE UNITS, THE SECOND UNIT FAILED TO STOP BEFORE STRIKING LEAD UNIT.  REAR END COLLISION THE RESULT OF THE FAILURE OF OPERATOR OF SECOND UNIT TO CONTROL TRACK CAR IN ACCORDANCE WITH MANDATES OF RESTRICTED SPEED.",Main,3,3L,3L,3,LIEQ20031003200310,LIEQ20031003200310,Passenger (Formerly Commuter),Class 3,"SMT-1 - Amtrak and Commuter East, some Tourist/Historic",LI,Long Island Rail Road,Not Assigned,Passenger (Formerly Commuter),Class 3,"SMT-1 - Amtrak and Commuter East, some Tourist/Historic",LI,Long Island Rail Road,Not Assigned,,0,,,,,,,,,,0,Not a remotely controlled operation,,0.0,0.0,,,0,0,,,,,,,,,,,,,,
LI,Long Island Rail Road,2003,EQ20031003,03,10,LI,Long Island Rail Road,EQ20031003,03,10,06,2003-10-06,11:33 AM,03,Rear end collision,0.0,0.0,0.0,0.0,SYSTEM,SYSTEM,SMITHTOWN,47.1,36,NY,NEW YORK,103,SUFFOLK,1,64.0,2,Day,1,Clear,1,Main,PORT JEFFERSON #1,3,4,West,9,Maint./inspect Car,Yes,,0,Estimated,13,0.0,HM,LI,000829,1,No,,,0,,No,0.0,0.0,0.0,0.0,0.0,0.0,0.0,0.0,0.0,0.0,0.0,0.0,1.0,0.0,0.0,0.0,0.0,0.0,0.0,0.0,100000.0,0.0,382000.0,H605,Failure to comply with restricted speed in connection with the restrictive indication of a block or,H605,Failure to comply with restricted speed in connection with the restrictive indication of a block or,1,0,0,4,3,,,0.0,0.0,0.0,0.0,0.0,0.0,0.0,2.0,0.0,2.0,0.0,0.0,"WHILE MAKING A TRACK CAR MOVE WITH THREE SEPARATE UNITS, THE SECOND UNIT FAILED TO STOP BEFORE STRIKING LEAD UNIT.  REAR END COLLISION THE RESULT OF THE FAILURE OF OPERATOR OF SECOND UNIT TO CONTROL TRACK CAR IN ACCORDANCE WITH MANDATES OF RESTRICTED SPEED.",Main,3,3L,3L,1,LIEQ20031003200310,LIEQ20031003200310,Passenger (Formerly Commuter),Class 3,"SMT-1 - Amtrak and Commuter East, some Tourist/Historic",LI,Long Island Rail Road,Not Assigned,Passenger (Formerly Commuter),Class 3,"SMT-1 - Amtrak and Commuter East, some Tourist/Historic",LI,Long Island Rail Road,Not Assigned,,0,,,,,,,,,,0,Not a remotely controlled operation,,0.0,0.0,,,0,0,,,,,,,,,,,,,,
LI,Long Island Rail Road,2003,EQ20031202,03,12,LI,Long Island Rail Road,EQ20031202,03,12,08,2003-12-08,6:07 AM,11,Fire/violent rupture,0.0,0.0,0.0,0.0,SYSTEM,SYSTEM,GARDEN CITY,17,36,NY,NEW YORK,59,NASSAU,1,25.0,2,Day,1,Clear,2,Yard,HEMPSTEAD #2,3,3,East,2,Passenger Train - Pulling,Yes,LI,0,Estimated,0,0.0,HIK,LI,009682,1,No,LI,009682,1,No,Yes,1.0,0.0,0.0,0.0,0.0,0.0,0.0,0.0,0.0,0.0,0.0,6.0,0.0,3.0,0.0,0.0,0.0,0.0,0.0,0.0,35000.0,0.0,35000.0,E74L,Electrically caused fire (LOCOMOTIVE),E74L,Electrically caused fire (LOCOMOTIVE),1,2,,4,15,4,15,0.0,3.0,0.0,0.0,0.0,0.0,0.0,3.0,0.0,3.0,0.0,3.0,"TRAIN PULLING INTO NASSAU BLVD STATION EXPERIENCED A SHOE BEAM FIRE ON CAR 9682, CARBONIZED SHOE BEAM ON THE B END OF THE CAR, WEATHER CONTRIBUTING TO THE CARBONIZATION, SNOW AND SALT ON BEAM. FIRE OUT UPON REMOVAL OF POWER.  3 CREW MEMBERS EXPERIENCED SMOKE INHALATION WHILE ATTEMPTING TO EXTINGUISHFIRE.",Yard,3,3L,3L,1,LIEQ20031202200312,LIEQ20031202200312,Passenger (Formerly Commuter),Class 3,"SMT-1 - Amtrak and Commuter East, some Tourist/Historic",LI,Long Island Rail Road,Not Assigned,Passenger (Formerly Commuter),Class 3,"SMT-1 - Amtrak and Commuter East, some Tourist/Historic",LI,Long Island Rail Road,Not Assigned,,,,,,,,,,,,0,Not a remotely controlled operation,,0.0,0.0,,,,,,,,,,,,,,,,,,
LI,Long Island Rail Road,2010,EQ20100603,10,06,LI,Long Island Rail Road,EQ20100603,10,06,28,2010-06-28,12:33 PM,09,Obstruction,0.0,0.0,0.0,0.0,SYSTEM,SYSTEM,PORT WASHINGTON,18,36,NY,NEW YORK,59,NASSAU,1,92.0,2,Day,1,Clear,2,Yard,PW STATION 2,1,3,East,2,Passenger Train - Pulling,Yes,426,11,Recorded,11,0.0,LM,LI,007314,1,Yes,,,0,,Yes,1.0,0.0,0.0,0.0,0.0,1.0,0.0,0.0,0.0,0.0,0.0,11.0,0.0,0.0,0.0,0.0,1.0,0.0,0.0,0.0,26831.0,0.0,26831.0,M599,Other miscellaneous causes (Provide detailed description in narrative),M599,Other miscellaneous causes (Provide detailed description in narrative),1,1,1,5,5,5,5,0.0,0.0,0.0,0.0,0.0,0.0,0.0,0.0,0.0,0.0,0.0,0.0,CAUSE UNDETERMINED DUE TO A COMBINATION OF GREASE ON TRACK AND OPERATION OF THE TRAIN.,Yard,1,No,No,1,LIEQ20100603201006,LIEQ20100603201006,Passenger (Formerly Commuter),Class 3,"SMT-1 - Amtrak and Commuter East, some Tourist/Historic",LI,Long Island Rail Road,Not Assigned,Passenger (Formerly Commuter),Class 3,"SMT-1 - Amtrak and Commuter East, some Tourist/Historic",LI,Long Island Rail Road,Not Assigned,,,,,,,,,,,,0,Not a remotely controlled operation,,0.0,0.0,,,,,,,,,,,,,,,,,,
LI,Long Island Rail Road,2004,EQ20040204,04,02,LI,Long Island Rail Road,EQ20040204,04,02,18,2004-02-18,5:55 AM,09,Obstruction,0.0,0.0,0.0,0.0,SYSTEM,SYSTEM,MASTIC SHIRLEY,62,36,NY,NEW YORK,103,SUFFOLK,1,30.0,2,Day,6,Snow,1,Main,#1 MONTAUK,4,4,West,2,Passenger Train - Pulling,Yes,LI 2,65,Estimated,65,0.0,ED,LI,000500,1,No,,,0,,Yes,1.0,0.0,0.0,0.0,0.0,0.0,0.0,0.0,0.0,0.0,0.0,6.0,0.0,0.0,0.0,0.0,0.0,0.0,0.0,0.0,9500.0,231.0,9731.0,M503,"Vandalism of track or track appliances, e.g., objects  placed on track, switch thrown, etc.",M503,"Vandalism of track or track appliances, e.g., objects  placed on track, switch thrown, etc.",1,1,1,3,30,3,30,0.0,0.0,0.0,0.0,0.0,0.0,0.0,0.0,0.0,0.0,0.0,0.0,VANDALS PLACED AN OLD QUAD / MOTOR VEHICLE ON TRACKS DURING SNOW FLURRY CONDITIONS. MINOR DAMAGE TOTRACK BED - SWITCH HEATER AT LOCATION WAS RIPPED UP.  MINOR DAMAGE TO P/U COILS.  POLICE INVESTIGATING FOR VANDALS.,Main,4,3L,3L,1,LIEQ20040204200402,LIEQ20040204200402,Passenger (Formerly Commuter),Class 3,"SMT-1 - Amtrak and Commuter East, some Tourist/Historic",LI,Long Island Rail Road,Not Assigned,Passenger (Formerly Commuter),Class 3,"SMT-1 - Amtrak and Commuter East, some Tourist/Historic",LI,Long Island Rail Road,Not Assigned,,,,,,,,,,,,0,Not a remotely controlled operation,,0.0,0.0,,,,,,,,,,,,,,,,,,
LI,Long Island Rail Road,2004,GR20040201,04,02,LI,Long Island Rail Road,GR20040201,04,02,07,2004-02-07,10:20 AM,07,Hwy-rail crossing,0.0,0.0,0.0,0.0,SYSTEM,SYSTEM,HICKSVILLE,26,36,NY,NEW YORK,59,NASSAU,1,41.0,2,Day,2,Cloudy,1,Main,#1 MAIN TRACK,4,4,West,2,Passenger Train - Pulling,Yes,LI 8,60,Estimated,60,0.0,DEG,LI,009399,1,Yes,,,0,,Yes,1.0,0.0,0.0,0.0,0.0,0.0,0.0,0.0,0.0,0.0,0.0,11.0,0.0,0.0,0.0,0.0,0.0,0.0,0.0,0.0,3800.0,15000.0,18800.0,M302,Highway user inattentiveness,M302,Highway user inattentiveness,1,1,1,7,18,7,18,0.0,0.0,0.0,0.0,1.0,0.0,1.0,0.0,1.0,0.0,1.0,0.0,ELDERLY MAN DROVE AROUND GATES INTO PATH OF TRAIN 8015 TRAVELING AT 60 MPH OVER NEW SOUTH ROAD GRADECROSSING IN HICKSVILLE. TRAIN PUSHED CAR INTO STANCHION FOR GATES AND DOWN THE TRACKS RESULTING INFATALITY OF DRIVER.,Main,4,3L,3L,1,LIGR20040201200402,LIGR20040201200402,Passenger (Formerly Commuter),Class 3,"SMT-1 - Amtrak and Commuter East, some Tourist/Historic",LI,Long Island Rail Road,Not Assigned,Passenger (Formerly Commuter),Class 3,"SMT-1 - Amtrak and Commuter East, some Tourist/Historic",LI,Long Island Rail Road,Not Assigned,,,338148U,,,,,,,,,0,Not a remotely controlled operation,,0.0,0.0,,,0,0,,,,,,,,,,,,,,
LI,Long Island Rail Road,2004,EQ20040502,04,05,LI,Long Island Rail Road,EQ20040502,04,05,19,2004-05-19,11:56 AM,01,Derailment,0.0,0.0,0.0,0.0,SYSTEM,SYSTEM,VALLEY STREAM,16,36,NY,NEW YORK,59,NASSAU,1,69.0,2,Day,3,Rain,1,Main,#1 FAR ROCK,4,4,West,9,Maint./inspect Car,Yes,TC82,15,Estimated,15,0.0,M,LI,000082,1,No,LI,000082,1,No,No,0.0,0.0,0.0,0.0,0.0,0.0,0.0,0.0,0.0,0.0,0.0,0.0,1.0,0.0,0.0,0.0,0.0,1.0,0.0,0.0,1295.0,7500.0,8795.0,E79L,Other locomotive defects (Provide detail description in narrative),E79L,Other locomotive defects (Provide detail description in narrative),1,0,0,5,55,,,0.0,0.0,0.0,0.0,0.0,0.0,0.0,0.0,0.0,0.0,0.0,0.0,"SELF PROPELLED - TRACK GEOMETRY CAR MEASURING FAR ROCKAWAY BRANCH.  THE #2 MEASUREMENT AXLE WAS DEPLOYED TESTING LATERAL LOADING.  THE TEST LOAD FAILED TO DISENGAGE WHILE TRAVERSING A SWITCH AND FROGASSEMBLY, FORCING THE CAR TO DERAIL AS THE WHEEL SET DIVERGED OVER THE FROG. CAR IS DESIGNED TO AUTOMATICALLY DISENGAGE LATERAL FORCE WHEN PASSING SWITCHES - FAILED TO DISENGAGE.",Main,4,3L,3L,1,LIEQ20040502200405,LIEQ20040502200405,Passenger (Formerly Commuter),Class 3,"SMT-1 - Amtrak and Commuter East, some Tourist/Historic",LI,Long Island Rail Road,Not Assigned,Passenger (Formerly Commuter),Class 3,"SMT-1 - Amtrak and Commuter East, some Tourist/Historic",LI,Long Island Rail Road,Not Assigned,,0,,,,,,,,,,0,Not a remotely controlled operation,,0.0,0.0,,,,,,,,,,,,,,,,,,
LI,Long Island Rail Road,2004,EQ20040602,04,06,LI,Long Island Rail Road,EQ20040602,04,06,21,2004-06-21,1:03 AM,12,Other impacts,0.0,0.0,0.0,0.0,SYSTEM,SYSTEM,PORT JEFFERSON,57.5,36,NY,NEW YORK,103,SUFFOLK,1,68.0,4,Dark,1,Clear,1,Main,PORT JEFF #1,1,4,West,7,Yard/switching,Yes,6666,5,Estimated,5,0.0,LM,LI,000514,1,No,,,0,,No,1.0,0.0,0.0,0.0,0.0,0.0,0.0,0.0,0.0,0.0,0.0,0.0,0.0,8.0,0.0,0.0,0.0,0.0,0.0,0.0,42241.0,0.0,42241.0,H607,Failure to comply with restricted speed or its equivalent not in connection with a block or interloc,H607,Failure to comply with restricted speed or its equivalent not in connection with a block or interloc,1,1,,10,32,10,32,0.0,0.0,0.0,0.0,0.0,0.0,0.0,0.0,0.0,0.0,0.0,0.0,TRAIN 6666 MAKING A YARD SWITCHING MOVE RAN OVER A REVERSE SWITCH INTO SIDE OF STANDING  TRAIN 3684.BOTH ENGINEER AND CONDUCTOR IN EAST ENGINE FAILED TO OBSERVE THE HAND THROWN SWITCH LINED ONTO THEADJACENT TRACK.,Main,1,3L,3L,1,LIEQ20040602200406,LIEQ20040602200406,Passenger (Formerly Commuter),Class 3,"SMT-1 - Amtrak and Commuter East, some Tourist/Historic",LI,Long Island Rail Road,Not Assigned,Passenger (Formerly Commuter),Class 3,"SMT-1 - Amtrak and Commuter East, some Tourist/Historic",LI,Long Island Rail Road,Not Assigned,,,,,,,,,,,,0,Not a remotely controlled operation,,0.0,0.0,,,0,0,,,,,,,,,,,,,,
LI,Long Island Rail Road,2004,EQ20041001,04,10,LI,Long Island Rail Road,EQ20041001,04,10,01,2004-10-01,6:58 AM,04,Side collision,0.0,0.0,0.0,0.0,SYSTEM,SYSTEM,HEMPSTEAD,19.7,36,NY,NEW YORK,59,NASSAU,1,65.0,2,Day,1,Clear,2,Yard,POCKET TRACK - #4,1,3,East,7,Yard/switching,Yes,LI 7,5,Recorded,8,0.0,LM,LI,007118,1,No,,,0,,No,1.0,0.0,0.0,0.0,0.0,1.0,0.0,0.0,0.0,0.0,0.0,0.0,0.0,7.0,0.0,0.0,0.0,0.0,0.0,0.0,1125000.0,0.0,4254500.0,H307,"Shoving movement, man on or at leading end of movement, failure to control",H307,"Shoving movement, man on or at leading end of movement, failure to control",1,2,,1,5,1,5,0.0,0.0,0.0,0.0,0.0,0.0,0.0,0.0,0.0,0.0,0.0,0.0,FAILURE OF CONDUCTOR OF TRAIN 715 TO PROPERLY CONTROL SHOVING MOVEMENT.  CAME OFF THE POCKET TRACK WITHOUT PROPER HAND SIGN FROM MAN ON GROUND - ALLOWED CONSIST TO SIDESWIPE TRAIN 3796 ENTERING THE YARD ON THE ADJACENT TRACK.,Yard,1,3L,3L,3,LIEQ20041001200410,LIEQ20041001200410,Passenger (Formerly Commuter),Class 3,"SMT-1 - Amtrak and Commuter East, some Tourist/Historic",LI,Long Island Rail Road,Not Assigned,Passenger (Formerly Commuter),Class 3,"SMT-1 - Amtrak and Commuter East, some Tourist/Historic",LI,Long Island Rail Road,Not Assigned,,,,,,,,,,,,0,Not a remotely controlled operation,,0.0,0.0,,,0,0,,,,,,,,,,,,,,
LI,Long Island Rail Road,2004,EQ20041001,04,10,LI,Long Island Rail Road,EQ20041001,04,10,01,2004-10-01,6:58 AM,04,Side collision,0.0,0.0,0.0,0.0,SYSTEM,SYSTEM,HEMPSTEAD,19.7,36,NY,NEW YORK,59,NASSAU,1,65.0,1,Dawn,1,Clear,2,Yard,TRACK #5,1,3,East,7,Yard/switching,Yes,TRAI,8,Recorded,8,0.0,LM,LI,007279,2,No,,,0,,No,1.0,0.0,0.0,0.0,0.0,0.0,0.0,0.0,0.0,0.0,0.0,0.0,0.0,5.0,0.0,0.0,0.0,0.0,0.0,0.0,3125000.0,4500.0,4254500.0,H307,"Shoving movement, man on or at leading end of movement, failure to control",H307,"Shoving movement, man on or at leading end of movement, failure to control",1,1,1,6,54,6,54,0.0,0.0,0.0,0.0,0.0,0.0,0.0,0.0,0.0,0.0,0.0,0.0,"FAILURE OF CONDUCTOR OF TRAIN 715 TO PROPERLY CONTROL SHOVING MOVEMENT.  CAME OFF THE POCKET TRACK WITHOUT PROPER HAND SIGN FROM MAN ON GROUND - ALLOWED CONSIST TO SIDESWIPE TRAIN 3796 ENTERING THE YARD ON THE ADJACENT TRACK.   TRAIN 715 EXPERIENCED DAMAGE TO LEAD CAR.  TRAIN 3796 EXPERIENCED DAMAGETO 2ND, 3RD, AND 4TH CAR.",Yard,1,3L,3L,1,LIEQ20041001200410,LIEQ20041001200410,Passenger (Formerly Commuter),Class 3,"SMT-1 - Amtrak and Commuter East, some Tourist/Historic",LI,Long Island Rail Road,Not Assigned,Passenger (Formerly Commuter),Class 3,"SMT-1 - Amtrak and Commuter East, some Tourist/Historic",LI,Long Island Rail Road,Not Assigned,,,,,,,,,,,,0,Not a remotely controlled operation,,0.0,0.0,,,0,0,,,,,,,,,,,,,,
LI,Long Island Rail Road,2004,GR20041101,04,11,LI,Long Island Rail Road,GR20041101,04,11,16,2004-11-16,11:47 AM,07,Hwy-rail crossing,0.0,0.0,0.0,0.0,SYSTEM,SYSTEM,DEERPARK,38.2,36,NY,NEW YORK,103,SUFFOLK,1,50.0,2,Day,1,Clear,1,Main,MAINLINE #1,4,4,West,2,Passenger Train - Pulling,Yes,LIEX,75,Estimated,75,0.0,DEHM,LI,007335,1,No,,,0,,No,1.0,0.0,0.0,0.0,0.0,0.0,0.0,0.0,0.0,0.0,0.0,0.0,0.0,5.0,0.0,0.0,0.0,0.0,0.0,0.0,125000.0,1200.0,126200.0,M304,Highway user cited for violation of highway-rail grade crossing traffic laws,M304,Highway user cited for violation of highway-rail grade crossing traffic laws,1,1,1,4,15,4,15,0.0,0.0,0.0,0.0,0.0,0.0,0.0,0.0,0.0,0.0,0.0,0.0,"VEHICLE OPERATOR WENT AROUND LOWERED GATES - ATTEMPTED TO BEAT THE TRAIN.  LONG ISLAND EXTRA 7335-TEST TRAIN MOVING WEST AT 75 MPH, STRUCK VEHICLE IN REAR QUARTER.  SPUN CLEAR OF THE TRACKS.  NO INJURIES REPORTED.",Main,4,3L,3L,1,LIGR20041101200411,LIGR20041101200411,Passenger (Formerly Commuter),Class 3,"SMT-1 - Amtrak and Commuter East, some Tourist/Historic",LI,Long Island Rail Road,Not Assigned,Passenger (Formerly Commuter),Class 3,"SMT-1 - Amtrak and Commuter East, some Tourist/Historic",LI,Long Island Rail Road,Not Assigned,,0,338164D,,,,,,,,,0,Not a remotely controlled operation,,0.0,0.0,,,,,,,,,,,,,,,,,,
LI,Long Island Rail Road,2004,GR20041101,04,11,LI,Long Island Rail Road,GR20041101,04,11,16,2004-11-16,11:47 AM,07,Hwy-rail crossing,0.0,0.0,0.0,0.0,SYSTEM,SYSTEM,DEERPARK,38.2,36,NY,NEW YORK,103,SUFFOLK,1,50.0,2,Day,1,Clear,1,Main,MAINLINE #1,4,4,West,2,Passenger Train - Pulling,Yes,LIEX,75,Estimated,75,0.0,DEHM,LI,007335,1,No,,,0,,No,1.0,0.0,0.0,0.0,0.0,0.0,0.0,0.0,0.0,0.0,0.0,0.0,0.0,5.0,0.0,0.0,0.0,0.0,0.0,0.0,125000.0,1200.0,126200.0,M304,Highway user cited for violation of highway-rail grade crossing traffic laws,M304,Highway user cited for violation of highway-rail grade crossing traffic laws,1,1,1,4,15,4,15,0.0,0.0,0.0,0.0,0.0,0.0,0.0,0.0,0.0,0.0,0.0,0.0,"VEHICLE OPERATOR WENT AROUND LOWERED GATES - ATTEMPTED TO BEAT THE TRAIN.  LONG ISLAND EXTRA 7335-TEST TRAIN MOVING WEST AT 75 MPH, STRUCK VEHICLE IN REAR QUARTER.  SPUN CLEAR OF THE TRACKS.  NO INJURIES REPORTED.",Main,4,3L,3L,1,LIGR20041101200411,LIGR20041101200411,Passenger (Formerly Commuter),Class 3,"SMT-1 - Amtrak and Commuter East, some Tourist/Historic",LI,Long Island Rail Road,Not Assigned,Passenger (Formerly Commuter),Class 3,"SMT-1 - Amtrak and Commuter East, some Tourist/Historic",LI,Long Island Rail Road,Not Assigned,,0,338164D,,,,,,,,,0,Not a remotely controlled operation,,0.0,0.0,,,,,,,,,,,,,,,,,,
LI,Long Island Rail Road,2004,EQ20041201,04,12,LI,Long Island Rail Road,EQ20041201,04,12,21,2004-12-21,8:31 PM,01,Derailment,0.0,0.0,0.0,0.0,SYSTEM,SYSTEM,SPEONK,71,36,NY,NEW YORK,103,SUFFOLK,1,35.0,4,Dark,1,Clear,2,Yard,#3 YARD TRACK,1,3,East,7,Yard/switching,Yes,5734,5,Estimated,5,0.0,LM,LI,004134,3,No,,,0,,No,1.0,0.0,0.0,0.0,0.0,0.0,0.0,0.0,0.0,0.0,0.0,0.0,0.0,3.0,0.0,0.0,0.0,0.0,1.0,0.0,28740.0,5715.0,34455.0,H303,"Derail, failure to apply or remove",H303,"Derail, failure to apply or remove",1,1,1,4,40,4,40,0.0,0.0,0.0,0.0,0.0,0.0,0.0,0.0,0.0,0.0,0.0,0.0,"WHILE PULLING INTO SPEONK YARD - OFF THE MAIN, CREW RESTORED MAIN TRACK SWITCH - CONNECTED TO DERAIL, PRIOR TO TRAIN CLEARING THE DERAIL.  RESTORED DERAIL CAME UP ON RAIL BELOW THE CAR CAUSING IT TO DERAIL.  FAILURE OF THE CREW TO PROPERLY CLEAR THE TRAIN BEFORE RESTORING SWITCH.",Yard,1,3L,3L,1,LIEQ20041201200412,LIEQ20041201200412,Passenger (Formerly Commuter),Class 3,"SMT-1 - Amtrak and Commuter East, some Tourist/Historic",LI,Long Island Rail Road,Not Assigned,Passenger (Formerly Commuter),Class 3,"SMT-1 - Amtrak and Commuter East, some Tourist/Historic",LI,Long Island Rail Road,Not Assigned,.,0,,,,,,,,,,0,Not a remotely controlled operation,,0.0,0.0,,,0,0,,,,,,,,,,,,,,
LI,Long Island Rail Road,2004,EQ20041203,04,12,LI,Long Island Rail Road,EQ20041203,04,12,29,2004-12-29,6:44 AM,09,Obstruction,0.0,0.0,0.0,0.0,SYSTEM,SYSTEM,FAR ROCKAWAY,20.3,36,NY,NEW YORK,59,NASSAU,1,37.0,1,Dawn,2,Cloudy,2,Yard,#2 STATION,1,3,East,7,Yard/switching,Yes,2813,4,Estimated,4,0.0,LM,LI,007316,1,No,,,0,,No,1.0,0.0,0.0,0.0,0.0,0.0,0.0,0.0,0.0,0.0,0.0,0.0,0.0,9.0,0.0,0.0,0.0,0.0,0.0,0.0,11200.0,480.0,11680.0,H307,"Shoving movement, man on or at leading end of movement, failure to control",H307,"Shoving movement, man on or at leading end of movement, failure to control",1,1,1,3,33,3,33,0.0,0.0,0.0,0.0,0.0,0.0,0.0,0.0,0.0,0.0,0.0,0.0,"WHILE MAKING AN EASTWARD SHOVING MOVE INTO THE NO 2 YARD TRACK TO NO. 2 STATION TRACK, FAILED TO CONTROL MOVE ALLOWING CAR 7316 TO STRIKE BUMPER BLOCK CAUSING DAMAGE TO COUPLER ASSEMBLY AND DERAIL.",Yard,1,3L,3L,1,LIEQ20041203200412,LIEQ20041203200412,Passenger (Formerly Commuter),Class 3,"SMT-1 - Amtrak and Commuter East, some Tourist/Historic",LI,Long Island Rail Road,Not Assigned,Passenger (Formerly Commuter),Class 3,"SMT-1 - Amtrak and Commuter East, some Tourist/Historic",LI,Long Island Rail Road,Not Assigned,,0,,,,,,,,,,0,Not a remotely controlled operation,,0.0,0.0,,,0,0,,,,,,,,,,,,,,